0 verbose cli /Users/mac/Library/Application Support/crawbot/nodejs/bin/node /Users/mac/Library/Application Support/crawbot/nodejs/bin/npm
1 info using npm@10.9.4
2 info using node@v22.22.1
3 silly config load:file:/Users/mac/Library/Application Support/crawbot/nodejs/lib/node_modules/npm/npmrc
4 silly config load:file:/Users/mac/Documents/work/saas/.npmrc
5 silly config load:file:/Users/mac/.npmrc
6 silly config load:file:/Users/mac/Library/Application Support/crawbot/nodejs/etc/npmrc
7 verbose title npm install
8 verbose argv "install" "--legacy-peer-deps" "--cache" "/Users/mac/Documents/work/saas/.npm-cache"
9 verbose logfile logs-max:10 dir:/Users/mac/Documents/work/saas/.npm-cache/_logs/2026-05-26T14_53_12_731Z-
10 verbose logfile /Users/mac/Documents/work/saas/.npm-cache/_logs/2026-05-26T14_53_12_731Z-debug-0.log
11 silly logfile done cleaning log files
12 silly packumentCache heap:4345298944 maxSize:1086324736 maxEntrySize:543162368
13 silly idealTree buildDeps
14 silly fetch manifest next@16.2.6
15 silly packumentCache full:https://registry.npmjs.org/next cache-miss
16 http fetch GET 200 https://registry.npmjs.org/npm 241ms
17 http fetch GET 200 https://registry.npmjs.org/next 811ms (cache miss)
18 silly packumentCache full:https://registry.npmjs.org/next set size:undefined disposed:false
19 silly fetch manifest react@19.2.4
20 silly packumentCache full:https://registry.npmjs.org/react cache-miss
21 http fetch GET 200 https://registry.npmjs.org/react 244ms (cache miss)
22 silly packumentCache full:https://registry.npmjs.org/react set size:undefined disposed:false
23 silly fetch manifest react-dom@19.2.4
24 silly packumentCache full:https://registry.npmjs.org/react-dom cache-miss
25 http fetch GET 200 https://registry.npmjs.org/react-dom 286ms (cache miss)
26 silly packumentCache full:https://registry.npmjs.org/react-dom set size:undefined disposed:false
27 silly fetch manifest @tailwindcss/postcss@^4
28 silly packumentCache full:https://registry.npmjs.org/@tailwindcss%2fpostcss cache-miss
29 http fetch GET 200 https://registry.npmjs.org/@tailwindcss%2fpostcss 133ms (cache miss)
30 silly packumentCache full:https://registry.npmjs.org/@tailwindcss%2fpostcss set size:undefined disposed:false
31 silly fetch manifest @types/node@^20
32 silly packumentCache full:https://registry.npmjs.org/@types%2fnode cache-miss
33 http fetch GET 200 https://registry.npmjs.org/@types%2fnode 264ms (cache miss)
34 silly packumentCache full:https://registry.npmjs.org/@types%2fnode set size:undefined disposed:false
35 silly fetch manifest @types/react@^19
36 silly packumentCache full:https://registry.npmjs.org/@types%2freact cache-miss
37 http fetch GET 200 https://registry.npmjs.org/@types%2freact 130ms (cache miss)
38 silly packumentCache full:https://registry.npmjs.org/@types%2freact set size:undefined disposed:false
39 silly fetch manifest @types/react-dom@^19
40 silly packumentCache full:https://registry.npmjs.org/@types%2freact-dom cache-miss
41 http fetch GET 200 https://registry.npmjs.org/@types%2freact-dom 92ms (cache miss)
42 silly packumentCache full:https://registry.npmjs.org/@types%2freact-dom set size:undefined disposed:false
43 silly fetch manifest eslint@^9
44 silly packumentCache full:https://registry.npmjs.org/eslint cache-miss
45 http fetch GET 200 https://registry.npmjs.org/eslint 99ms (cache miss)
46 silly packumentCache full:https://registry.npmjs.org/eslint set size:undefined disposed:false
47 silly fetch manifest eslint-config-next@16.2.6
48 silly packumentCache full:https://registry.npmjs.org/eslint-config-next cache-miss
49 http fetch GET 200 https://registry.npmjs.org/eslint-config-next 245ms (cache miss)
50 silly packumentCache full:https://registry.npmjs.org/eslint-config-next set size:undefined disposed:false
51 silly fetch manifest tailwindcss@^4
52 silly packumentCache full:https://registry.npmjs.org/tailwindcss cache-miss
53 http fetch GET 200 https://registry.npmjs.org/tailwindcss 305ms (cache miss)
54 silly packumentCache full:https://registry.npmjs.org/tailwindcss set size:undefined disposed:false
55 silly fetch manifest typescript@^5
56 silly packumentCache full:https://registry.npmjs.org/typescript cache-miss
57 http fetch GET 200 https://registry.npmjs.org/typescript 366ms (cache miss)
58 silly packumentCache full:https://registry.npmjs.org/typescript set size:undefined disposed:false
59 silly placeDep ROOT @tailwindcss/postcss@4.3.0 OK for: saas@0.1.0 want: ^4
60 silly placeDep ROOT @types/node@20.19.41 OK for: saas@0.1.0 want: ^20
61 silly placeDep ROOT @types/react@19.2.15 OK for: saas@0.1.0 want: ^19
62 silly placeDep ROOT @types/react-dom@19.2.3 OK for: saas@0.1.0 want: ^19
63 silly placeDep ROOT eslint@9.39.4 OK for: saas@0.1.0 want: ^9
64 silly placeDep ROOT eslint-config-next@16.2.6 OK for: saas@0.1.0 want: 16.2.6
65 silly placeDep ROOT next@16.2.6 OK for: saas@0.1.0 want: 16.2.6
66 silly placeDep ROOT react@19.2.4 OK for: saas@0.1.0 want: 19.2.4
67 silly placeDep ROOT react-dom@19.2.4 OK for: saas@0.1.0 want: 19.2.4
68 silly placeDep ROOT tailwindcss@4.3.0 OK for: saas@0.1.0 want: ^4
69 silly placeDep ROOT typescript@5.9.3 OK for: saas@0.1.0 want: ^5
70 silly fetch manifest postcss@^8.5.10
71 silly packumentCache full:https://registry.npmjs.org/postcss cache-miss
72 silly fetch manifest tailwindcss@4.3.0
73 silly packumentCache full:https://registry.npmjs.org/tailwindcss cache-miss
74 silly fetch manifest @alloc/quick-lru@^5.2.0
75 silly packumentCache full:https://registry.npmjs.org/@alloc%2fquick-lru cache-miss
76 silly fetch manifest @tailwindcss/node@4.3.0
77 silly packumentCache full:https://registry.npmjs.org/@tailwindcss%2fnode cache-miss
78 silly fetch manifest @tailwindcss/oxide@4.3.0
79 silly packumentCache full:https://registry.npmjs.org/@tailwindcss%2foxide cache-miss
80 silly fetch manifest undici-types@~6.21.0
81 silly packumentCache full:https://registry.npmjs.org/undici-types cache-miss
82 silly fetch manifest csstype@^3.2.2
83 silly packumentCache full:https://registry.npmjs.org/csstype cache-miss
84 silly fetch manifest ajv@^6.14.0
85 silly packumentCache full:https://registry.npmjs.org/ajv cache-miss
86 silly fetch manifest chalk@^4.0.0
87 silly packumentCache full:https://registry.npmjs.org/chalk cache-miss
88 http cache https://registry.npmjs.org/tailwindcss 25ms (cache hit)
89 silly packumentCache full:https://registry.npmjs.org/tailwindcss set size:10565112 disposed:false
90 silly fetch manifest debug@^4.3.2
91 silly packumentCache full:https://registry.npmjs.org/debug cache-miss
92 http fetch GET 200 https://registry.npmjs.org/postcss 84ms (cache miss)
93 silly packumentCache full:https://registry.npmjs.org/postcss set size:undefined disposed:false
94 silly fetch manifest espree@^10.4.0
95 silly packumentCache full:https://registry.npmjs.org/espree cache-miss
96 http fetch GET 200 https://registry.npmjs.org/@alloc%2fquick-lru 93ms (cache miss)
97 silly packumentCache full:https://registry.npmjs.org/@alloc%2fquick-lru set size:undefined disposed:false
98 silly fetch manifest ignore@^5.2.0
99 silly packumentCache full:https://registry.npmjs.org/ignore cache-miss
100 http fetch GET 200 https://registry.npmjs.org/espree 63ms (cache miss)
101 silly packumentCache full:https://registry.npmjs.org/espree set size:undefined disposed:false
102 silly fetch manifest esquery@^1.5.0
103 silly packumentCache full:https://registry.npmjs.org/esquery cache-miss
104 http fetch GET 200 https://registry.npmjs.org/ignore 74ms (cache miss)
105 silly packumentCache full:https://registry.npmjs.org/ignore set size:undefined disposed:false
106 silly fetch manifest esutils@^2.0.2
107 silly packumentCache full:https://registry.npmjs.org/esutils cache-miss
108 http fetch GET 200 https://registry.npmjs.org/esquery 51ms (cache miss)
109 silly packumentCache full:https://registry.npmjs.org/esquery set size:undefined disposed:false
110 silly fetch manifest find-up@^5.0.0
111 silly packumentCache full:https://registry.npmjs.org/find-up cache-miss
112 http fetch GET 200 https://registry.npmjs.org/esutils 71ms (cache miss)
113 silly packumentCache full:https://registry.npmjs.org/esutils set size:undefined disposed:false
114 silly fetch manifest is-glob@^4.0.0
115 silly packumentCache full:https://registry.npmjs.org/is-glob cache-miss
116 http fetch GET 200 https://registry.npmjs.org/ajv 256ms (cache miss)
117 silly packumentCache full:https://registry.npmjs.org/ajv set size:undefined disposed:false
118 silly fetch manifest minimatch@^3.1.5
119 silly packumentCache full:https://registry.npmjs.org/minimatch cache-miss
120 http fetch GET 200 https://registry.npmjs.org/chalk 265ms (cache miss)
121 silly packumentCache full:https://registry.npmjs.org/chalk set size:undefined disposed:false
122 silly fetch manifest @eslint/js@9.39.4
123 silly packumentCache full:https://registry.npmjs.org/@eslint%2fjs cache-miss
124 http fetch GET 200 https://registry.npmjs.org/find-up 62ms (cache miss)
125 silly packumentCache full:https://registry.npmjs.org/find-up set size:undefined disposed:false
126 silly fetch manifest optionator@^0.9.3
127 silly packumentCache full:https://registry.npmjs.org/optionator cache-miss
128 http fetch GET 200 https://registry.npmjs.org/undici-types 272ms (cache miss)
129 silly packumentCache full:https://registry.npmjs.org/undici-types set size:undefined disposed:false
130 silly fetch manifest cross-spawn@^7.0.6
131 silly packumentCache full:https://registry.npmjs.org/cross-spawn cache-miss
132 http fetch GET 200 https://registry.npmjs.org/debug 230ms (cache miss)
133 silly packumentCache full:https://registry.npmjs.org/debug set size:undefined disposed:false
134 silly fetch manifest glob-parent@^6.0.2
135 silly packumentCache full:https://registry.npmjs.org/glob-parent cache-miss
136 http fetch GET 200 https://registry.npmjs.org/is-glob 69ms (cache miss)
137 silly packumentCache full:https://registry.npmjs.org/is-glob set size:undefined disposed:false
138 silly fetch manifest imurmurhash@^0.1.4
139 silly packumentCache full:https://registry.npmjs.org/imurmurhash cache-miss
140 http fetch GET 200 https://registry.npmjs.org/minimatch 76ms (cache miss)
141 silly packumentCache full:https://registry.npmjs.org/minimatch set size:undefined disposed:false
142 silly fetch manifest @eslint/core@^0.17.0
143 silly packumentCache full:https://registry.npmjs.org/@eslint%2fcore cache-miss
144 http fetch GET 200 https://registry.npmjs.org/csstype 344ms (cache miss)
145 silly packumentCache full:https://registry.npmjs.org/csstype set size:undefined disposed:false
146 silly fetch manifest eslint-scope@^8.4.0
147 silly packumentCache full:https://registry.npmjs.org/eslint-scope cache-miss
148 http fetch GET 200 https://registry.npmjs.org/optionator 85ms (cache miss)
149 silly packumentCache full:https://registry.npmjs.org/optionator set size:undefined disposed:false
150 silly fetch manifest lodash.merge@^4.6.2
151 silly packumentCache full:https://registry.npmjs.org/lodash.merge cache-miss
152 http fetch GET 200 https://registry.npmjs.org/glob-parent 70ms (cache miss)
153 silly packumentCache full:https://registry.npmjs.org/glob-parent set size:undefined disposed:false
154 silly fetch manifest @humanfs/node@^0.16.6
155 silly packumentCache full:https://registry.npmjs.org/@humanfs%2fnode cache-miss
156 http fetch GET 200 https://registry.npmjs.org/cross-spawn 104ms (cache miss)
157 silly packumentCache full:https://registry.npmjs.org/cross-spawn set size:undefined disposed:false
158 silly fetch manifest @types/estree@^1.0.6
159 silly packumentCache full:https://registry.npmjs.org/@types%2festree cache-miss
160 http fetch GET 200 https://registry.npmjs.org/imurmurhash 71ms (cache miss)
161 silly packumentCache full:https://registry.npmjs.org/imurmurhash set size:undefined disposed:false
162 silly fetch manifest fast-deep-equal@^3.1.3
163 silly packumentCache full:https://registry.npmjs.org/fast-deep-equal cache-miss
164 http fetch GET 200 https://registry.npmjs.org/@eslint%2fjs 129ms (cache miss)
165 silly packumentCache full:https://registry.npmjs.org/@eslint%2fjs set size:undefined disposed:false
166 silly fetch manifest natural-compare@^1.4.0
167 silly packumentCache full:https://registry.npmjs.org/natural-compare cache-miss
168 http fetch GET 200 https://registry.npmjs.org/@tailwindcss%2fnode 399ms (cache miss)
169 silly packumentCache full:https://registry.npmjs.org/@tailwindcss%2fnode set size:undefined disposed:false
170 silly fetch manifest @eslint/eslintrc@^3.3.5
171 silly packumentCache full:https://registry.npmjs.org/@eslint%2feslintrc cache-miss
172 http fetch GET 200 https://registry.npmjs.org/lodash.merge 60ms (cache miss)
173 silly packumentCache full:https://registry.npmjs.org/lodash.merge set size:undefined disposed:false
174 silly fetch manifest file-entry-cache@^8.0.0
175 silly packumentCache full:https://registry.npmjs.org/file-entry-cache cache-miss
176 http fetch GET 200 https://registry.npmjs.org/@eslint%2fcore 77ms (cache miss)
177 silly packumentCache full:https://registry.npmjs.org/@eslint%2fcore set size:undefined disposed:false
178 silly fetch manifest @eslint/plugin-kit@^0.4.1
179 silly packumentCache full:https://registry.npmjs.org/@eslint%2fplugin-kit cache-miss
180 http fetch GET 200 https://registry.npmjs.org/@tailwindcss%2foxide 419ms (cache miss)
181 silly packumentCache full:https://registry.npmjs.org/@tailwindcss%2foxide set size:undefined disposed:false
182 silly fetch manifest eslint-visitor-keys@^4.2.1
183 silly packumentCache full:https://registry.npmjs.org/eslint-visitor-keys cache-miss
184 http fetch GET 200 https://registry.npmjs.org/eslint-scope 87ms (cache miss)
185 silly packumentCache full:https://registry.npmjs.org/eslint-scope set size:undefined disposed:false
186 silly fetch manifest @eslint/config-array@^0.21.2
187 silly packumentCache full:https://registry.npmjs.org/@eslint%2fconfig-array cache-miss
188 http fetch GET 200 https://registry.npmjs.org/@humanfs%2fnode 83ms (cache miss)
189 silly packumentCache full:https://registry.npmjs.org/@humanfs%2fnode set size:undefined disposed:false
190 silly fetch manifest @humanwhocodes/retry@^0.4.2
191 silly packumentCache full:https://registry.npmjs.org/@humanwhocodes%2fretry cache-miss
192 http fetch GET 200 https://registry.npmjs.org/natural-compare 69ms (cache miss)
193 silly packumentCache full:https://registry.npmjs.org/natural-compare set size:undefined disposed:false
194 silly fetch manifest escape-string-regexp@^4.0.0
195 silly packumentCache full:https://registry.npmjs.org/escape-string-regexp cache-miss
196 http fetch GET 200 https://registry.npmjs.org/fast-deep-equal 90ms (cache miss)
197 silly packumentCache full:https://registry.npmjs.org/fast-deep-equal set size:undefined disposed:false
198 silly fetch manifest @eslint/config-helpers@^0.4.2
199 silly packumentCache full:https://registry.npmjs.org/@eslint%2fconfig-helpers cache-miss
200 http fetch GET 200 https://registry.npmjs.org/@types%2festree 99ms (cache miss)
201 silly packumentCache full:https://registry.npmjs.org/@types%2festree set size:undefined disposed:false
202 silly fetch manifest @eslint-community/regexpp@^4.12.1
203 silly packumentCache full:https://registry.npmjs.org/@eslint-community%2fregexpp cache-miss
204 http fetch GET 200 https://registry.npmjs.org/file-entry-cache 66ms (cache miss)
205 silly packumentCache full:https://registry.npmjs.org/file-entry-cache set size:undefined disposed:false
206 silly fetch manifest @eslint-community/eslint-utils@^4.8.0
207 silly packumentCache full:https://registry.npmjs.org/@eslint-community%2feslint-utils cache-miss
208 http fetch GET 200 https://registry.npmjs.org/@eslint%2fplugin-kit 75ms (cache miss)
209 silly packumentCache full:https://registry.npmjs.org/@eslint%2fplugin-kit set size:undefined disposed:false
210 silly fetch manifest @humanwhocodes/module-importer@^1.0.1
211 silly packumentCache full:https://registry.npmjs.org/@humanwhocodes%2fmodule-importer cache-miss
212 http fetch GET 200 https://registry.npmjs.org/@eslint%2feslintrc 88ms (cache miss)
213 silly packumentCache full:https://registry.npmjs.org/@eslint%2feslintrc set size:undefined disposed:false
214 silly fetch manifest json-stable-stringify-without-jsonify@^1.0.1
215 silly packumentCache full:https://registry.npmjs.org/json-stable-stringify-without-jsonify cache-miss
216 http fetch GET 200 https://registry.npmjs.org/eslint-visitor-keys 68ms (cache miss)
217 silly packumentCache full:https://registry.npmjs.org/eslint-visitor-keys set size:undefined disposed:false
218 silly fetch manifest globals@16.4.0
219 silly packumentCache full:https://registry.npmjs.org/globals cache-miss
220 http fetch GET 200 https://registry.npmjs.org/@humanwhocodes%2fretry 79ms (cache miss)
221 silly packumentCache full:https://registry.npmjs.org/@humanwhocodes%2fretry set size:undefined disposed:false
222 silly fetch manifest typescript-eslint@^8.46.0
223 silly packumentCache full:https://registry.npmjs.org/typescript-eslint cache-miss
224 http fetch GET 200 https://registry.npmjs.org/@eslint%2fconfig-array 96ms (cache miss)
225 silly packumentCache full:https://registry.npmjs.org/@eslint%2fconfig-array set size:undefined disposed:false
226 silly fetch manifest eslint-plugin-react@^7.37.0
227 silly packumentCache full:https://registry.npmjs.org/eslint-plugin-react cache-miss
228 http fetch GET 200 https://registry.npmjs.org/escape-string-regexp 67ms (cache miss)
229 silly packumentCache full:https://registry.npmjs.org/escape-string-regexp set size:undefined disposed:false
230 silly fetch manifest eslint-plugin-import@^2.32.0
231 silly packumentCache full:https://registry.npmjs.org/eslint-plugin-import cache-miss
232 http fetch GET 200 https://registry.npmjs.org/json-stable-stringify-without-jsonify 61ms (cache miss)
233 silly packumentCache full:https://registry.npmjs.org/json-stable-stringify-without-jsonify set size:undefined disposed:false
234 silly fetch manifest eslint-plugin-jsx-a11y@^6.10.0
235 silly packumentCache full:https://registry.npmjs.org/eslint-plugin-jsx-a11y cache-miss
236 http fetch GET 200 https://registry.npmjs.org/@eslint-community%2fregexpp 76ms (cache miss)
237 silly packumentCache full:https://registry.npmjs.org/@eslint-community%2fregexpp set size:undefined disposed:false
238 silly fetch manifest @next/eslint-plugin-next@16.2.6
239 silly packumentCache full:https://registry.npmjs.org/@next%2feslint-plugin-next cache-miss
240 http fetch GET 200 https://registry.npmjs.org/@eslint%2fconfig-helpers 93ms (cache miss)
241 silly packumentCache full:https://registry.npmjs.org/@eslint%2fconfig-helpers set size:undefined disposed:false
242 silly fetch manifest eslint-plugin-react-hooks@^7.0.0
243 silly packumentCache full:https://registry.npmjs.org/eslint-plugin-react-hooks cache-miss
244 http fetch GET 200 https://registry.npmjs.org/@eslint-community%2feslint-utils 95ms (cache miss)
245 silly packumentCache full:https://registry.npmjs.org/@eslint-community%2feslint-utils set size:undefined disposed:false
246 silly fetch manifest eslint-import-resolver-node@^0.3.6
247 silly packumentCache full:https://registry.npmjs.org/eslint-import-resolver-node cache-miss
248 http fetch GET 200 https://registry.npmjs.org/globals 81ms (cache miss)
249 silly packumentCache full:https://registry.npmjs.org/globals set size:undefined disposed:false
250 silly fetch manifest eslint-import-resolver-typescript@^3.5.2
251 silly packumentCache full:https://registry.npmjs.org/eslint-import-resolver-typescript cache-miss
252 http fetch GET 200 https://registry.npmjs.org/@humanwhocodes%2fmodule-importer 90ms (cache miss)
253 silly packumentCache full:https://registry.npmjs.org/@humanwhocodes%2fmodule-importer set size:undefined disposed:false
254 silly fetch manifest postcss@8.4.31
255 silly packumentCache full:https://registry.npmjs.org/postcss cache-miss
256 http cache https://registry.npmjs.org/postcss 2ms (cache hit)
257 silly packumentCache full:https://registry.npmjs.org/postcss set size:723316 disposed:false
258 silly fetch manifest @next/env@16.2.6
259 silly packumentCache full:https://registry.npmjs.org/@next%2fenv cache-miss
260 http fetch GET 200 https://registry.npmjs.org/eslint-plugin-import 101ms (cache miss)
261 silly packumentCache full:https://registry.npmjs.org/eslint-plugin-import set size:undefined disposed:false
262 silly fetch manifest styled-jsx@5.1.6
263 silly packumentCache full:https://registry.npmjs.org/styled-jsx cache-miss
264 http fetch GET 200 https://registry.npmjs.org/eslint-import-resolver-node 78ms (cache miss)
265 silly packumentCache full:https://registry.npmjs.org/eslint-import-resolver-node set size:undefined disposed:false
266 silly fetch manifest @swc/helpers@0.5.15
267 silly packumentCache full:https://registry.npmjs.org/@swc%2fhelpers cache-miss
268 http fetch GET 200 https://registry.npmjs.org/eslint-import-resolver-typescript 76ms (cache miss)
269 silly packumentCache full:https://registry.npmjs.org/eslint-import-resolver-typescript set size:undefined disposed:false
270 silly fetch manifest caniuse-lite@^1.0.30001579
271 silly packumentCache full:https://registry.npmjs.org/caniuse-lite cache-miss
272 http fetch GET 200 https://registry.npmjs.org/styled-jsx 125ms (cache miss)
273 silly packumentCache full:https://registry.npmjs.org/styled-jsx set size:undefined disposed:false
274 silly fetch manifest baseline-browser-mapping@^2.9.19
275 silly packumentCache full:https://registry.npmjs.org/baseline-browser-mapping cache-miss
276 http fetch GET 200 https://registry.npmjs.org/eslint-plugin-jsx-a11y 234ms (cache miss)
277 silly packumentCache full:https://registry.npmjs.org/eslint-plugin-jsx-a11y set size:undefined disposed:false
278 silly fetch manifest sharp@^0.34.5
279 silly packumentCache full:https://registry.npmjs.org/sharp cache-miss
280 http fetch GET 200 https://registry.npmjs.org/eslint-plugin-react 295ms (cache miss)
281 silly packumentCache full:https://registry.npmjs.org/eslint-plugin-react set size:undefined disposed:false
282 silly fetch manifest @next/swc-darwin-x64@16.2.6
283 silly packumentCache full:https://registry.npmjs.org/@next%2fswc-darwin-x64 cache-miss
284 http fetch GET 200 https://registry.npmjs.org/eslint-plugin-react-hooks 266ms (cache miss)
285 silly packumentCache full:https://registry.npmjs.org/eslint-plugin-react-hooks set size:undefined disposed:false
286 silly fetch manifest @next/swc-darwin-arm64@16.2.6
287 silly packumentCache full:https://registry.npmjs.org/@next%2fswc-darwin-arm64 cache-miss
288 http fetch GET 200 https://registry.npmjs.org/baseline-browser-mapping 125ms (cache miss)
289 silly packumentCache full:https://registry.npmjs.org/baseline-browser-mapping set size:undefined disposed:false
290 silly fetch manifest @next/swc-linux-x64-gnu@16.2.6
291 silly packumentCache full:https://registry.npmjs.org/@next%2fswc-linux-x64-gnu cache-miss
292 http fetch GET 200 https://registry.npmjs.org/caniuse-lite 255ms (cache miss)
293 silly packumentCache full:https://registry.npmjs.org/caniuse-lite set size:undefined disposed:false
294 silly fetch manifest @next/swc-linux-x64-musl@16.2.6
295 silly packumentCache full:https://registry.npmjs.org/@next%2fswc-linux-x64-musl cache-miss
296 http fetch GET 200 https://registry.npmjs.org/typescript-eslint 403ms (cache miss)
297 silly packumentCache full:https://registry.npmjs.org/typescript-eslint set size:undefined disposed:false
298 silly fetch manifest @next/swc-win32-x64-msvc@16.2.6
299 silly packumentCache full:https://registry.npmjs.org/@next%2fswc-win32-x64-msvc cache-miss
300 http fetch GET 200 https://registry.npmjs.org/@swc%2fhelpers 289ms (cache miss)
301 silly packumentCache full:https://registry.npmjs.org/@swc%2fhelpers set size:undefined disposed:false
302 silly fetch manifest @next/swc-linux-arm64-gnu@16.2.6
303 silly packumentCache full:https://registry.npmjs.org/@next%2fswc-linux-arm64-gnu cache-miss
304 http fetch GET 200 https://registry.npmjs.org/sharp 164ms (cache miss)
305 silly packumentCache full:https://registry.npmjs.org/sharp set size:undefined disposed:false
306 silly fetch manifest @next/swc-linux-arm64-musl@16.2.6
307 silly packumentCache full:https://registry.npmjs.org/@next%2fswc-linux-arm64-musl cache-miss
308 http fetch GET 200 https://registry.npmjs.org/@next%2feslint-plugin-next 418ms (cache miss)
309 silly packumentCache full:https://registry.npmjs.org/@next%2feslint-plugin-next set size:undefined disposed:false
310 silly fetch manifest @next/swc-win32-arm64-msvc@16.2.6
311 silly packumentCache full:https://registry.npmjs.org/@next%2fswc-win32-arm64-msvc cache-miss
312 http fetch GET 200 https://registry.npmjs.org/@next%2fenv 463ms (cache miss)
313 silly packumentCache full:https://registry.npmjs.org/@next%2fenv set size:undefined disposed:false
314 silly fetch manifest scheduler@^0.27.0
315 silly packumentCache full:https://registry.npmjs.org/scheduler cache-miss
316 http fetch GET 200 https://registry.npmjs.org/@next%2fswc-linux-arm64-gnu 267ms (cache miss)
317 silly packumentCache full:https://registry.npmjs.org/@next%2fswc-linux-arm64-gnu set size:undefined disposed:false
318 http fetch GET 200 https://registry.npmjs.org/@next%2fswc-win32-x64-msvc 297ms (cache miss)
319 silly packumentCache full:https://registry.npmjs.org/@next%2fswc-win32-x64-msvc set size:undefined disposed:false
320 http fetch GET 200 https://registry.npmjs.org/@next%2fswc-win32-arm64-msvc 282ms (cache miss)
321 silly packumentCache full:https://registry.npmjs.org/@next%2fswc-win32-arm64-msvc set size:undefined disposed:false
322 http fetch GET 200 https://registry.npmjs.org/@next%2fswc-darwin-x64 463ms (cache miss)
323 silly packumentCache full:https://registry.npmjs.org/@next%2fswc-darwin-x64 set size:undefined disposed:false
324 http fetch GET 200 https://registry.npmjs.org/@next%2fswc-darwin-arm64 474ms (cache miss)
325 silly packumentCache full:https://registry.npmjs.org/@next%2fswc-darwin-arm64 set size:undefined disposed:false
326 http fetch GET 200 https://registry.npmjs.org/@next%2fswc-linux-x64-musl 426ms (cache miss)
327 silly packumentCache full:https://registry.npmjs.org/@next%2fswc-linux-x64-musl set size:undefined disposed:false
328 http fetch GET 200 https://registry.npmjs.org/@next%2fswc-linux-x64-gnu 487ms (cache miss)
329 silly packumentCache full:https://registry.npmjs.org/@next%2fswc-linux-x64-gnu set size:undefined disposed:false
330 http fetch GET 200 https://registry.npmjs.org/scheduler 321ms (cache miss)
331 silly packumentCache full:https://registry.npmjs.org/scheduler set size:undefined disposed:false
332 http fetch GET 200 https://registry.npmjs.org/@next%2fswc-linux-arm64-musl 456ms (cache miss)
333 silly packumentCache full:https://registry.npmjs.org/@next%2fswc-linux-arm64-musl set size:undefined disposed:false
334 silly placeDep ROOT @alloc/quick-lru@5.2.0 OK for: @tailwindcss/postcss@4.3.0 want: ^5.2.0
335 silly placeDep ROOT @tailwindcss/node@4.3.0 OK for: @tailwindcss/postcss@4.3.0 want: 4.3.0
336 silly placeDep ROOT @tailwindcss/oxide@4.3.0 OK for: @tailwindcss/postcss@4.3.0 want: 4.3.0
337 silly placeDep ROOT postcss@8.5.15 OK for: @tailwindcss/postcss@4.3.0 want: ^8.5.10
338 silly fetch manifest jiti@^2.6.1
339 silly packumentCache full:https://registry.npmjs.org/jiti cache-miss
340 silly fetch manifest lightningcss@1.32.0
341 silly packumentCache full:https://registry.npmjs.org/lightningcss cache-miss
342 silly fetch manifest magic-string@^0.30.21
343 silly packumentCache full:https://registry.npmjs.org/magic-string cache-miss
344 silly fetch manifest source-map-js@^1.2.1
345 silly packumentCache full:https://registry.npmjs.org/source-map-js cache-miss
346 silly fetch manifest enhanced-resolve@^5.21.0
347 silly packumentCache full:https://registry.npmjs.org/enhanced-resolve cache-miss
348 silly fetch manifest @jridgewell/remapping@^2.3.5
349 silly packumentCache full:https://registry.npmjs.org/@jridgewell%2fremapping cache-miss
350 silly fetch manifest @tailwindcss/oxide-darwin-x64@4.3.0
351 silly packumentCache full:https://registry.npmjs.org/@tailwindcss%2foxide-darwin-x64 cache-miss
352 silly fetch manifest @tailwindcss/oxide-freebsd-x64@4.3.0
353 silly packumentCache full:https://registry.npmjs.org/@tailwindcss%2foxide-freebsd-x64 cache-miss
354 silly fetch manifest @tailwindcss/oxide-wasm32-wasi@4.3.0
355 silly packumentCache full:https://registry.npmjs.org/@tailwindcss%2foxide-wasm32-wasi cache-miss
356 http fetch GET 200 https://registry.npmjs.org/source-map-js 53ms (cache miss)
357 silly packumentCache full:https://registry.npmjs.org/source-map-js set size:undefined disposed:false
358 silly fetch manifest @tailwindcss/oxide-darwin-arm64@4.3.0
359 silly packumentCache full:https://registry.npmjs.org/@tailwindcss%2foxide-darwin-arm64 cache-miss
360 http fetch GET 200 https://registry.npmjs.org/lightningcss 61ms (cache miss)
361 silly packumentCache full:https://registry.npmjs.org/lightningcss set size:undefined disposed:false
362 silly fetch manifest @tailwindcss/oxide-android-arm64@4.3.0
363 silly packumentCache full:https://registry.npmjs.org/@tailwindcss%2foxide-android-arm64 cache-miss
364 http fetch GET 200 https://registry.npmjs.org/jiti 66ms (cache miss)
365 silly packumentCache full:https://registry.npmjs.org/jiti set size:undefined disposed:false
366 silly fetch manifest @tailwindcss/oxide-linux-x64-gnu@4.3.0
367 silly packumentCache full:https://registry.npmjs.org/@tailwindcss%2foxide-linux-x64-gnu cache-miss
368 http fetch GET 200 https://registry.npmjs.org/magic-string 83ms (cache miss)
369 silly packumentCache full:https://registry.npmjs.org/magic-string set size:undefined disposed:false
370 silly fetch manifest @tailwindcss/oxide-linux-x64-musl@4.3.0
371 silly packumentCache full:https://registry.npmjs.org/@tailwindcss%2foxide-linux-x64-musl cache-miss
372 http fetch GET 200 https://registry.npmjs.org/enhanced-resolve 92ms (cache miss)
373 silly packumentCache full:https://registry.npmjs.org/enhanced-resolve set size:undefined disposed:false
374 silly fetch manifest @tailwindcss/oxide-win32-x64-msvc@4.3.0
375 silly packumentCache full:https://registry.npmjs.org/@tailwindcss%2foxide-win32-x64-msvc cache-miss
376 http fetch GET 200 https://registry.npmjs.org/@jridgewell%2fremapping 94ms (cache miss)
377 silly packumentCache full:https://registry.npmjs.org/@jridgewell%2fremapping set size:undefined disposed:false
378 silly fetch manifest @tailwindcss/oxide-linux-arm64-gnu@4.3.0
379 silly packumentCache full:https://registry.npmjs.org/@tailwindcss%2foxide-linux-arm64-gnu cache-miss
380 http fetch GET 200 https://registry.npmjs.org/@tailwindcss%2foxide-wasm32-wasi 118ms (cache miss)
381 silly packumentCache full:https://registry.npmjs.org/@tailwindcss%2foxide-wasm32-wasi set size:undefined disposed:false
382 silly fetch manifest @tailwindcss/oxide-linux-arm64-musl@4.3.0
383 silly packumentCache full:https://registry.npmjs.org/@tailwindcss%2foxide-linux-arm64-musl cache-miss
384 http fetch GET 200 https://registry.npmjs.org/@tailwindcss%2foxide-freebsd-x64 139ms (cache miss)
385 silly packumentCache full:https://registry.npmjs.org/@tailwindcss%2foxide-freebsd-x64 set size:undefined disposed:false
386 silly fetch manifest @tailwindcss/oxide-win32-arm64-msvc@4.3.0
387 silly packumentCache full:https://registry.npmjs.org/@tailwindcss%2foxide-win32-arm64-msvc cache-miss
388 http fetch GET 200 https://registry.npmjs.org/@tailwindcss%2foxide-android-arm64 126ms (cache miss)
389 silly packumentCache full:https://registry.npmjs.org/@tailwindcss%2foxide-android-arm64 set size:undefined disposed:false
390 silly fetch manifest @tailwindcss/oxide-linux-arm-gnueabihf@4.3.0
391 silly packumentCache full:https://registry.npmjs.org/@tailwindcss%2foxide-linux-arm-gnueabihf cache-miss
392 http fetch GET 200 https://registry.npmjs.org/@tailwindcss%2foxide-darwin-x64 197ms (cache miss)
393 silly packumentCache full:https://registry.npmjs.org/@tailwindcss%2foxide-darwin-x64 set size:undefined disposed:false
394 silly fetch manifest nanoid@^3.3.12
395 silly packumentCache full:https://registry.npmjs.org/nanoid cache-miss
396 http fetch GET 200 https://registry.npmjs.org/@tailwindcss%2foxide-darwin-arm64 157ms (cache miss)
397 silly packumentCache full:https://registry.npmjs.org/@tailwindcss%2foxide-darwin-arm64 set size:undefined disposed:false
398 silly fetch manifest picocolors@^1.1.1
399 silly packumentCache full:https://registry.npmjs.org/picocolors cache-miss
400 http fetch GET 200 https://registry.npmjs.org/@tailwindcss%2foxide-linux-x64-gnu 160ms (cache miss)
401 silly packumentCache full:https://registry.npmjs.org/@tailwindcss%2foxide-linux-x64-gnu set size:undefined disposed:false
402 http fetch GET 200 https://registry.npmjs.org/@tailwindcss%2foxide-win32-arm64-msvc 120ms (cache miss)
403 silly packumentCache full:https://registry.npmjs.org/@tailwindcss%2foxide-win32-arm64-msvc set size:undefined disposed:false
404 http fetch GET 200 https://registry.npmjs.org/@tailwindcss%2foxide-win32-x64-msvc 188ms (cache miss)
405 silly packumentCache full:https://registry.npmjs.org/@tailwindcss%2foxide-win32-x64-msvc set size:undefined disposed:false
406 http fetch GET 200 https://registry.npmjs.org/nanoid 94ms (cache miss)
407 silly packumentCache full:https://registry.npmjs.org/nanoid set size:undefined disposed:false
408 http fetch GET 200 https://registry.npmjs.org/picocolors 84ms (cache miss)
409 silly packumentCache full:https://registry.npmjs.org/picocolors set size:undefined disposed:false
410 http fetch GET 200 https://registry.npmjs.org/@tailwindcss%2foxide-linux-arm64-musl 185ms (cache miss)
411 silly packumentCache full:https://registry.npmjs.org/@tailwindcss%2foxide-linux-arm64-musl set size:undefined disposed:false
412 http fetch GET 200 https://registry.npmjs.org/@tailwindcss%2foxide-linux-x64-musl 236ms (cache miss)
413 silly packumentCache full:https://registry.npmjs.org/@tailwindcss%2foxide-linux-x64-musl set size:undefined disposed:false
414 http fetch GET 200 https://registry.npmjs.org/@tailwindcss%2foxide-linux-arm64-gnu 239ms (cache miss)
415 silly packumentCache full:https://registry.npmjs.org/@tailwindcss%2foxide-linux-arm64-gnu set size:undefined disposed:false
416 http fetch GET 200 https://registry.npmjs.org/@tailwindcss%2foxide-linux-arm-gnueabihf 157ms (cache miss)
417 silly packumentCache full:https://registry.npmjs.org/@tailwindcss%2foxide-linux-arm-gnueabihf set size:undefined disposed:false
418 silly placeDep ROOT @jridgewell/remapping@2.3.5 OK for: @tailwindcss/node@4.3.0 want: ^2.3.5
419 silly placeDep ROOT enhanced-resolve@5.22.0 OK for: @tailwindcss/node@4.3.0 want: ^5.21.0
420 silly placeDep ROOT jiti@2.7.0 OK for: @tailwindcss/node@4.3.0 want: ^2.6.1
421 silly placeDep ROOT lightningcss@1.32.0 OK for: @tailwindcss/node@4.3.0 want: 1.32.0
422 silly placeDep ROOT magic-string@0.30.21 OK for: @tailwindcss/node@4.3.0 want: ^0.30.21
423 silly placeDep ROOT source-map-js@1.2.1 OK for: @tailwindcss/node@4.3.0 want: ^1.2.1
424 silly fetch manifest @jridgewell/gen-mapping@^0.3.5
425 silly packumentCache full:https://registry.npmjs.org/@jridgewell%2fgen-mapping cache-miss
426 silly fetch manifest @jridgewell/trace-mapping@^0.3.24
427 silly packumentCache full:https://registry.npmjs.org/@jridgewell%2ftrace-mapping cache-miss
428 silly fetch manifest graceful-fs@^4.2.4
429 silly packumentCache full:https://registry.npmjs.org/graceful-fs cache-miss
430 silly fetch manifest tapable@^2.3.3
431 silly packumentCache full:https://registry.npmjs.org/tapable cache-miss
432 silly fetch manifest detect-libc@^2.0.3
433 silly packumentCache full:https://registry.npmjs.org/detect-libc cache-miss
434 silly fetch manifest lightningcss-darwin-x64@1.32.0
435 silly packumentCache full:https://registry.npmjs.org/lightningcss-darwin-x64 cache-miss
436 silly fetch manifest lightningcss-linux-x64-gnu@1.32.0
437 silly packumentCache full:https://registry.npmjs.org/lightningcss-linux-x64-gnu cache-miss
438 silly fetch manifest lightningcss-win32-x64-msvc@1.32.0
439 silly packumentCache full:https://registry.npmjs.org/lightningcss-win32-x64-msvc cache-miss
440 silly fetch manifest lightningcss-win32-arm64-msvc@1.32.0
441 silly packumentCache full:https://registry.npmjs.org/lightningcss-win32-arm64-msvc cache-miss
442 http fetch GET 200 https://registry.npmjs.org/detect-libc 54ms (cache miss)
443 silly packumentCache full:https://registry.npmjs.org/detect-libc set size:undefined disposed:false
444 silly fetch manifest lightningcss-darwin-arm64@1.32.0
445 silly packumentCache full:https://registry.npmjs.org/lightningcss-darwin-arm64 cache-miss
446 http fetch GET 200 https://registry.npmjs.org/lightningcss-win32-arm64-msvc 58ms (cache miss)
447 silly packumentCache full:https://registry.npmjs.org/lightningcss-win32-arm64-msvc set size:undefined disposed:false
448 silly fetch manifest lightningcss-linux-arm64-gnu@1.32.0
449 silly packumentCache full:https://registry.npmjs.org/lightningcss-linux-arm64-gnu cache-miss
450 http fetch GET 200 https://registry.npmjs.org/lightningcss-linux-x64-gnu 60ms (cache miss)
451 silly packumentCache full:https://registry.npmjs.org/lightningcss-linux-x64-gnu set size:undefined disposed:false
452 silly fetch manifest lightningcss-linux-arm-gnueabihf@1.32.0
453 silly packumentCache full:https://registry.npmjs.org/lightningcss-linux-arm-gnueabihf cache-miss
454 http fetch GET 200 https://registry.npmjs.org/tapable 68ms (cache miss)
455 silly packumentCache full:https://registry.npmjs.org/tapable set size:undefined disposed:false
456 silly fetch manifest lightningcss-linux-arm64-musl@1.32.0
457 silly packumentCache full:https://registry.npmjs.org/lightningcss-linux-arm64-musl cache-miss
458 http fetch GET 200 https://registry.npmjs.org/@jridgewell%2ftrace-mapping 71ms (cache miss)
459 silly packumentCache full:https://registry.npmjs.org/@jridgewell%2ftrace-mapping set size:undefined disposed:false
460 silly fetch manifest lightningcss-linux-x64-musl@1.32.0
461 silly packumentCache full:https://registry.npmjs.org/lightningcss-linux-x64-musl cache-miss
462 http fetch GET 200 https://registry.npmjs.org/lightningcss-darwin-x64 75ms (cache miss)
463 silly packumentCache full:https://registry.npmjs.org/lightningcss-darwin-x64 set size:undefined disposed:false
464 silly fetch manifest lightningcss-freebsd-x64@1.32.0
465 silly packumentCache full:https://registry.npmjs.org/lightningcss-freebsd-x64 cache-miss
466 http fetch GET 200 https://registry.npmjs.org/lightningcss-win32-x64-msvc 76ms (cache miss)
467 silly packumentCache full:https://registry.npmjs.org/lightningcss-win32-x64-msvc set size:undefined disposed:false
468 silly fetch manifest lightningcss-android-arm64@1.32.0
469 silly packumentCache full:https://registry.npmjs.org/lightningcss-android-arm64 cache-miss
470 http fetch GET 200 https://registry.npmjs.org/graceful-fs 77ms (cache miss)
471 silly packumentCache full:https://registry.npmjs.org/graceful-fs set size:undefined disposed:false
472 silly fetch manifest @jridgewell/sourcemap-codec@^1.5.5
473 silly packumentCache full:https://registry.npmjs.org/@jridgewell%2fsourcemap-codec cache-miss
474 http fetch GET 200 https://registry.npmjs.org/@jridgewell%2fgen-mapping 89ms (cache miss)
475 silly packumentCache full:https://registry.npmjs.org/@jridgewell%2fgen-mapping set size:undefined disposed:false
476 http fetch GET 200 https://registry.npmjs.org/lightningcss-linux-arm64-gnu 54ms (cache miss)
477 silly packumentCache full:https://registry.npmjs.org/lightningcss-linux-arm64-gnu set size:undefined disposed:false
478 http fetch GET 200 https://registry.npmjs.org/lightningcss-darwin-arm64 59ms (cache miss)
479 silly packumentCache full:https://registry.npmjs.org/lightningcss-darwin-arm64 set size:undefined disposed:false
480 http fetch GET 200 https://registry.npmjs.org/lightningcss-linux-arm64-musl 53ms (cache miss)
481 silly packumentCache full:https://registry.npmjs.org/lightningcss-linux-arm64-musl set size:undefined disposed:false
482 http fetch GET 200 https://registry.npmjs.org/lightningcss-linux-arm-gnueabihf 62ms (cache miss)
483 silly packumentCache full:https://registry.npmjs.org/lightningcss-linux-arm-gnueabihf set size:undefined disposed:false
484 http fetch GET 200 https://registry.npmjs.org/lightningcss-android-arm64 67ms (cache miss)
485 silly packumentCache full:https://registry.npmjs.org/lightningcss-android-arm64 set size:undefined disposed:false
486 http fetch GET 200 https://registry.npmjs.org/lightningcss-linux-x64-musl 71ms (cache miss)
487 silly packumentCache full:https://registry.npmjs.org/lightningcss-linux-x64-musl set size:undefined disposed:false
488 http fetch GET 200 https://registry.npmjs.org/lightningcss-freebsd-x64 69ms (cache miss)
489 silly packumentCache full:https://registry.npmjs.org/lightningcss-freebsd-x64 set size:undefined disposed:false
490 http fetch GET 200 https://registry.npmjs.org/@jridgewell%2fsourcemap-codec 79ms (cache miss)
491 silly packumentCache full:https://registry.npmjs.org/@jridgewell%2fsourcemap-codec set size:undefined disposed:false
492 silly placeDep ROOT @jridgewell/gen-mapping@0.3.13 OK for: @jridgewell/remapping@2.3.5 want: ^0.3.5
493 silly placeDep ROOT @jridgewell/trace-mapping@0.3.31 OK for: @jridgewell/remapping@2.3.5 want: ^0.3.24
494 silly fetch manifest @jridgewell/sourcemap-codec@^1.5.0
495 silly packumentCache full:https://registry.npmjs.org/@jridgewell%2fsourcemap-codec cache-miss
496 silly fetch manifest @jridgewell/resolve-uri@^3.1.0
497 silly packumentCache full:https://registry.npmjs.org/@jridgewell%2fresolve-uri cache-miss
498 silly fetch manifest @jridgewell/sourcemap-codec@^1.4.14
499 silly packumentCache full:https://registry.npmjs.org/@jridgewell%2fsourcemap-codec cache-miss
500 http cache https://registry.npmjs.org/@jridgewell%2fsourcemap-codec 3ms (cache hit)
501 silly packumentCache full:https://registry.npmjs.org/@jridgewell%2fsourcemap-codec set size:51856 disposed:false
502 http cache https://registry.npmjs.org/@jridgewell%2fsourcemap-codec 4ms (cache hit)
503 silly packumentCache full:https://registry.npmjs.org/@jridgewell%2fsourcemap-codec set size:51856 disposed:false
504 silly packumentCache full:https://registry.npmjs.org/@jridgewell%2fsourcemap-codec dispose
505 http fetch GET 200 https://registry.npmjs.org/@jridgewell%2fresolve-uri 125ms (cache miss)
506 silly packumentCache full:https://registry.npmjs.org/@jridgewell%2fresolve-uri set size:undefined disposed:false
507 silly placeDep ROOT @jridgewell/sourcemap-codec@1.5.5 OK for: @jridgewell/gen-mapping@0.3.13 want: ^1.5.0
508 silly placeDep ROOT @jridgewell/resolve-uri@3.1.2 OK for: @jridgewell/trace-mapping@0.3.31 want: ^3.1.0
509 silly placeDep ROOT @tailwindcss/oxide-android-arm64@4.3.0 OK for: @tailwindcss/oxide@4.3.0 want: 4.3.0
510 silly placeDep ROOT @tailwindcss/oxide-darwin-arm64@4.3.0 OK for: @tailwindcss/oxide@4.3.0 want: 4.3.0
511 silly placeDep ROOT @tailwindcss/oxide-darwin-x64@4.3.0 OK for: @tailwindcss/oxide@4.3.0 want: 4.3.0
512 silly placeDep ROOT @tailwindcss/oxide-freebsd-x64@4.3.0 OK for: @tailwindcss/oxide@4.3.0 want: 4.3.0
513 silly placeDep ROOT @tailwindcss/oxide-linux-arm-gnueabihf@4.3.0 OK for: @tailwindcss/oxide@4.3.0 want: 4.3.0
514 silly placeDep ROOT @tailwindcss/oxide-linux-arm64-gnu@4.3.0 OK for: @tailwindcss/oxide@4.3.0 want: 4.3.0
515 silly placeDep ROOT @tailwindcss/oxide-linux-arm64-musl@4.3.0 OK for: @tailwindcss/oxide@4.3.0 want: 4.3.0
516 silly placeDep ROOT @tailwindcss/oxide-linux-x64-gnu@4.3.0 OK for: @tailwindcss/oxide@4.3.0 want: 4.3.0
517 silly placeDep ROOT @tailwindcss/oxide-linux-x64-musl@4.3.0 OK for: @tailwindcss/oxide@4.3.0 want: 4.3.0
518 silly placeDep ROOT @tailwindcss/oxide-wasm32-wasi@4.3.0 OK for: @tailwindcss/oxide@4.3.0 want: 4.3.0
519 silly placeDep ROOT @tailwindcss/oxide-win32-arm64-msvc@4.3.0 OK for: @tailwindcss/oxide@4.3.0 want: 4.3.0
520 silly placeDep ROOT @tailwindcss/oxide-win32-x64-msvc@4.3.0 OK for: @tailwindcss/oxide@4.3.0 want: 4.3.0
521 silly placeDep ROOT undici-types@6.21.0 OK for: @types/node@20.19.41 want: ~6.21.0
522 silly placeDep ROOT csstype@3.2.3 OK for: @types/react@19.2.15 want: ^3.2.2
523 silly placeDep ROOT graceful-fs@4.2.11 OK for: enhanced-resolve@5.22.0 want: ^4.2.4
524 silly placeDep ROOT tapable@2.3.3 OK for: enhanced-resolve@5.22.0 want: ^2.3.3
525 silly placeDep ROOT @eslint-community/eslint-utils@4.9.1 OK for: eslint@9.39.4 want: ^4.8.0
526 silly placeDep ROOT @eslint-community/regexpp@4.12.2 OK for: eslint@9.39.4 want: ^4.12.1
527 silly placeDep ROOT @eslint/config-array@0.21.2 OK for: eslint@9.39.4 want: ^0.21.2
528 silly placeDep ROOT @eslint/config-helpers@0.4.2 OK for: eslint@9.39.4 want: ^0.4.2
529 silly placeDep ROOT @eslint/core@0.17.0 OK for: eslint@9.39.4 want: ^0.17.0
530 silly placeDep ROOT @eslint/eslintrc@3.3.5 OK for: eslint@9.39.4 want: ^3.3.5
531 silly placeDep ROOT @eslint/js@9.39.4 OK for: eslint@9.39.4 want: 9.39.4
532 silly placeDep ROOT @eslint/plugin-kit@0.4.1 OK for: eslint@9.39.4 want: ^0.4.1
533 silly placeDep ROOT @humanfs/node@0.16.8 OK for: eslint@9.39.4 want: ^0.16.6
534 silly placeDep ROOT @humanwhocodes/module-importer@1.0.1 OK for: eslint@9.39.4 want: ^1.0.1
535 silly placeDep ROOT @humanwhocodes/retry@0.4.3 OK for: eslint@9.39.4 want: ^0.4.2
536 silly placeDep ROOT @types/estree@1.0.9 OK for: eslint@9.39.4 want: ^1.0.6
537 silly placeDep ROOT ajv@6.15.0 OK for: eslint@9.39.4 want: ^6.14.0
538 silly placeDep ROOT chalk@4.1.2 OK for: eslint@9.39.4 want: ^4.0.0
539 silly placeDep ROOT cross-spawn@7.0.6 OK for: eslint@9.39.4 want: ^7.0.6
540 silly placeDep ROOT debug@4.4.3 OK for: eslint@9.39.4 want: ^4.3.2
541 silly placeDep ROOT escape-string-regexp@4.0.0 OK for: eslint@9.39.4 want: ^4.0.0
542 silly placeDep ROOT eslint-scope@8.4.0 OK for: eslint@9.39.4 want: ^8.4.0
543 silly placeDep ROOT eslint-visitor-keys@4.2.1 OK for: eslint@9.39.4 want: ^4.2.1
544 silly placeDep ROOT espree@10.4.0 OK for: eslint@9.39.4 want: ^10.4.0
545 silly placeDep ROOT esquery@1.7.0 OK for: eslint@9.39.4 want: ^1.5.0
546 silly placeDep ROOT esutils@2.0.3 OK for: eslint@9.39.4 want: ^2.0.2
547 silly placeDep ROOT fast-deep-equal@3.1.3 OK for: eslint@9.39.4 want: ^3.1.3
548 silly placeDep ROOT file-entry-cache@8.0.0 OK for: eslint@9.39.4 want: ^8.0.0
549 silly placeDep ROOT find-up@5.0.0 OK for: eslint@9.39.4 want: ^5.0.0
550 silly placeDep ROOT glob-parent@6.0.2 OK for: eslint@9.39.4 want: ^6.0.2
551 silly placeDep ROOT ignore@5.3.2 OK for: eslint@9.39.4 want: ^5.2.0
552 silly placeDep ROOT imurmurhash@0.1.4 OK for: eslint@9.39.4 want: ^0.1.4
553 silly placeDep ROOT is-glob@4.0.3 OK for: eslint@9.39.4 want: ^4.0.0
554 silly placeDep ROOT json-stable-stringify-without-jsonify@1.0.1 OK for: eslint@9.39.4 want: ^1.0.1
555 silly placeDep ROOT lodash.merge@4.6.2 OK for: eslint@9.39.4 want: ^4.6.2
556 silly placeDep ROOT minimatch@3.1.5 OK for: eslint@9.39.4 want: ^3.1.5
557 silly placeDep ROOT natural-compare@1.4.0 OK for: eslint@9.39.4 want: ^1.4.0
558 silly placeDep ROOT optionator@0.9.4 OK for: eslint@9.39.4 want: ^0.9.3
559 silly fetch manifest eslint-visitor-keys@^3.4.3
560 silly packumentCache full:https://registry.npmjs.org/eslint-visitor-keys cache-miss
561 silly fetch manifest debug@^4.3.1
562 silly packumentCache full:https://registry.npmjs.org/debug cache-miss
563 silly fetch manifest @eslint/object-schema@^2.1.7
564 silly packumentCache full:https://registry.npmjs.org/@eslint%2fobject-schema cache-miss
565 silly fetch manifest @types/json-schema@^7.0.15
566 silly packumentCache full:https://registry.npmjs.org/@types%2fjson-schema cache-miss
567 silly fetch manifest espree@^10.0.1
568 silly packumentCache full:https://registry.npmjs.org/espree cache-miss
569 silly fetch manifest globals@^14.0.0
570 silly packumentCache full:https://registry.npmjs.org/globals cache-miss
571 silly fetch manifest import-fresh@^3.2.1
572 silly packumentCache full:https://registry.npmjs.org/import-fresh cache-miss
573 silly fetch manifest js-yaml@^4.1.1
574 silly packumentCache full:https://registry.npmjs.org/js-yaml cache-miss
575 silly fetch manifest strip-json-comments@^3.1.1
576 silly packumentCache full:https://registry.npmjs.org/strip-json-comments cache-miss
577 http cache https://registry.npmjs.org/espree 7ms (cache hit)
578 silly packumentCache full:https://registry.npmjs.org/espree set size:326080 disposed:false
579 silly fetch manifest levn@^0.4.1
580 silly packumentCache full:https://registry.npmjs.org/levn cache-miss
581 http cache https://registry.npmjs.org/eslint-visitor-keys 9ms (cache hit)
582 silly packumentCache full:https://registry.npmjs.org/eslint-visitor-keys set size:69949 disposed:false
583 silly fetch manifest @humanwhocodes/retry@^0.4.0
584 silly packumentCache full:https://registry.npmjs.org/@humanwhocodes%2fretry cache-miss
585 http cache https://registry.npmjs.org/debug 11ms (cache hit)
586 silly packumentCache full:https://registry.npmjs.org/debug set size:195840 disposed:false
587 silly fetch manifest @humanfs/core@^0.19.2
588 silly packumentCache full:https://registry.npmjs.org/@humanfs%2fcore cache-miss
589 http cache https://registry.npmjs.org/globals 12ms (cache hit)
590 silly packumentCache full:https://registry.npmjs.org/globals set size:315985 disposed:false
591 silly fetch manifest @humanfs/types@^0.15.0
592 silly packumentCache full:https://registry.npmjs.org/@humanfs%2ftypes cache-miss
593 http cache https://registry.npmjs.org/@humanwhocodes%2fretry 7ms (cache hit)
594 silly packumentCache full:https://registry.npmjs.org/@humanwhocodes%2fretry set size:42348 disposed:false
595 silly fetch manifest uri-js@^4.2.2
596 silly packumentCache full:https://registry.npmjs.org/uri-js cache-miss
597 http fetch GET 200 https://registry.npmjs.org/import-fresh 59ms (cache miss)
598 silly packumentCache full:https://registry.npmjs.org/import-fresh set size:undefined disposed:false
599 silly fetch manifest fast-deep-equal@^3.1.1
600 silly packumentCache full:https://registry.npmjs.org/fast-deep-equal cache-miss
601 http cache https://registry.npmjs.org/fast-deep-equal 2ms (cache hit)
602 silly packumentCache full:https://registry.npmjs.org/fast-deep-equal set size:48634 disposed:false
603 silly fetch manifest json-schema-traverse@^0.4.1
604 silly packumentCache full:https://registry.npmjs.org/json-schema-traverse cache-miss
605 http fetch GET 200 https://registry.npmjs.org/@types%2fjson-schema 68ms (cache miss)
606 silly packumentCache full:https://registry.npmjs.org/@types%2fjson-schema set size:undefined disposed:false
607 silly fetch manifest fast-json-stable-stringify@^2.0.0
608 silly packumentCache full:https://registry.npmjs.org/fast-json-stable-stringify cache-miss
609 http fetch GET 200 https://registry.npmjs.org/js-yaml 72ms (cache miss)
610 silly packumentCache full:https://registry.npmjs.org/js-yaml set size:undefined disposed:false
611 silly fetch manifest ansi-styles@^4.1.0
612 silly packumentCache full:https://registry.npmjs.org/ansi-styles cache-miss
613 http fetch GET 200 https://registry.npmjs.org/strip-json-comments 74ms (cache miss)
614 silly packumentCache full:https://registry.npmjs.org/strip-json-comments set size:undefined disposed:false
615 silly fetch manifest supports-color@^7.1.0
616 silly packumentCache full:https://registry.npmjs.org/supports-color cache-miss
617 http fetch GET 200 https://registry.npmjs.org/levn 68ms (cache miss)
618 silly packumentCache full:https://registry.npmjs.org/levn set size:undefined disposed:false
619 silly fetch manifest which@^2.0.1
620 silly packumentCache full:https://registry.npmjs.org/which cache-miss
621 http fetch GET 200 https://registry.npmjs.org/@eslint%2fobject-schema 78ms (cache miss)
622 silly packumentCache full:https://registry.npmjs.org/@eslint%2fobject-schema set size:undefined disposed:false
623 silly fetch manifest path-key@^3.1.0
624 silly packumentCache full:https://registry.npmjs.org/path-key cache-miss
625 http fetch GET 200 https://registry.npmjs.org/uri-js 69ms (cache miss)
626 silly packumentCache full:https://registry.npmjs.org/uri-js set size:undefined disposed:false
627 silly fetch manifest shebang-command@^2.0.0
628 silly packumentCache full:https://registry.npmjs.org/shebang-command cache-miss
629 http fetch GET 200 https://registry.npmjs.org/@humanfs%2fcore 102ms (cache miss)
630 silly packumentCache full:https://registry.npmjs.org/@humanfs%2fcore set size:undefined disposed:false
631 silly fetch manifest ms@^2.1.3
632 silly packumentCache full:https://registry.npmjs.org/ms cache-miss
633 http fetch GET 200 https://registry.npmjs.org/json-schema-traverse 56ms (cache miss)
634 silly packumentCache full:https://registry.npmjs.org/json-schema-traverse set size:undefined disposed:false
635 silly fetch manifest esrecurse@^4.3.0
636 silly packumentCache full:https://registry.npmjs.org/esrecurse cache-miss
637 http fetch GET 200 https://registry.npmjs.org/fast-json-stable-stringify 57ms (cache miss)
638 silly packumentCache full:https://registry.npmjs.org/fast-json-stable-stringify set size:undefined disposed:false
639 silly fetch manifest estraverse@^5.2.0
640 silly packumentCache full:https://registry.npmjs.org/estraverse cache-miss
641 http fetch GET 200 https://registry.npmjs.org/path-key 52ms (cache miss)
642 silly packumentCache full:https://registry.npmjs.org/path-key set size:undefined disposed:false
643 silly fetch manifest acorn@^8.15.0
644 silly packumentCache full:https://registry.npmjs.org/acorn cache-miss
645 http fetch GET 200 https://registry.npmjs.org/@humanfs%2ftypes 125ms (cache miss)
646 silly packumentCache full:https://registry.npmjs.org/@humanfs%2ftypes set size:undefined disposed:false
647 silly fetch manifest acorn-jsx@^5.3.2
648 silly packumentCache full:https://registry.npmjs.org/acorn-jsx cache-miss
649 http fetch GET 200 https://registry.npmjs.org/supports-color 64ms (cache miss)
650 silly packumentCache full:https://registry.npmjs.org/supports-color set size:undefined disposed:false
651 silly fetch manifest estraverse@^5.1.0
652 silly packumentCache full:https://registry.npmjs.org/estraverse cache-miss
653 http fetch GET 200 https://registry.npmjs.org/ansi-styles 67ms (cache miss)
654 silly packumentCache full:https://registry.npmjs.org/ansi-styles set size:undefined disposed:false
655 silly fetch manifest flat-cache@^4.0.0
656 silly packumentCache full:https://registry.npmjs.org/flat-cache cache-miss
657 http fetch GET 200 https://registry.npmjs.org/which 67ms (cache miss)
658 silly packumentCache full:https://registry.npmjs.org/which set size:undefined disposed:false
659 silly fetch manifest locate-path@^6.0.0
660 silly packumentCache full:https://registry.npmjs.org/locate-path cache-miss
661 http fetch GET 200 https://registry.npmjs.org/shebang-command 72ms (cache miss)
662 silly packumentCache full:https://registry.npmjs.org/shebang-command set size:undefined disposed:false
663 silly fetch manifest path-exists@^4.0.0
664 silly packumentCache full:https://registry.npmjs.org/path-exists cache-miss
665 http fetch GET 200 https://registry.npmjs.org/esrecurse 61ms (cache miss)
666 silly packumentCache full:https://registry.npmjs.org/esrecurse set size:undefined disposed:false
667 silly fetch manifest is-glob@^4.0.3
668 silly packumentCache full:https://registry.npmjs.org/is-glob cache-miss
669 http fetch GET 200 https://registry.npmjs.org/estraverse 55ms (cache miss)
670 silly packumentCache full:https://registry.npmjs.org/estraverse set size:undefined disposed:false
671 silly fetch manifest is-extglob@^2.1.1
672 silly packumentCache full:https://registry.npmjs.org/is-extglob cache-miss
673 http cache https://registry.npmjs.org/is-glob 2ms (cache hit)
674 silly packumentCache full:https://registry.npmjs.org/is-glob set size:40530 disposed:false
675 silly fetch manifest brace-expansion@^1.1.7
676 silly packumentCache full:https://registry.npmjs.org/brace-expansion cache-miss
677 http fetch GET 200 https://registry.npmjs.org/ms 73ms (cache miss)
678 silly packumentCache full:https://registry.npmjs.org/ms set size:undefined disposed:false
679 silly fetch manifest prelude-ls@^1.2.1
680 silly packumentCache full:https://registry.npmjs.org/prelude-ls cache-miss
681 http fetch GET 200 https://registry.npmjs.org/estraverse 56ms (cache miss)
682 silly packumentCache full:https://registry.npmjs.org/estraverse set size:undefined disposed:false
683 silly fetch manifest deep-is@^0.1.3
684 silly packumentCache full:https://registry.npmjs.org/deep-is cache-miss
685 http fetch GET 200 https://registry.npmjs.org/acorn 67ms (cache miss)
686 silly packumentCache full:https://registry.npmjs.org/acorn set size:undefined disposed:false
687 silly fetch manifest word-wrap@^1.2.5
688 silly packumentCache full:https://registry.npmjs.org/word-wrap cache-miss
689 http fetch GET 200 https://registry.npmjs.org/locate-path 62ms (cache miss)
690 silly packumentCache full:https://registry.npmjs.org/locate-path set size:undefined disposed:false
691 silly fetch manifest type-check@^0.4.0
692 silly packumentCache full:https://registry.npmjs.org/type-check cache-miss
693 http fetch GET 200 https://registry.npmjs.org/flat-cache 67ms (cache miss)
694 silly packumentCache full:https://registry.npmjs.org/flat-cache set size:undefined disposed:false
695 silly fetch manifest fast-levenshtein@^2.0.6
696 silly packumentCache full:https://registry.npmjs.org/fast-levenshtein cache-miss
697 http fetch GET 200 https://registry.npmjs.org/acorn-jsx 73ms (cache miss)
698 silly packumentCache full:https://registry.npmjs.org/acorn-jsx set size:undefined disposed:false
699 http fetch GET 200 https://registry.npmjs.org/path-exists 69ms (cache miss)
700 silly packumentCache full:https://registry.npmjs.org/path-exists set size:undefined disposed:false
701 http fetch GET 200 https://registry.npmjs.org/is-extglob 56ms (cache miss)
702 silly packumentCache full:https://registry.npmjs.org/is-extglob set size:undefined disposed:false
703 http fetch GET 200 https://registry.npmjs.org/brace-expansion 55ms (cache miss)
704 silly packumentCache full:https://registry.npmjs.org/brace-expansion set size:undefined disposed:false
705 http fetch GET 200 https://registry.npmjs.org/deep-is 61ms (cache miss)
706 silly packumentCache full:https://registry.npmjs.org/deep-is set size:undefined disposed:false
707 http fetch GET 200 https://registry.npmjs.org/word-wrap 63ms (cache miss)
708 silly packumentCache full:https://registry.npmjs.org/word-wrap set size:undefined disposed:false
709 http fetch GET 200 https://registry.npmjs.org/prelude-ls 76ms (cache miss)
710 silly packumentCache full:https://registry.npmjs.org/prelude-ls set size:undefined disposed:false
711 http fetch GET 200 https://registry.npmjs.org/type-check 58ms (cache miss)
712 silly packumentCache full:https://registry.npmjs.org/type-check set size:undefined disposed:false
713 http fetch GET 200 https://registry.npmjs.org/fast-levenshtein 64ms (cache miss)
714 silly packumentCache full:https://registry.npmjs.org/fast-levenshtein set size:undefined disposed:false
715 silly placeDep node_modules/@eslint-community/eslint-utils eslint-visitor-keys@3.4.3 OK for: @eslint-community/eslint-utils@4.9.1 want: ^3.4.3
716 silly placeDep ROOT @eslint/object-schema@2.1.7 OK for: @eslint/config-array@0.21.2 want: ^2.1.7
717 silly placeDep ROOT @types/json-schema@7.0.15 OK for: @eslint/core@0.17.0 want: ^7.0.15
718 silly placeDep ROOT globals@14.0.0 OK for: @eslint/eslintrc@3.3.5 want: ^14.0.0
719 silly placeDep ROOT import-fresh@3.3.1 OK for: @eslint/eslintrc@3.3.5 want: ^3.2.1
720 silly placeDep ROOT js-yaml@4.1.1 OK for: @eslint/eslintrc@3.3.5 want: ^4.1.1
721 silly placeDep ROOT strip-json-comments@3.1.1 OK for: @eslint/eslintrc@3.3.5 want: ^3.1.1
722 silly fetch manifest resolve-from@^4.0.0
723 silly packumentCache full:https://registry.npmjs.org/resolve-from cache-miss
724 silly fetch manifest parent-module@^1.0.0
725 silly packumentCache full:https://registry.npmjs.org/parent-module cache-miss
726 silly fetch manifest argparse@^2.0.1
727 silly packumentCache full:https://registry.npmjs.org/argparse cache-miss
728 http fetch GET 200 https://registry.npmjs.org/argparse 53ms (cache miss)
729 silly packumentCache full:https://registry.npmjs.org/argparse set size:undefined disposed:false
730 http fetch GET 200 https://registry.npmjs.org/parent-module 67ms (cache miss)
731 silly packumentCache full:https://registry.npmjs.org/parent-module set size:undefined disposed:false
732 http fetch GET 200 https://registry.npmjs.org/resolve-from 70ms (cache miss)
733 silly packumentCache full:https://registry.npmjs.org/resolve-from set size:undefined disposed:false
734 silly placeDep ROOT levn@0.4.1 OK for: @eslint/plugin-kit@0.4.1 want: ^0.4.1
735 silly fetch manifest type-check@~0.4.0
736 silly packumentCache full:https://registry.npmjs.org/type-check cache-miss
737 http cache https://registry.npmjs.org/type-check 1ms (cache hit)
738 silly packumentCache full:https://registry.npmjs.org/type-check set size:21221 disposed:false
739 silly placeDep ROOT @humanfs/core@0.19.2 OK for: @humanfs/node@0.16.8 want: ^0.19.2
740 silly placeDep ROOT @humanfs/types@0.15.0 OK for: @humanfs/node@0.16.8 want: ^0.15.0
741 silly placeDep ROOT fast-json-stable-stringify@2.1.0 OK for: ajv@6.15.0 want: ^2.0.0
742 silly placeDep ROOT json-schema-traverse@0.4.1 OK for: ajv@6.15.0 want: ^0.4.1
743 silly placeDep ROOT uri-js@4.4.1 OK for: ajv@6.15.0 want: ^4.2.2
744 silly fetch manifest punycode@^2.1.0
745 silly packumentCache full:https://registry.npmjs.org/punycode cache-miss
746 http fetch GET 200 https://registry.npmjs.org/punycode 53ms (cache miss)
747 silly packumentCache full:https://registry.npmjs.org/punycode set size:undefined disposed:false
748 silly placeDep ROOT ansi-styles@4.3.0 OK for: chalk@4.1.2 want: ^4.1.0
749 silly placeDep ROOT supports-color@7.2.0 OK for: chalk@4.1.2 want: ^7.1.0
750 silly fetch manifest color-convert@^2.0.1
751 silly packumentCache full:https://registry.npmjs.org/color-convert cache-miss
752 silly fetch manifest has-flag@^4.0.0
753 silly packumentCache full:https://registry.npmjs.org/has-flag cache-miss
754 http fetch GET 200 https://registry.npmjs.org/color-convert 54ms (cache miss)
755 silly packumentCache full:https://registry.npmjs.org/color-convert set size:undefined disposed:false
756 http fetch GET 200 https://registry.npmjs.org/has-flag 70ms (cache miss)
757 silly packumentCache full:https://registry.npmjs.org/has-flag set size:undefined disposed:false
758 silly placeDep ROOT color-convert@2.0.1 OK for: ansi-styles@4.3.0 want: ^2.0.1
759 silly fetch manifest color-name@~1.1.4
760 silly packumentCache full:https://registry.npmjs.org/color-name cache-miss
761 http fetch GET 200 https://registry.npmjs.org/color-name 81ms (cache miss)
762 silly packumentCache full:https://registry.npmjs.org/color-name set size:undefined disposed:false
763 silly placeDep ROOT color-name@1.1.4 OK for: color-convert@2.0.1 want: ~1.1.4
764 silly placeDep ROOT path-key@3.1.1 OK for: cross-spawn@7.0.6 want: ^3.1.0
765 silly placeDep ROOT shebang-command@2.0.0 OK for: cross-spawn@7.0.6 want: ^2.0.0
766 silly placeDep ROOT which@2.0.2 OK for: cross-spawn@7.0.6 want: ^2.0.1
767 silly fetch manifest shebang-regex@^3.0.0
768 silly packumentCache full:https://registry.npmjs.org/shebang-regex cache-miss
769 silly fetch manifest isexe@^2.0.0
770 silly packumentCache full:https://registry.npmjs.org/isexe cache-miss
771 http fetch GET 200 https://registry.npmjs.org/shebang-regex 61ms (cache miss)
772 silly packumentCache full:https://registry.npmjs.org/shebang-regex set size:undefined disposed:false
773 http fetch GET 200 https://registry.npmjs.org/isexe 78ms (cache miss)
774 silly packumentCache full:https://registry.npmjs.org/isexe set size:undefined disposed:false
775 silly placeDep ROOT ms@2.1.3 OK for: debug@4.4.3 want: ^2.1.3
776 silly placeDep ROOT @next/eslint-plugin-next@16.2.6 OK for: eslint-config-next@16.2.6 want: 16.2.6
777 silly placeDep ROOT eslint-import-resolver-node@0.3.10 OK for: eslint-config-next@16.2.6 want: ^0.3.6
778 silly placeDep ROOT eslint-import-resolver-typescript@3.10.1 OK for: eslint-config-next@16.2.6 want: ^3.5.2
779 silly placeDep ROOT eslint-plugin-import@2.32.0 OK for: eslint-config-next@16.2.6 want: ^2.32.0
780 silly placeDep ROOT eslint-plugin-jsx-a11y@6.10.2 OK for: eslint-config-next@16.2.6 want: ^6.10.0
781 silly placeDep ROOT eslint-plugin-react@7.37.5 OK for: eslint-config-next@16.2.6 want: ^7.37.0
782 silly placeDep ROOT eslint-plugin-react-hooks@7.1.1 OK for: eslint-config-next@16.2.6 want: ^7.0.0
783 silly placeDep node_modules/eslint-config-next globals@16.4.0 OK for: eslint-config-next@16.2.6 want: 16.4.0
784 silly placeDep ROOT typescript-eslint@8.60.0 OK for: eslint-config-next@16.2.6 want: ^8.46.0
785 silly fetch manifest fast-glob@3.3.1
786 silly packumentCache full:https://registry.npmjs.org/fast-glob cache-miss
787 silly fetch manifest debug@^3.2.7
788 silly packumentCache full:https://registry.npmjs.org/debug cache-hit
789 silly fetch manifest resolve@^2.0.0-next.6
790 silly packumentCache full:https://registry.npmjs.org/resolve cache-miss
791 silly fetch manifest is-core-module@^2.16.1
792 silly packumentCache full:https://registry.npmjs.org/is-core-module cache-miss
793 silly fetch manifest tinyglobby@^0.2.13
794 silly packumentCache full:https://registry.npmjs.org/tinyglobby cache-miss
795 silly fetch manifest stable-hash@^0.0.5
796 silly packumentCache full:https://registry.npmjs.org/stable-hash cache-miss
797 silly fetch manifest get-tsconfig@^4.10.0
798 silly packumentCache full:https://registry.npmjs.org/get-tsconfig cache-miss
799 silly fetch manifest is-bun-module@^2.0.0
800 silly packumentCache full:https://registry.npmjs.org/is-bun-module cache-miss
801 silly fetch manifest unrs-resolver@^1.6.2
802 silly packumentCache full:https://registry.npmjs.org/unrs-resolver cache-miss
803 silly fetch manifest @nolyfill/is-core-module@1.0.39
804 silly packumentCache full:https://registry.npmjs.org/@nolyfill%2fis-core-module cache-miss
805 http fetch GET 200 https://registry.npmjs.org/stable-hash 51ms (cache miss)
806 silly packumentCache full:https://registry.npmjs.org/stable-hash set size:undefined disposed:false
807 silly fetch manifest @rtsao/scc@^1.1.0
808 silly packumentCache full:https://registry.npmjs.org/@rtsao%2fscc cache-miss
809 http fetch GET 200 https://registry.npmjs.org/tinyglobby 54ms (cache miss)
810 silly packumentCache full:https://registry.npmjs.org/tinyglobby set size:undefined disposed:false
811 silly fetch manifest array-includes@^3.1.9
812 silly packumentCache full:https://registry.npmjs.org/array-includes cache-miss
813 http fetch GET 200 https://registry.npmjs.org/fast-glob 64ms (cache miss)
814 silly packumentCache full:https://registry.npmjs.org/fast-glob set size:undefined disposed:false
815 silly fetch manifest array.prototype.findlastindex@^1.2.6
816 silly packumentCache full:https://registry.npmjs.org/array.prototype.findlastindex cache-miss
817 http fetch GET 200 https://registry.npmjs.org/get-tsconfig 65ms (cache miss)
818 silly packumentCache full:https://registry.npmjs.org/get-tsconfig set size:undefined disposed:false
819 silly fetch manifest array.prototype.flat@^1.3.3
820 silly packumentCache full:https://registry.npmjs.org/array.prototype.flat cache-miss
821 http fetch GET 200 https://registry.npmjs.org/unrs-resolver 69ms (cache miss)
822 silly packumentCache full:https://registry.npmjs.org/unrs-resolver set size:undefined disposed:false
823 silly fetch manifest array.prototype.flatmap@^1.3.3
824 silly packumentCache full:https://registry.npmjs.org/array.prototype.flatmap cache-miss
825 http fetch GET 200 https://registry.npmjs.org/is-bun-module 71ms (cache miss)
826 silly packumentCache full:https://registry.npmjs.org/is-bun-module set size:undefined disposed:false
827 silly fetch manifest doctrine@^2.1.0
828 silly packumentCache full:https://registry.npmjs.org/doctrine cache-miss
829 http fetch GET 200 https://registry.npmjs.org/is-core-module 84ms (cache miss)
830 silly packumentCache full:https://registry.npmjs.org/is-core-module set size:undefined disposed:false
831 silly fetch manifest eslint-module-utils@^2.12.1
832 silly packumentCache full:https://registry.npmjs.org/eslint-module-utils cache-miss
833 http fetch GET 200 https://registry.npmjs.org/@nolyfill%2fis-core-module 91ms (cache miss)
834 silly packumentCache full:https://registry.npmjs.org/@nolyfill%2fis-core-module set size:undefined disposed:false
835 silly fetch manifest hasown@^2.0.2
836 silly packumentCache full:https://registry.npmjs.org/hasown cache-miss
837 http fetch GET 200 https://registry.npmjs.org/resolve 96ms (cache miss)
838 silly packumentCache full:https://registry.npmjs.org/resolve set size:undefined disposed:false
839 silly fetch manifest object.fromentries@^2.0.8
840 silly packumentCache full:https://registry.npmjs.org/object.fromentries cache-miss
841 http fetch GET 200 https://registry.npmjs.org/array-includes 59ms (cache miss)
842 silly packumentCache full:https://registry.npmjs.org/array-includes set size:undefined disposed:false
843 silly fetch manifest object.groupby@^1.0.3
844 silly packumentCache full:https://registry.npmjs.org/object.groupby cache-miss
845 http fetch GET 200 https://registry.npmjs.org/array.prototype.findlastindex 53ms (cache miss)
846 silly packumentCache full:https://registry.npmjs.org/array.prototype.findlastindex set size:undefined disposed:false
847 silly fetch manifest object.values@^1.2.1
848 silly packumentCache full:https://registry.npmjs.org/object.values cache-miss
849 http fetch GET 200 https://registry.npmjs.org/array.prototype.flat 59ms (cache miss)
850 silly packumentCache full:https://registry.npmjs.org/array.prototype.flat set size:undefined disposed:false
851 silly fetch manifest semver@^6.3.1
852 silly packumentCache full:https://registry.npmjs.org/semver cache-miss
853 http fetch GET 200 https://registry.npmjs.org/@rtsao%2fscc 75ms (cache miss)
854 silly packumentCache full:https://registry.npmjs.org/@rtsao%2fscc set size:undefined disposed:false
855 silly fetch manifest string.prototype.trimend@^1.0.9
856 silly packumentCache full:https://registry.npmjs.org/string.prototype.trimend cache-miss
857 http fetch GET 200 https://registry.npmjs.org/array.prototype.flatmap 66ms (cache miss)
858 silly packumentCache full:https://registry.npmjs.org/array.prototype.flatmap set size:undefined disposed:false
859 silly fetch manifest tsconfig-paths@^3.15.0
860 silly packumentCache full:https://registry.npmjs.org/tsconfig-paths cache-miss
861 http fetch GET 200 https://registry.npmjs.org/hasown 63ms (cache miss)
862 silly packumentCache full:https://registry.npmjs.org/hasown set size:undefined disposed:false
863 silly fetch manifest aria-query@^5.3.2
864 silly packumentCache full:https://registry.npmjs.org/aria-query cache-miss
865 http fetch GET 200 https://registry.npmjs.org/doctrine 85ms (cache miss)
866 silly packumentCache full:https://registry.npmjs.org/doctrine set size:undefined disposed:false
867 silly fetch manifest array-includes@^3.1.8
868 silly packumentCache full:https://registry.npmjs.org/array-includes cache-miss
869 http fetch GET 200 https://registry.npmjs.org/eslint-module-utils 72ms (cache miss)
870 silly packumentCache full:https://registry.npmjs.org/eslint-module-utils set size:undefined disposed:false
871 silly fetch manifest array.prototype.flatmap@^1.3.2
872 silly packumentCache full:https://registry.npmjs.org/array.prototype.flatmap cache-miss
873 http cache https://registry.npmjs.org/array-includes 3ms (cache hit)
874 silly packumentCache full:https://registry.npmjs.org/array-includes set size:77143 disposed:false
875 silly fetch manifest ast-types-flow@^0.0.8
876 silly packumentCache full:https://registry.npmjs.org/ast-types-flow cache-miss
877 http cache https://registry.npmjs.org/array.prototype.flatmap 3ms (cache hit)
878 silly packumentCache full:https://registry.npmjs.org/array.prototype.flatmap set size:51458 disposed:false
879 silly fetch manifest axe-core@^4.10.0
880 silly packumentCache full:https://registry.npmjs.org/axe-core cache-miss
881 http fetch GET 200 https://registry.npmjs.org/object.fromentries 66ms (cache miss)
882 silly packumentCache full:https://registry.npmjs.org/object.fromentries set size:undefined disposed:false
883 silly fetch manifest axobject-query@^4.1.0
884 silly packumentCache full:https://registry.npmjs.org/axobject-query cache-miss
885 http fetch GET 200 https://registry.npmjs.org/object.groupby 50ms (cache miss)
886 silly packumentCache full:https://registry.npmjs.org/object.groupby set size:undefined disposed:false
887 silly fetch manifest damerau-levenshtein@^1.0.8
888 silly packumentCache full:https://registry.npmjs.org/damerau-levenshtein cache-miss
889 http fetch GET 200 https://registry.npmjs.org/object.values 54ms (cache miss)
890 silly packumentCache full:https://registry.npmjs.org/object.values set size:undefined disposed:false
891 silly fetch manifest emoji-regex@^9.2.2
892 silly packumentCache full:https://registry.npmjs.org/emoji-regex cache-miss
893 http fetch GET 200 https://registry.npmjs.org/string.prototype.trimend 65ms (cache miss)
894 silly packumentCache full:https://registry.npmjs.org/string.prototype.trimend set size:undefined disposed:false
895 silly fetch manifest jsx-ast-utils@^3.3.5
896 silly packumentCache full:https://registry.npmjs.org/jsx-ast-utils cache-miss
897 http fetch GET 200 https://registry.npmjs.org/semver 66ms (cache miss)
898 silly packumentCache full:https://registry.npmjs.org/semver set size:undefined disposed:false
899 silly fetch manifest language-tags@^1.0.9
900 silly packumentCache full:https://registry.npmjs.org/language-tags cache-miss
901 http fetch GET 200 https://registry.npmjs.org/tsconfig-paths 81ms (cache miss)
902 silly packumentCache full:https://registry.npmjs.org/tsconfig-paths set size:undefined disposed:false
903 silly fetch manifest safe-regex-test@^1.0.3
904 silly packumentCache full:https://registry.npmjs.org/safe-regex-test cache-miss
905 http fetch GET 200 https://registry.npmjs.org/damerau-levenshtein 57ms (cache miss)
906 silly packumentCache full:https://registry.npmjs.org/damerau-levenshtein set size:undefined disposed:false
907 silly fetch manifest string.prototype.includes@^2.0.1
908 silly packumentCache full:https://registry.npmjs.org/string.prototype.includes cache-miss
909 http fetch GET 200 https://registry.npmjs.org/aria-query 69ms (cache miss)
910 silly packumentCache full:https://registry.npmjs.org/aria-query set size:undefined disposed:false
911 silly fetch manifest array.prototype.findlast@^1.2.5
912 silly packumentCache full:https://registry.npmjs.org/array.prototype.findlast cache-miss
913 http fetch GET 200 https://registry.npmjs.org/emoji-regex 53ms (cache miss)
914 silly packumentCache full:https://registry.npmjs.org/emoji-regex set size:undefined disposed:false
915 silly fetch manifest array.prototype.tosorted@^1.1.4
916 silly packumentCache full:https://registry.npmjs.org/array.prototype.tosorted cache-miss
917 http fetch GET 200 https://registry.npmjs.org/ast-types-flow 76ms (cache miss)
918 silly packumentCache full:https://registry.npmjs.org/ast-types-flow set size:undefined disposed:false
919 silly fetch manifest es-iterator-helpers@^1.2.1
920 silly packumentCache full:https://registry.npmjs.org/es-iterator-helpers cache-miss
921 http fetch GET 200 https://registry.npmjs.org/axobject-query 74ms (cache miss)
922 silly packumentCache full:https://registry.npmjs.org/axobject-query set size:undefined disposed:false
923 silly fetch manifest estraverse@^5.3.0
924 silly packumentCache full:https://registry.npmjs.org/estraverse cache-miss
925 http cache https://registry.npmjs.org/estraverse 2ms (cache hit)
926 silly packumentCache full:https://registry.npmjs.org/estraverse set size:62412 disposed:false
927 silly fetch manifest jsx-ast-utils@^2.4.1 || ^3.0.0
928 silly packumentCache full:https://registry.npmjs.org/jsx-ast-utils cache-miss
929 http fetch GET 200 https://registry.npmjs.org/jsx-ast-utils 53ms (cache miss)
930 silly packumentCache full:https://registry.npmjs.org/jsx-ast-utils set size:undefined disposed:false
931 silly fetch manifest object.entries@^1.1.9
932 silly packumentCache full:https://registry.npmjs.org/object.entries cache-miss
933 http fetch GET 200 https://registry.npmjs.org/language-tags 64ms (cache miss)
934 silly packumentCache full:https://registry.npmjs.org/language-tags set size:undefined disposed:false
935 silly fetch manifest prop-types@^15.8.1
936 silly packumentCache full:https://registry.npmjs.org/prop-types cache-miss
937 http fetch GET 200 https://registry.npmjs.org/string.prototype.includes 51ms (cache miss)
938 silly packumentCache full:https://registry.npmjs.org/string.prototype.includes set size:undefined disposed:false
939 silly fetch manifest resolve@^2.0.0-next.5
940 silly packumentCache full:https://registry.npmjs.org/resolve cache-miss
941 http cache https://registry.npmjs.org/resolve 3ms (cache hit)
942 silly packumentCache full:https://registry.npmjs.org/resolve set size:244568 disposed:false
943 silly fetch manifest string.prototype.matchall@^4.0.12
944 silly packumentCache full:https://registry.npmjs.org/string.prototype.matchall cache-miss
945 http fetch GET 200 https://registry.npmjs.org/array.prototype.tosorted 54ms (cache miss)
946 silly packumentCache full:https://registry.npmjs.org/array.prototype.tosorted set size:undefined disposed:false
947 silly fetch manifest string.prototype.repeat@^1.0.0
948 silly packumentCache full:https://registry.npmjs.org/string.prototype.repeat cache-miss
949 http fetch GET 200 https://registry.npmjs.org/safe-regex-test 72ms (cache miss)
950 silly packumentCache full:https://registry.npmjs.org/safe-regex-test set size:undefined disposed:false
951 silly fetch manifest zod@^3.25.0 || ^4.0.0
952 silly packumentCache full:https://registry.npmjs.org/zod cache-miss
953 http fetch GET 200 https://registry.npmjs.org/array.prototype.findlast 69ms (cache miss)
954 silly packumentCache full:https://registry.npmjs.org/array.prototype.findlast set size:undefined disposed:false
955 silly fetch manifest @babel/core@^7.24.4
956 silly packumentCache full:https://registry.npmjs.org/@babel%2fcore cache-miss
957 http fetch GET 200 https://registry.npmjs.org/object.entries 52ms (cache miss)
958 silly packumentCache full:https://registry.npmjs.org/object.entries set size:undefined disposed:false
959 silly fetch manifest @babel/parser@^7.24.4
960 silly packumentCache full:https://registry.npmjs.org/@babel%2fparser cache-miss
961 http fetch GET 200 https://registry.npmjs.org/jsx-ast-utils 74ms (cache miss)
962 silly packumentCache full:https://registry.npmjs.org/jsx-ast-utils set size:undefined disposed:false
963 silly fetch manifest hermes-parser@^0.25.1
964 silly packumentCache full:https://registry.npmjs.org/hermes-parser cache-miss
965 http fetch GET 200 https://registry.npmjs.org/es-iterator-helpers 82ms (cache miss)
966 silly packumentCache full:https://registry.npmjs.org/es-iterator-helpers set size:undefined disposed:false
967 silly fetch manifest zod-validation-error@^3.5.0 || ^4.0.0
968 silly packumentCache full:https://registry.npmjs.org/zod-validation-error cache-miss
969 http fetch GET 200 https://registry.npmjs.org/prop-types 65ms (cache miss)
970 silly packumentCache full:https://registry.npmjs.org/prop-types set size:undefined disposed:false
971 silly fetch manifest @typescript-eslint/utils@8.60.0
972 silly packumentCache full:https://registry.npmjs.org/@typescript-eslint%2futils cache-miss
973 http fetch GET 200 https://registry.npmjs.org/string.prototype.matchall 51ms (cache miss)
974 silly packumentCache full:https://registry.npmjs.org/string.prototype.matchall set size:undefined disposed:false
975 silly fetch manifest @typescript-eslint/parser@8.60.0
976 silly packumentCache full:https://registry.npmjs.org/@typescript-eslint%2fparser cache-miss
977 http fetch GET 200 https://registry.npmjs.org/string.prototype.repeat 56ms (cache miss)
978 silly packumentCache full:https://registry.npmjs.org/string.prototype.repeat set size:undefined disposed:false
979 silly fetch manifest @typescript-eslint/eslint-plugin@8.60.0
980 silly packumentCache full:https://registry.npmjs.org/@typescript-eslint%2feslint-plugin cache-miss
981 http fetch GET 200 https://registry.npmjs.org/@babel%2fparser 90ms (cache miss)
982 silly packumentCache full:https://registry.npmjs.org/@babel%2fparser set size:undefined disposed:false
983 silly fetch manifest @typescript-eslint/typescript-estree@8.60.0
984 silly packumentCache full:https://registry.npmjs.org/@typescript-eslint%2ftypescript-estree cache-miss
985 http fetch GET 200 https://registry.npmjs.org/hermes-parser 87ms (cache miss)
986 silly packumentCache full:https://registry.npmjs.org/hermes-parser set size:undefined disposed:false
987 http fetch GET 200 https://registry.npmjs.org/zod-validation-error 82ms (cache miss)
988 silly packumentCache full:https://registry.npmjs.org/zod-validation-error set size:undefined disposed:false
989 http fetch GET 200 https://registry.npmjs.org/@babel%2fcore 113ms (cache miss)
990 silly packumentCache full:https://registry.npmjs.org/@babel%2fcore set size:undefined disposed:false
991 http fetch GET 200 https://registry.npmjs.org/zod 134ms (cache miss)
992 silly packumentCache full:https://registry.npmjs.org/zod set size:undefined disposed:false
993 http fetch GET 200 https://registry.npmjs.org/axe-core 284ms (cache miss)
994 silly packumentCache full:https://registry.npmjs.org/axe-core set size:undefined disposed:false
995 http fetch GET 200 https://registry.npmjs.org/@typescript-eslint%2futils 337ms (cache miss)
996 silly packumentCache full:https://registry.npmjs.org/@typescript-eslint%2futils set size:undefined disposed:false
997 http fetch GET 200 https://registry.npmjs.org/@typescript-eslint%2feslint-plugin 440ms (cache miss)
998 silly packumentCache full:https://registry.npmjs.org/@typescript-eslint%2feslint-plugin set size:undefined disposed:false
999 http fetch GET 200 https://registry.npmjs.org/@typescript-eslint%2fparser 498ms (cache miss)
1000 silly packumentCache full:https://registry.npmjs.org/@typescript-eslint%2fparser set size:undefined disposed:false
1001 http fetch GET 200 https://registry.npmjs.org/@typescript-eslint%2ftypescript-estree 507ms (cache miss)
1002 silly packumentCache full:https://registry.npmjs.org/@typescript-eslint%2ftypescript-estree set size:undefined disposed:false
1003 silly placeDep ROOT fast-glob@3.3.1 OK for: @next/eslint-plugin-next@16.2.6 want: 3.3.1
1004 silly fetch manifest merge2@^1.3.0
1005 silly packumentCache full:https://registry.npmjs.org/merge2 cache-miss
1006 silly fetch manifest micromatch@^4.0.4
1007 silly packumentCache full:https://registry.npmjs.org/micromatch cache-miss
1008 silly fetch manifest glob-parent@^5.1.2
1009 silly packumentCache full:https://registry.npmjs.org/glob-parent cache-miss
1010 silly fetch manifest @nodelib/fs.stat@^2.0.2
1011 silly packumentCache full:https://registry.npmjs.org/@nodelib%2ffs.stat cache-miss
1012 silly fetch manifest @nodelib/fs.walk@^1.2.3
1013 silly packumentCache full:https://registry.npmjs.org/@nodelib%2ffs.walk cache-miss
1014 http cache https://registry.npmjs.org/glob-parent 4ms (cache hit)
1015 silly packumentCache full:https://registry.npmjs.org/glob-parent set size:42445 disposed:false
1016 http fetch GET 200 https://registry.npmjs.org/merge2 76ms (cache miss)
1017 silly packumentCache full:https://registry.npmjs.org/merge2 set size:undefined disposed:false
1018 http fetch GET 200 https://registry.npmjs.org/@nodelib%2ffs.walk 80ms (cache miss)
1019 silly packumentCache full:https://registry.npmjs.org/@nodelib%2ffs.walk set size:undefined disposed:false
1020 http fetch GET 200 https://registry.npmjs.org/micromatch 88ms (cache miss)
1021 silly packumentCache full:https://registry.npmjs.org/micromatch set size:undefined disposed:false
1022 http fetch GET 200 https://registry.npmjs.org/@nodelib%2ffs.stat 96ms (cache miss)
1023 silly packumentCache full:https://registry.npmjs.org/@nodelib%2ffs.stat set size:undefined disposed:false
1024 silly placeDep node_modules/eslint-import-resolver-node debug@3.2.7 OK for: eslint-import-resolver-node@0.3.10 want: ^3.2.7
1025 silly placeDep ROOT is-core-module@2.16.2 OK for: eslint-import-resolver-node@0.3.10 want: ^2.16.1
1026 silly placeDep ROOT resolve@2.0.0-next.7 OK for: eslint-import-resolver-node@0.3.10 want: ^2.0.0-next.6
1027 silly fetch manifest hasown@^2.0.3
1028 silly packumentCache full:https://registry.npmjs.org/hasown cache-miss
1029 silly fetch manifest es-errors@^1.3.0
1030 silly packumentCache full:https://registry.npmjs.org/es-errors cache-miss
1031 silly fetch manifest node-exports-info@^1.6.0
1032 silly packumentCache full:https://registry.npmjs.org/node-exports-info cache-miss
1033 silly fetch manifest object-keys@^1.1.1
1034 silly packumentCache full:https://registry.npmjs.org/object-keys cache-miss
1035 silly fetch manifest path-parse@^1.0.7
1036 silly packumentCache full:https://registry.npmjs.org/path-parse cache-miss
1037 silly fetch manifest supports-preserve-symlinks-flag@^1.0.0
1038 silly packumentCache full:https://registry.npmjs.org/supports-preserve-symlinks-flag cache-miss
1039 http cache https://registry.npmjs.org/hasown 3ms (cache hit)
1040 silly packumentCache full:https://registry.npmjs.org/hasown set size:15429 disposed:false
1041 http fetch GET 200 https://registry.npmjs.org/path-parse 56ms (cache miss)
1042 silly packumentCache full:https://registry.npmjs.org/path-parse set size:undefined disposed:false
1043 http fetch GET 200 https://registry.npmjs.org/object-keys 57ms (cache miss)
1044 silly packumentCache full:https://registry.npmjs.org/object-keys set size:undefined disposed:false
1045 http fetch GET 200 https://registry.npmjs.org/node-exports-info 60ms (cache miss)
1046 silly packumentCache full:https://registry.npmjs.org/node-exports-info set size:undefined disposed:false
1047 http fetch GET 200 https://registry.npmjs.org/es-errors 66ms (cache miss)
1048 silly packumentCache full:https://registry.npmjs.org/es-errors set size:undefined disposed:false
1049 http fetch GET 200 https://registry.npmjs.org/supports-preserve-symlinks-flag 66ms (cache miss)
1050 silly packumentCache full:https://registry.npmjs.org/supports-preserve-symlinks-flag set size:undefined disposed:false
1051 silly placeDep ROOT @nolyfill/is-core-module@1.0.39 OK for: eslint-import-resolver-typescript@3.10.1 want: 1.0.39
1052 silly placeDep ROOT get-tsconfig@4.14.0 OK for: eslint-import-resolver-typescript@3.10.1 want: ^4.10.0
1053 silly placeDep ROOT is-bun-module@2.0.0 OK for: eslint-import-resolver-typescript@3.10.1 want: ^2.0.0
1054 silly placeDep ROOT stable-hash@0.0.5 OK for: eslint-import-resolver-typescript@3.10.1 want: ^0.0.5
1055 silly placeDep ROOT tinyglobby@0.2.16 OK for: eslint-import-resolver-typescript@3.10.1 want: ^0.2.13
1056 silly placeDep ROOT unrs-resolver@1.12.2 OK for: eslint-import-resolver-typescript@3.10.1 want: ^1.6.2
1057 silly fetch manifest resolve-pkg-maps@^1.0.0
1058 silly packumentCache full:https://registry.npmjs.org/resolve-pkg-maps cache-miss
1059 silly fetch manifest semver@^7.7.1
1060 silly packumentCache full:https://registry.npmjs.org/semver cache-miss
1061 silly fetch manifest fdir@^6.5.0
1062 silly packumentCache full:https://registry.npmjs.org/fdir cache-miss
1063 silly fetch manifest picomatch@^4.0.4
1064 silly packumentCache full:https://registry.npmjs.org/picomatch cache-miss
1065 silly fetch manifest napi-postinstall@^0.3.4
1066 silly packumentCache full:https://registry.npmjs.org/napi-postinstall cache-miss
1067 silly fetch manifest @unrs/resolver-binding-darwin-arm64@1.12.2
1068 silly packumentCache full:https://registry.npmjs.org/@unrs%2fresolver-binding-darwin-arm64 cache-miss
1069 silly fetch manifest @unrs/resolver-binding-android-arm64@1.12.2
1070 silly packumentCache full:https://registry.npmjs.org/@unrs%2fresolver-binding-android-arm64 cache-miss
1071 silly fetch manifest @unrs/resolver-binding-win32-arm64-msvc@1.12.2
1072 silly packumentCache full:https://registry.npmjs.org/@unrs%2fresolver-binding-win32-arm64-msvc cache-miss
1073 silly fetch manifest @unrs/resolver-binding-linux-arm64-gnu@1.12.2
1074 silly packumentCache full:https://registry.npmjs.org/@unrs%2fresolver-binding-linux-arm64-gnu cache-miss
1075 http cache https://registry.npmjs.org/semver 5ms (cache hit)
1076 silly packumentCache full:https://registry.npmjs.org/semver set size:235672 disposed:false
1077 silly fetch manifest @unrs/resolver-binding-linux-arm64-musl@1.12.2
1078 silly packumentCache full:https://registry.npmjs.org/@unrs%2fresolver-binding-linux-arm64-musl cache-miss
1079 http fetch GET 200 https://registry.npmjs.org/resolve-pkg-maps 75ms (cache miss)
1080 silly packumentCache full:https://registry.npmjs.org/resolve-pkg-maps set size:undefined disposed:false
1081 silly fetch manifest @unrs/resolver-binding-openharmony-arm64@1.12.2
1082 silly packumentCache full:https://registry.npmjs.org/@unrs%2fresolver-binding-openharmony-arm64 cache-miss
1083 http fetch GET 200 https://registry.npmjs.org/@unrs%2fresolver-binding-android-arm64 77ms (cache miss)
1084 silly packumentCache full:https://registry.npmjs.org/@unrs%2fresolver-binding-android-arm64 set size:undefined disposed:false
1085 silly fetch manifest @unrs/resolver-binding-android-arm-eabi@1.12.2
1086 silly packumentCache full:https://registry.npmjs.org/@unrs%2fresolver-binding-android-arm-eabi cache-miss
1087 http fetch GET 200 https://registry.npmjs.org/napi-postinstall 80ms (cache miss)
1088 silly packumentCache full:https://registry.npmjs.org/napi-postinstall set size:undefined disposed:false
1089 silly fetch manifest @unrs/resolver-binding-linux-arm-gnueabihf@1.12.2
1090 silly packumentCache full:https://registry.npmjs.org/@unrs%2fresolver-binding-linux-arm-gnueabihf cache-miss
1091 http fetch GET 200 https://registry.npmjs.org/@unrs%2fresolver-binding-linux-arm64-musl 74ms (cache miss)
1092 silly packumentCache full:https://registry.npmjs.org/@unrs%2fresolver-binding-linux-arm64-musl set size:undefined disposed:false
1093 silly fetch manifest @unrs/resolver-binding-linux-arm-musleabihf@1.12.2
1094 silly packumentCache full:https://registry.npmjs.org/@unrs%2fresolver-binding-linux-arm-musleabihf cache-miss
1095 http fetch GET 200 https://registry.npmjs.org/picomatch 81ms (cache miss)
1096 silly packumentCache full:https://registry.npmjs.org/picomatch set size:undefined disposed:false
1097 silly fetch manifest @unrs/resolver-binding-win32-ia32-msvc@1.12.2
1098 silly packumentCache full:https://registry.npmjs.org/@unrs%2fresolver-binding-win32-ia32-msvc cache-miss
1099 http fetch GET 200 https://registry.npmjs.org/@unrs%2fresolver-binding-darwin-arm64 82ms (cache miss)
1100 silly packumentCache full:https://registry.npmjs.org/@unrs%2fresolver-binding-darwin-arm64 set size:undefined disposed:false
1101 silly fetch manifest @unrs/resolver-binding-linux-loong64-gnu@1.12.2
1102 silly packumentCache full:https://registry.npmjs.org/@unrs%2fresolver-binding-linux-loong64-gnu cache-miss
1103 http fetch GET 200 https://registry.npmjs.org/fdir 85ms (cache miss)
1104 silly packumentCache full:https://registry.npmjs.org/fdir set size:undefined disposed:false
1105 silly fetch manifest @unrs/resolver-binding-linux-loong64-musl@1.12.2
1106 silly packumentCache full:https://registry.npmjs.org/@unrs%2fresolver-binding-linux-loong64-musl cache-miss
1107 http fetch GET 200 https://registry.npmjs.org/@unrs%2fresolver-binding-win32-arm64-msvc 88ms (cache miss)
1108 silly packumentCache full:https://registry.npmjs.org/@unrs%2fresolver-binding-win32-arm64-msvc set size:undefined disposed:false
1109 silly fetch manifest @unrs/resolver-binding-linux-ppc64-gnu@1.12.2
1110 silly packumentCache full:https://registry.npmjs.org/@unrs%2fresolver-binding-linux-ppc64-gnu cache-miss
1111 http fetch GET 200 https://registry.npmjs.org/@unrs%2fresolver-binding-linux-arm64-gnu 102ms (cache miss)
1112 silly packumentCache full:https://registry.npmjs.org/@unrs%2fresolver-binding-linux-arm64-gnu set size:undefined disposed:false
1113 silly fetch manifest @unrs/resolver-binding-linux-riscv64-gnu@1.12.2
1114 silly packumentCache full:https://registry.npmjs.org/@unrs%2fresolver-binding-linux-riscv64-gnu cache-miss
1115 http fetch GET 200 https://registry.npmjs.org/@unrs%2fresolver-binding-linux-loong64-gnu 74ms (cache miss)
1116 silly packumentCache full:https://registry.npmjs.org/@unrs%2fresolver-binding-linux-loong64-gnu set size:undefined disposed:false
1117 silly fetch manifest @unrs/resolver-binding-linux-riscv64-musl@1.12.2
1118 silly packumentCache full:https://registry.npmjs.org/@unrs%2fresolver-binding-linux-riscv64-musl cache-miss
1119 http fetch GET 200 https://registry.npmjs.org/@unrs%2fresolver-binding-android-arm-eabi 85ms (cache miss)
1120 silly packumentCache full:https://registry.npmjs.org/@unrs%2fresolver-binding-android-arm-eabi set size:undefined disposed:false
1121 silly fetch manifest @unrs/resolver-binding-linux-s390x-gnu@1.12.2
1122 silly packumentCache full:https://registry.npmjs.org/@unrs%2fresolver-binding-linux-s390x-gnu cache-miss
1123 http fetch GET 200 https://registry.npmjs.org/@unrs%2fresolver-binding-linux-loong64-musl 79ms (cache miss)
1124 silly packumentCache full:https://registry.npmjs.org/@unrs%2fresolver-binding-linux-loong64-musl set size:undefined disposed:false
1125 silly fetch manifest @unrs/resolver-binding-wasm32-wasi@1.12.2
1126 silly packumentCache full:https://registry.npmjs.org/@unrs%2fresolver-binding-wasm32-wasi cache-miss
1127 http fetch GET 200 https://registry.npmjs.org/@unrs%2fresolver-binding-win32-ia32-msvc 84ms (cache miss)
1128 silly packumentCache full:https://registry.npmjs.org/@unrs%2fresolver-binding-win32-ia32-msvc set size:undefined disposed:false
1129 silly fetch manifest @unrs/resolver-binding-darwin-x64@1.12.2
1130 silly packumentCache full:https://registry.npmjs.org/@unrs%2fresolver-binding-darwin-x64 cache-miss
1131 http fetch GET 200 https://registry.npmjs.org/@unrs%2fresolver-binding-openharmony-arm64 97ms (cache miss)
1132 silly packumentCache full:https://registry.npmjs.org/@unrs%2fresolver-binding-openharmony-arm64 set size:undefined disposed:false
1133 silly fetch manifest @unrs/resolver-binding-win32-x64-msvc@1.12.2
1134 silly packumentCache full:https://registry.npmjs.org/@unrs%2fresolver-binding-win32-x64-msvc cache-miss
1135 http fetch GET 200 https://registry.npmjs.org/@unrs%2fresolver-binding-linux-arm-gnueabihf 95ms (cache miss)
1136 silly packumentCache full:https://registry.npmjs.org/@unrs%2fresolver-binding-linux-arm-gnueabihf set size:undefined disposed:false
1137 silly fetch manifest @unrs/resolver-binding-freebsd-x64@1.12.2
1138 silly packumentCache full:https://registry.npmjs.org/@unrs%2fresolver-binding-freebsd-x64 cache-miss
1139 http fetch GET 200 https://registry.npmjs.org/@unrs%2fresolver-binding-linux-arm-musleabihf 97ms (cache miss)
1140 silly packumentCache full:https://registry.npmjs.org/@unrs%2fresolver-binding-linux-arm-musleabihf set size:undefined disposed:false
1141 silly fetch manifest @unrs/resolver-binding-linux-x64-gnu@1.12.2
1142 silly packumentCache full:https://registry.npmjs.org/@unrs%2fresolver-binding-linux-x64-gnu cache-miss
1143 http fetch GET 200 https://registry.npmjs.org/@unrs%2fresolver-binding-linux-ppc64-gnu 90ms (cache miss)
1144 silly packumentCache full:https://registry.npmjs.org/@unrs%2fresolver-binding-linux-ppc64-gnu set size:undefined disposed:false
1145 silly fetch manifest @unrs/resolver-binding-linux-x64-musl@1.12.2
1146 silly packumentCache full:https://registry.npmjs.org/@unrs%2fresolver-binding-linux-x64-musl cache-miss
1147 http fetch GET 200 https://registry.npmjs.org/@unrs%2fresolver-binding-linux-riscv64-gnu 95ms (cache miss)
1148 silly packumentCache full:https://registry.npmjs.org/@unrs%2fresolver-binding-linux-riscv64-gnu set size:undefined disposed:false
1149 http fetch GET 200 https://registry.npmjs.org/@unrs%2fresolver-binding-linux-s390x-gnu 73ms (cache miss)
1150 silly packumentCache full:https://registry.npmjs.org/@unrs%2fresolver-binding-linux-s390x-gnu set size:undefined disposed:false
1151 http fetch GET 200 https://registry.npmjs.org/@unrs%2fresolver-binding-linux-riscv64-musl 82ms (cache miss)
1152 silly packumentCache full:https://registry.npmjs.org/@unrs%2fresolver-binding-linux-riscv64-musl set size:undefined disposed:false
1153 http fetch GET 200 https://registry.npmjs.org/@unrs%2fresolver-binding-wasm32-wasi 72ms (cache miss)
1154 silly packumentCache full:https://registry.npmjs.org/@unrs%2fresolver-binding-wasm32-wasi set size:undefined disposed:false
1155 http fetch GET 200 https://registry.npmjs.org/@unrs%2fresolver-binding-darwin-x64 84ms (cache miss)
1156 silly packumentCache full:https://registry.npmjs.org/@unrs%2fresolver-binding-darwin-x64 set size:undefined disposed:false
1157 http fetch GET 200 https://registry.npmjs.org/@unrs%2fresolver-binding-linux-x64-gnu 85ms (cache miss)
1158 silly packumentCache full:https://registry.npmjs.org/@unrs%2fresolver-binding-linux-x64-gnu set size:undefined disposed:false
1159 http fetch GET 200 https://registry.npmjs.org/@unrs%2fresolver-binding-freebsd-x64 90ms (cache miss)
1160 silly packumentCache full:https://registry.npmjs.org/@unrs%2fresolver-binding-freebsd-x64 set size:undefined disposed:false
1161 http fetch GET 200 https://registry.npmjs.org/@unrs%2fresolver-binding-linux-x64-musl 85ms (cache miss)
1162 silly packumentCache full:https://registry.npmjs.org/@unrs%2fresolver-binding-linux-x64-musl set size:undefined disposed:false
1163 http fetch GET 200 https://registry.npmjs.org/@unrs%2fresolver-binding-win32-x64-msvc 92ms (cache miss)
1164 silly packumentCache full:https://registry.npmjs.org/@unrs%2fresolver-binding-win32-x64-msvc set size:undefined disposed:false
1165 silly placeDep ROOT @rtsao/scc@1.1.0 OK for: eslint-plugin-import@2.32.0 want: ^1.1.0
1166 silly placeDep ROOT array-includes@3.1.9 OK for: eslint-plugin-import@2.32.0 want: ^3.1.9
1167 silly placeDep ROOT array.prototype.findlastindex@1.2.6 OK for: eslint-plugin-import@2.32.0 want: ^1.2.6
1168 silly placeDep ROOT array.prototype.flat@1.3.3 OK for: eslint-plugin-import@2.32.0 want: ^1.3.3
1169 silly placeDep ROOT array.prototype.flatmap@1.3.3 OK for: eslint-plugin-import@2.32.0 want: ^1.3.3
1170 silly placeDep node_modules/eslint-plugin-import debug@3.2.7 OK for: eslint-plugin-import@2.32.0 want: ^3.2.7
1171 silly placeDep ROOT doctrine@2.1.0 OK for: eslint-plugin-import@2.32.0 want: ^2.1.0
1172 silly placeDep ROOT eslint-module-utils@2.12.1 OK for: eslint-plugin-import@2.32.0 want: ^2.12.1
1173 silly placeDep ROOT hasown@2.0.3 OK for: eslint-plugin-import@2.32.0 want: ^2.0.2
1174 silly placeDep ROOT object.fromentries@2.0.8 OK for: eslint-plugin-import@2.32.0 want: ^2.0.8
1175 silly placeDep ROOT object.groupby@1.0.3 OK for: eslint-plugin-import@2.32.0 want: ^1.0.3
1176 silly placeDep ROOT object.values@1.2.1 OK for: eslint-plugin-import@2.32.0 want: ^1.2.1
1177 silly placeDep ROOT semver@6.3.1 OK for: eslint-plugin-import@2.32.0 want: ^6.3.1
1178 silly placeDep ROOT string.prototype.trimend@1.0.9 OK for: eslint-plugin-import@2.32.0 want: ^1.0.9
1179 silly placeDep ROOT tsconfig-paths@3.15.0 OK for: eslint-plugin-import@2.32.0 want: ^3.15.0
1180 silly fetch manifest call-bind@^1.0.8
1181 silly packumentCache full:https://registry.npmjs.org/call-bind cache-miss
1182 silly fetch manifest call-bound@^1.0.4
1183 silly packumentCache full:https://registry.npmjs.org/call-bound cache-miss
1184 silly fetch manifest define-properties@^1.2.1
1185 silly packumentCache full:https://registry.npmjs.org/define-properties cache-miss
1186 silly fetch manifest es-abstract@^1.24.0
1187 silly packumentCache full:https://registry.npmjs.org/es-abstract cache-miss
1188 silly fetch manifest es-object-atoms@^1.1.1
1189 silly packumentCache full:https://registry.npmjs.org/es-object-atoms cache-miss
1190 silly fetch manifest get-intrinsic@^1.3.0
1191 silly packumentCache full:https://registry.npmjs.org/get-intrinsic cache-miss
1192 silly fetch manifest is-string@^1.1.1
1193 silly packumentCache full:https://registry.npmjs.org/is-string cache-miss
1194 silly fetch manifest math-intrinsics@^1.1.0
1195 silly packumentCache full:https://registry.npmjs.org/math-intrinsics cache-miss
1196 silly fetch manifest call-bind@^1.0.8
1197 silly packumentCache full:https://registry.npmjs.org/call-bind cache-miss
1198 http fetch GET 200 https://registry.npmjs.org/call-bind 49ms (cache miss)
1199 silly packumentCache full:https://registry.npmjs.org/call-bind set size:undefined disposed:false
1200 silly fetch manifest call-bound@^1.0.4
1201 silly packumentCache full:https://registry.npmjs.org/call-bound cache-miss
1202 http fetch GET 200 https://registry.npmjs.org/define-properties 52ms (cache miss)
1203 silly packumentCache full:https://registry.npmjs.org/define-properties set size:undefined disposed:false
1204 silly fetch manifest es-abstract@^1.23.9
1205 silly packumentCache full:https://registry.npmjs.org/es-abstract cache-miss
1206 http fetch GET 200 https://registry.npmjs.org/get-intrinsic 63ms (cache miss)
1207 silly packumentCache full:https://registry.npmjs.org/get-intrinsic set size:undefined disposed:false
1208 silly fetch manifest es-object-atoms@^1.1.1
1209 silly packumentCache full:https://registry.npmjs.org/es-object-atoms cache-miss
1210 http fetch GET 200 https://registry.npmjs.org/es-object-atoms 66ms (cache miss)
1211 silly packumentCache full:https://registry.npmjs.org/es-object-atoms set size:undefined disposed:false
1212 silly fetch manifest es-shim-unscopables@^1.1.0
1213 silly packumentCache full:https://registry.npmjs.org/es-shim-unscopables cache-miss
1214 http fetch GET 200 https://registry.npmjs.org/es-abstract 68ms (cache miss)
1215 silly packumentCache full:https://registry.npmjs.org/es-abstract set size:undefined disposed:false
1216 silly fetch manifest es-abstract@^1.23.5
1217 silly packumentCache full:https://registry.npmjs.org/es-abstract cache-miss
1218 http fetch GET 200 https://registry.npmjs.org/call-bound 71ms (cache miss)
1219 silly packumentCache full:https://registry.npmjs.org/call-bound set size:undefined disposed:false
1220 silly fetch manifest es-shim-unscopables@^1.0.2
1221 silly packumentCache full:https://registry.npmjs.org/es-shim-unscopables cache-miss
1222 http fetch GET 200 https://registry.npmjs.org/math-intrinsics 72ms (cache miss)
1223 silly packumentCache full:https://registry.npmjs.org/math-intrinsics set size:undefined disposed:false
1224 silly fetch manifest es-abstract@^1.23.5
1225 silly packumentCache full:https://registry.npmjs.org/es-abstract cache-miss
1226 http fetch GET 200 https://registry.npmjs.org/call-bind 73ms (cache miss)
1227 silly packumentCache full:https://registry.npmjs.org/call-bind set size:undefined disposed:false
1228 silly fetch manifest es-shim-unscopables@^1.0.2
1229 silly packumentCache full:https://registry.npmjs.org/es-shim-unscopables cache-miss
1230 http cache https://registry.npmjs.org/es-abstract 5ms (cache hit)
1231 silly packumentCache full:https://registry.npmjs.org/es-abstract set size:384124 disposed:false
1232 silly fetch manifest function-bind@^1.1.2
1233 silly packumentCache full:https://registry.npmjs.org/function-bind cache-miss
1234 http fetch GET 200 https://registry.npmjs.org/is-string 75ms (cache miss)
1235 silly packumentCache full:https://registry.npmjs.org/is-string set size:undefined disposed:false
1236 silly fetch manifest call-bind@^1.0.7
1237 silly packumentCache full:https://registry.npmjs.org/call-bind cache-miss
1238 http cache https://registry.npmjs.org/es-abstract 5ms (cache hit)
1239 silly packumentCache full:https://registry.npmjs.org/es-abstract set size:384124 disposed:false
1240 silly packumentCache full:https://registry.npmjs.org/es-abstract dispose
1241 silly fetch manifest es-abstract@^1.23.2
1242 silly packumentCache full:https://registry.npmjs.org/es-abstract cache-hit
1243 silly fetch manifest es-object-atoms@^1.0.0
1244 silly packumentCache full:https://registry.npmjs.org/es-object-atoms cache-miss
1245 http cache https://registry.npmjs.org/call-bind 4ms (cache hit)
1246 silly packumentCache full:https://registry.npmjs.org/call-bind set size:32985 disposed:false
1247 silly fetch manifest call-bound@^1.0.3
1248 silly packumentCache full:https://registry.npmjs.org/call-bound cache-miss
1249 http cache https://registry.npmjs.org/es-object-atoms 2ms (cache hit)
1250 silly packumentCache full:https://registry.npmjs.org/es-object-atoms set size:18278 disposed:false
1251 silly fetch manifest call-bound@^1.0.2
1252 silly packumentCache full:https://registry.npmjs.org/call-bound cache-miss
1253 http cache https://registry.npmjs.org/call-bound 2ms (cache hit)
1254 silly packumentCache full:https://registry.npmjs.org/call-bound set size:15317 disposed:false
1255 silly fetch manifest json5@^1.0.2
1256 silly packumentCache full:https://registry.npmjs.org/json5 cache-miss
1257 http cache https://registry.npmjs.org/call-bound 2ms (cache hit)
1258 silly packumentCache full:https://registry.npmjs.org/call-bound set size:15317 disposed:false
1259 silly packumentCache full:https://registry.npmjs.org/call-bound dispose
1260 silly fetch manifest minimist@^1.2.6
1261 silly packumentCache full:https://registry.npmjs.org/minimist cache-miss
1262 http fetch GET 200 https://registry.npmjs.org/es-object-atoms 53ms (cache miss)
1263 silly packumentCache full:https://registry.npmjs.org/es-object-atoms set size:undefined disposed:false
1264 silly packumentCache full:https://registry.npmjs.org/es-object-atoms dispose
1265 silly fetch manifest strip-bom@^3.0.0
1266 silly packumentCache full:https://registry.npmjs.org/strip-bom cache-miss
1267 http fetch GET 200 https://registry.npmjs.org/es-abstract 66ms (cache miss)
1268 silly packumentCache full:https://registry.npmjs.org/es-abstract set size:undefined disposed:true
1269 silly packumentCache full:https://registry.npmjs.org/es-abstract dispose
1270 silly fetch manifest @types/json5@^0.0.29
1271 silly packumentCache full:https://registry.npmjs.org/@types%2fjson5 cache-miss
1272 http fetch GET 200 https://registry.npmjs.org/es-shim-unscopables 54ms (cache miss)
1273 silly packumentCache full:https://registry.npmjs.org/es-shim-unscopables set size:undefined disposed:false
1274 http fetch GET 200 https://registry.npmjs.org/es-shim-unscopables 70ms (cache miss)
1275 silly packumentCache full:https://registry.npmjs.org/es-shim-unscopables set size:undefined disposed:false
1276 http fetch GET 200 https://registry.npmjs.org/es-shim-unscopables 72ms (cache miss)
1277 silly packumentCache full:https://registry.npmjs.org/es-shim-unscopables set size:undefined disposed:false
1278 http fetch GET 200 https://registry.npmjs.org/function-bind 77ms (cache miss)
1279 silly packumentCache full:https://registry.npmjs.org/function-bind set size:undefined disposed:false
1280 http fetch GET 200 https://registry.npmjs.org/json5 70ms (cache miss)
1281 silly packumentCache full:https://registry.npmjs.org/json5 set size:undefined disposed:false
1282 http fetch GET 200 https://registry.npmjs.org/call-bound 109ms (cache miss)
1283 silly packumentCache full:https://registry.npmjs.org/call-bound set size:undefined disposed:true
1284 silly packumentCache full:https://registry.npmjs.org/call-bound dispose
1285 http fetch GET 200 https://registry.npmjs.org/minimist 74ms (cache miss)
1286 silly packumentCache full:https://registry.npmjs.org/minimist set size:undefined disposed:false
1287 http fetch GET 200 https://registry.npmjs.org/strip-bom 59ms (cache miss)
1288 silly packumentCache full:https://registry.npmjs.org/strip-bom set size:undefined disposed:false
1289 http fetch GET 200 https://registry.npmjs.org/@types%2fjson5 61ms (cache miss)
1290 silly packumentCache full:https://registry.npmjs.org/@types%2fjson5 set size:undefined disposed:false
1291 silly placeDep ROOT call-bind@1.0.9 OK for: array-includes@3.1.9 want: ^1.0.8
1292 silly placeDep ROOT call-bound@1.0.4 OK for: array-includes@3.1.9 want: ^1.0.4
1293 silly placeDep ROOT define-properties@1.2.1 OK for: array-includes@3.1.9 want: ^1.2.1
1294 silly placeDep ROOT es-abstract@1.24.2 OK for: array-includes@3.1.9 want: ^1.24.0
1295 silly placeDep ROOT es-object-atoms@1.1.2 OK for: array-includes@3.1.9 want: ^1.1.1
1296 silly placeDep ROOT get-intrinsic@1.3.0 OK for: array-includes@3.1.9 want: ^1.3.0
1297 silly placeDep ROOT is-string@1.1.1 OK for: array-includes@3.1.9 want: ^1.1.1
1298 silly placeDep ROOT math-intrinsics@1.1.0 OK for: array-includes@3.1.9 want: ^1.1.0
1299 silly fetch manifest call-bind-apply-helpers@^1.0.2
1300 silly packumentCache full:https://registry.npmjs.org/call-bind-apply-helpers cache-miss
1301 silly fetch manifest es-define-property@^1.0.1
1302 silly packumentCache full:https://registry.npmjs.org/es-define-property cache-miss
1303 silly fetch manifest set-function-length@^1.2.2
1304 silly packumentCache full:https://registry.npmjs.org/set-function-length cache-miss
1305 silly fetch manifest call-bind-apply-helpers@^1.0.2
1306 silly packumentCache full:https://registry.npmjs.org/call-bind-apply-helpers cache-miss
1307 silly fetch manifest define-data-property@^1.0.1
1308 silly packumentCache full:https://registry.npmjs.org/define-data-property cache-miss
1309 silly fetch manifest has-property-descriptors@^1.0.0
1310 silly packumentCache full:https://registry.npmjs.org/has-property-descriptors cache-miss
1311 silly fetch manifest array-buffer-byte-length@^1.0.2
1312 silly packumentCache full:https://registry.npmjs.org/array-buffer-byte-length cache-miss
1313 silly fetch manifest arraybuffer.prototype.slice@^1.0.4
1314 silly packumentCache full:https://registry.npmjs.org/arraybuffer.prototype.slice cache-miss
1315 silly fetch manifest available-typed-arrays@^1.0.7
1316 silly packumentCache full:https://registry.npmjs.org/available-typed-arrays cache-miss
1317 http fetch GET 200 https://registry.npmjs.org/available-typed-arrays 55ms (cache miss)
1318 silly packumentCache full:https://registry.npmjs.org/available-typed-arrays set size:undefined disposed:false
1319 silly fetch manifest data-view-buffer@^1.0.2
1320 silly packumentCache full:https://registry.npmjs.org/data-view-buffer cache-miss
1321 http fetch GET 200 https://registry.npmjs.org/array-buffer-byte-length 57ms (cache miss)
1322 silly packumentCache full:https://registry.npmjs.org/array-buffer-byte-length set size:undefined disposed:false
1323 silly fetch manifest data-view-byte-length@^1.0.2
1324 silly packumentCache full:https://registry.npmjs.org/data-view-byte-length cache-miss
1325 http fetch GET 200 https://registry.npmjs.org/arraybuffer.prototype.slice 58ms (cache miss)
1326 silly packumentCache full:https://registry.npmjs.org/arraybuffer.prototype.slice set size:undefined disposed:false
1327 silly fetch manifest data-view-byte-offset@^1.0.1
1328 silly packumentCache full:https://registry.npmjs.org/data-view-byte-offset cache-miss
1329 http fetch GET 200 https://registry.npmjs.org/es-define-property 72ms (cache miss)
1330 silly packumentCache full:https://registry.npmjs.org/es-define-property set size:undefined disposed:false
1331 silly fetch manifest es-set-tostringtag@^2.1.0
1332 silly packumentCache full:https://registry.npmjs.org/es-set-tostringtag cache-miss
1333 http fetch GET 200 https://registry.npmjs.org/call-bind-apply-helpers 73ms (cache miss)
1334 silly packumentCache full:https://registry.npmjs.org/call-bind-apply-helpers set size:undefined disposed:false
1335 silly fetch manifest es-to-primitive@^1.3.0
1336 silly packumentCache full:https://registry.npmjs.org/es-to-primitive cache-miss
1337 http fetch GET 200 https://registry.npmjs.org/define-data-property 76ms (cache miss)
1338 silly packumentCache full:https://registry.npmjs.org/define-data-property set size:undefined disposed:false
1339 silly fetch manifest function.prototype.name@^1.1.8
1340 silly packumentCache full:https://registry.npmjs.org/function.prototype.name cache-miss
1341 http fetch GET 200 https://registry.npmjs.org/call-bind-apply-helpers 78ms (cache miss)
1342 silly packumentCache full:https://registry.npmjs.org/call-bind-apply-helpers set size:undefined disposed:false
1343 silly fetch manifest get-proto@^1.0.1
1344 silly packumentCache full:https://registry.npmjs.org/get-proto cache-miss
1345 http fetch GET 200 https://registry.npmjs.org/set-function-length 79ms (cache miss)
1346 silly packumentCache full:https://registry.npmjs.org/set-function-length set size:undefined disposed:false
1347 silly fetch manifest get-symbol-description@^1.1.0
1348 silly packumentCache full:https://registry.npmjs.org/get-symbol-description cache-miss
1349 http fetch GET 200 https://registry.npmjs.org/has-property-descriptors 79ms (cache miss)
1350 silly packumentCache full:https://registry.npmjs.org/has-property-descriptors set size:undefined disposed:false
1351 silly fetch manifest globalthis@^1.0.4
1352 silly packumentCache full:https://registry.npmjs.org/globalthis cache-miss
1353 http fetch GET 200 https://registry.npmjs.org/data-view-byte-length 55ms (cache miss)
1354 silly packumentCache full:https://registry.npmjs.org/data-view-byte-length set size:undefined disposed:false
1355 silly fetch manifest gopd@^1.2.0
1356 silly packumentCache full:https://registry.npmjs.org/gopd cache-miss
1357 http fetch GET 200 https://registry.npmjs.org/data-view-byte-offset 54ms (cache miss)
1358 silly packumentCache full:https://registry.npmjs.org/data-view-byte-offset set size:undefined disposed:false
1359 silly fetch manifest has-property-descriptors@^1.0.2
1360 silly packumentCache full:https://registry.npmjs.org/has-property-descriptors cache-miss
1361 http cache https://registry.npmjs.org/has-property-descriptors 1ms (cache hit)
1362 silly packumentCache full:https://registry.npmjs.org/has-property-descriptors set size:12452 disposed:false
1363 silly fetch manifest has-proto@^1.2.0
1364 silly packumentCache full:https://registry.npmjs.org/has-proto cache-miss
1365 http fetch GET 200 https://registry.npmjs.org/data-view-buffer 66ms (cache miss)
1366 silly packumentCache full:https://registry.npmjs.org/data-view-buffer set size:undefined disposed:false
1367 silly fetch manifest has-symbols@^1.1.0
1368 silly packumentCache full:https://registry.npmjs.org/has-symbols cache-miss
1369 http fetch GET 200 https://registry.npmjs.org/es-set-tostringtag 58ms (cache miss)
1370 silly packumentCache full:https://registry.npmjs.org/es-set-tostringtag set size:undefined disposed:false
1371 silly fetch manifest internal-slot@^1.1.0
1372 silly packumentCache full:https://registry.npmjs.org/internal-slot cache-miss
1373 http fetch GET 200 https://registry.npmjs.org/es-to-primitive 61ms (cache miss)
1374 silly packumentCache full:https://registry.npmjs.org/es-to-primitive set size:undefined disposed:false
1375 silly fetch manifest is-array-buffer@^3.0.5
1376 silly packumentCache full:https://registry.npmjs.org/is-array-buffer cache-miss
1377 http fetch GET 200 https://registry.npmjs.org/get-proto 67ms (cache miss)
1378 silly packumentCache full:https://registry.npmjs.org/get-proto set size:undefined disposed:false
1379 silly fetch manifest is-callable@^1.2.7
1380 silly packumentCache full:https://registry.npmjs.org/is-callable cache-miss
1381 http fetch GET 200 https://registry.npmjs.org/function.prototype.name 70ms (cache miss)
1382 silly packumentCache full:https://registry.npmjs.org/function.prototype.name set size:undefined disposed:false
1383 silly fetch manifest is-data-view@^1.0.2
1384 silly packumentCache full:https://registry.npmjs.org/is-data-view cache-miss
1385 http fetch GET 200 https://registry.npmjs.org/get-symbol-description 71ms (cache miss)
1386 silly packumentCache full:https://registry.npmjs.org/get-symbol-description set size:undefined disposed:false
1387 silly fetch manifest is-negative-zero@^2.0.3
1388 silly packumentCache full:https://registry.npmjs.org/is-negative-zero cache-miss
1389 http fetch GET 200 https://registry.npmjs.org/globalthis 78ms (cache miss)
1390 silly packumentCache full:https://registry.npmjs.org/globalthis set size:undefined disposed:false
1391 silly fetch manifest is-regex@^1.2.1
1392 silly packumentCache full:https://registry.npmjs.org/is-regex cache-miss
1393 http fetch GET 200 https://registry.npmjs.org/gopd 50ms (cache miss)
1394 silly packumentCache full:https://registry.npmjs.org/gopd set size:undefined disposed:false
1395 silly fetch manifest is-set@^2.0.3
1396 silly packumentCache full:https://registry.npmjs.org/is-set cache-miss
1397 http fetch GET 200 https://registry.npmjs.org/has-proto 55ms (cache miss)
1398 silly packumentCache full:https://registry.npmjs.org/has-proto set size:undefined disposed:false
1399 silly fetch manifest is-shared-array-buffer@^1.0.4
1400 silly packumentCache full:https://registry.npmjs.org/is-shared-array-buffer cache-miss
1401 http fetch GET 200 https://registry.npmjs.org/has-symbols 53ms (cache miss)
1402 silly packumentCache full:https://registry.npmjs.org/has-symbols set size:undefined disposed:false
1403 silly fetch manifest is-typed-array@^1.1.15
1404 silly packumentCache full:https://registry.npmjs.org/is-typed-array cache-miss
1405 http fetch GET 200 https://registry.npmjs.org/is-array-buffer 59ms (cache miss)
1406 silly packumentCache full:https://registry.npmjs.org/is-array-buffer set size:undefined disposed:false
1407 silly fetch manifest is-weakref@^1.1.1
1408 silly packumentCache full:https://registry.npmjs.org/is-weakref cache-miss
1409 http fetch GET 200 https://registry.npmjs.org/internal-slot 68ms (cache miss)
1410 silly packumentCache full:https://registry.npmjs.org/internal-slot set size:undefined disposed:false
1411 silly fetch manifest object-inspect@^1.13.4
1412 silly packumentCache full:https://registry.npmjs.org/object-inspect cache-miss
1413 http fetch GET 200 https://registry.npmjs.org/is-negative-zero 64ms (cache miss)
1414 silly packumentCache full:https://registry.npmjs.org/is-negative-zero set size:undefined disposed:false
1415 silly fetch manifest object.assign@^4.1.7
1416 silly packumentCache full:https://registry.npmjs.org/object.assign cache-miss
1417 http fetch GET 200 https://registry.npmjs.org/is-set 53ms (cache miss)
1418 silly packumentCache full:https://registry.npmjs.org/is-set set size:undefined disposed:false
1419 silly fetch manifest own-keys@^1.0.1
1420 silly packumentCache full:https://registry.npmjs.org/own-keys cache-miss
1421 http fetch GET 200 https://registry.npmjs.org/is-data-view 73ms (cache miss)
1422 silly packumentCache full:https://registry.npmjs.org/is-data-view set size:undefined disposed:false
1423 silly fetch manifest regexp.prototype.flags@^1.5.4
1424 silly packumentCache full:https://registry.npmjs.org/regexp.prototype.flags cache-miss
1425 http fetch GET 200 https://registry.npmjs.org/is-callable 77ms (cache miss)
1426 silly packumentCache full:https://registry.npmjs.org/is-callable set size:undefined disposed:false
1427 silly fetch manifest safe-array-concat@^1.1.3
1428 silly packumentCache full:https://registry.npmjs.org/safe-array-concat cache-miss
1429 http fetch GET 200 https://registry.npmjs.org/is-shared-array-buffer 58ms (cache miss)
1430 silly packumentCache full:https://registry.npmjs.org/is-shared-array-buffer set size:undefined disposed:false
1431 silly fetch manifest safe-push-apply@^1.0.0
1432 silly packumentCache full:https://registry.npmjs.org/safe-push-apply cache-miss
1433 http fetch GET 200 https://registry.npmjs.org/is-regex 72ms (cache miss)
1434 silly packumentCache full:https://registry.npmjs.org/is-regex set size:undefined disposed:false
1435 silly fetch manifest safe-regex-test@^1.1.0
1436 silly packumentCache full:https://registry.npmjs.org/safe-regex-test cache-miss
1437 http cache https://registry.npmjs.org/safe-regex-test 1ms (cache hit)
1438 silly packumentCache full:https://registry.npmjs.org/safe-regex-test set size:17412 disposed:false
1439 silly fetch manifest set-proto@^1.0.0
1440 silly packumentCache full:https://registry.npmjs.org/set-proto cache-miss
1441 http fetch GET 200 https://registry.npmjs.org/is-typed-array 66ms (cache miss)
1442 silly packumentCache full:https://registry.npmjs.org/is-typed-array set size:undefined disposed:false
1443 silly fetch manifest stop-iteration-iterator@^1.1.0
1444 silly packumentCache full:https://registry.npmjs.org/stop-iteration-iterator cache-miss
1445 http fetch GET 200 https://registry.npmjs.org/is-weakref 57ms (cache miss)
1446 silly packumentCache full:https://registry.npmjs.org/is-weakref set size:undefined disposed:false
1447 silly fetch manifest string.prototype.trim@^1.2.10
1448 silly packumentCache full:https://registry.npmjs.org/string.prototype.trim cache-miss
1449 http fetch GET 200 https://registry.npmjs.org/object-inspect 61ms (cache miss)
1450 silly packumentCache full:https://registry.npmjs.org/object-inspect set size:undefined disposed:false
1451 silly fetch manifest string.prototype.trimstart@^1.0.8
1452 silly packumentCache full:https://registry.npmjs.org/string.prototype.trimstart cache-miss
1453 http fetch GET 200 https://registry.npmjs.org/own-keys 47ms (cache miss)
1454 silly packumentCache full:https://registry.npmjs.org/own-keys set size:undefined disposed:false
1455 silly fetch manifest typed-array-buffer@^1.0.3
1456 silly packumentCache full:https://registry.npmjs.org/typed-array-buffer cache-miss
1457 http fetch GET 200 https://registry.npmjs.org/set-proto 48ms (cache miss)
1458 silly packumentCache full:https://registry.npmjs.org/set-proto set size:undefined disposed:false
1459 silly fetch manifest typed-array-byte-length@^1.0.3
1460 silly packumentCache full:https://registry.npmjs.org/typed-array-byte-length cache-miss
1461 http fetch GET 200 https://registry.npmjs.org/object.assign 68ms (cache miss)
1462 silly packumentCache full:https://registry.npmjs.org/object.assign set size:undefined disposed:false
1463 silly fetch manifest typed-array-byte-offset@^1.0.4
1464 silly packumentCache full:https://registry.npmjs.org/typed-array-byte-offset cache-miss
1465 http fetch GET 200 https://registry.npmjs.org/stop-iteration-iterator 48ms (cache miss)
1466 silly packumentCache full:https://registry.npmjs.org/stop-iteration-iterator set size:undefined disposed:false
1467 silly fetch manifest typed-array-length@^1.0.7
1468 silly packumentCache full:https://registry.npmjs.org/typed-array-length cache-miss
1469 http fetch GET 200 https://registry.npmjs.org/regexp.prototype.flags 69ms (cache miss)
1470 silly packumentCache full:https://registry.npmjs.org/regexp.prototype.flags set size:undefined disposed:false
1471 silly fetch manifest unbox-primitive@^1.1.0
1472 silly packumentCache full:https://registry.npmjs.org/unbox-primitive cache-miss
1473 http fetch GET 200 https://registry.npmjs.org/safe-push-apply 69ms (cache miss)
1474 silly packumentCache full:https://registry.npmjs.org/safe-push-apply set size:undefined disposed:false
1475 silly fetch manifest which-typed-array@^1.1.19
1476 silly packumentCache full:https://registry.npmjs.org/which-typed-array cache-miss
1477 http fetch GET 200 https://registry.npmjs.org/safe-array-concat 76ms (cache miss)
1478 silly packumentCache full:https://registry.npmjs.org/safe-array-concat set size:undefined disposed:false
1479 silly fetch manifest has-tostringtag@^1.0.2
1480 silly packumentCache full:https://registry.npmjs.org/has-tostringtag cache-miss
1481 http fetch GET 200 https://registry.npmjs.org/typed-array-buffer 48ms (cache miss)
1482 silly packumentCache full:https://registry.npmjs.org/typed-array-buffer set size:undefined disposed:false
1483 http fetch GET 200 https://registry.npmjs.org/string.prototype.trim 62ms (cache miss)
1484 silly packumentCache full:https://registry.npmjs.org/string.prototype.trim set size:undefined disposed:false
1485 http fetch GET 200 https://registry.npmjs.org/string.prototype.trimstart 62ms (cache miss)
1486 silly packumentCache full:https://registry.npmjs.org/string.prototype.trimstart set size:undefined disposed:false
1487 http fetch GET 200 https://registry.npmjs.org/typed-array-byte-length 49ms (cache miss)
1488 silly packumentCache full:https://registry.npmjs.org/typed-array-byte-length set size:undefined disposed:false
1489 http fetch GET 200 https://registry.npmjs.org/unbox-primitive 52ms (cache miss)
1490 silly packumentCache full:https://registry.npmjs.org/unbox-primitive set size:undefined disposed:false
1491 http fetch GET 200 https://registry.npmjs.org/typed-array-byte-offset 74ms (cache miss)
1492 silly packumentCache full:https://registry.npmjs.org/typed-array-byte-offset set size:undefined disposed:false
1493 http fetch GET 200 https://registry.npmjs.org/typed-array-length 68ms (cache miss)
1494 silly packumentCache full:https://registry.npmjs.org/typed-array-length set size:undefined disposed:false
1495 http fetch GET 200 https://registry.npmjs.org/has-tostringtag 69ms (cache miss)
1496 silly packumentCache full:https://registry.npmjs.org/has-tostringtag set size:undefined disposed:false
1497 http fetch GET 200 https://registry.npmjs.org/which-typed-array 71ms (cache miss)
1498 silly packumentCache full:https://registry.npmjs.org/which-typed-array set size:undefined disposed:false
1499 silly placeDep ROOT es-errors@1.3.0 OK for: array.prototype.findlastindex@1.2.6 want: ^1.3.0
1500 silly placeDep ROOT es-shim-unscopables@1.1.0 OK for: array.prototype.findlastindex@1.2.6 want: ^1.1.0
1501 silly placeDep ROOT call-bind-apply-helpers@1.0.2 OK for: call-bind@1.0.9 want: ^1.0.2
1502 silly placeDep ROOT es-define-property@1.0.1 OK for: call-bind@1.0.9 want: ^1.0.1
1503 silly placeDep ROOT set-function-length@1.2.2 OK for: call-bind@1.0.9 want: ^1.2.2
1504 silly fetch manifest define-data-property@^1.1.4
1505 silly packumentCache full:https://registry.npmjs.org/define-data-property cache-miss
1506 silly fetch manifest gopd@^1.0.1
1507 silly packumentCache full:https://registry.npmjs.org/gopd cache-miss
1508 http cache https://registry.npmjs.org/gopd 2ms (cache hit)
1509 silly packumentCache full:https://registry.npmjs.org/gopd set size:11458 disposed:false
1510 http cache https://registry.npmjs.org/define-data-property 2ms (cache hit)
1511 silly packumentCache full:https://registry.npmjs.org/define-data-property set size:28048 disposed:false
1512 silly placeDep ROOT function-bind@1.1.2 OK for: call-bind-apply-helpers@1.0.2 want: ^1.1.2
1513 silly placeDep ROOT define-data-property@1.1.4 OK for: define-properties@1.2.1 want: ^1.0.1
1514 silly placeDep ROOT has-property-descriptors@1.0.2 OK for: define-properties@1.2.1 want: ^1.0.0
1515 silly placeDep ROOT object-keys@1.1.1 OK for: define-properties@1.2.1 want: ^1.1.1
1516 silly placeDep ROOT gopd@1.2.0 OK for: define-data-property@1.1.4 want: ^1.0.1
1517 silly placeDep ROOT array-buffer-byte-length@1.0.2 OK for: es-abstract@1.24.2 want: ^1.0.2
1518 silly placeDep ROOT arraybuffer.prototype.slice@1.0.4 OK for: es-abstract@1.24.2 want: ^1.0.4
1519 silly placeDep ROOT available-typed-arrays@1.0.7 OK for: es-abstract@1.24.2 want: ^1.0.7
1520 silly placeDep ROOT data-view-buffer@1.0.2 OK for: es-abstract@1.24.2 want: ^1.0.2
1521 silly placeDep ROOT data-view-byte-length@1.0.2 OK for: es-abstract@1.24.2 want: ^1.0.2
1522 silly placeDep ROOT data-view-byte-offset@1.0.1 OK for: es-abstract@1.24.2 want: ^1.0.1
1523 silly placeDep ROOT es-set-tostringtag@2.1.0 OK for: es-abstract@1.24.2 want: ^2.1.0
1524 silly placeDep ROOT es-to-primitive@1.3.0 OK for: es-abstract@1.24.2 want: ^1.3.0
1525 silly placeDep ROOT function.prototype.name@1.1.8 OK for: es-abstract@1.24.2 want: ^1.1.8
1526 silly placeDep ROOT get-proto@1.0.1 OK for: es-abstract@1.24.2 want: ^1.0.1
1527 silly placeDep ROOT get-symbol-description@1.1.0 OK for: es-abstract@1.24.2 want: ^1.1.0
1528 silly placeDep ROOT globalthis@1.0.4 OK for: es-abstract@1.24.2 want: ^1.0.4
1529 silly placeDep ROOT has-proto@1.2.0 OK for: es-abstract@1.24.2 want: ^1.2.0
1530 silly placeDep ROOT has-symbols@1.1.0 OK for: es-abstract@1.24.2 want: ^1.1.0
1531 silly placeDep ROOT internal-slot@1.1.0 OK for: es-abstract@1.24.2 want: ^1.1.0
1532 silly placeDep ROOT is-array-buffer@3.0.5 OK for: es-abstract@1.24.2 want: ^3.0.5
1533 silly placeDep ROOT is-callable@1.2.7 OK for: es-abstract@1.24.2 want: ^1.2.7
1534 silly placeDep ROOT is-data-view@1.0.2 OK for: es-abstract@1.24.2 want: ^1.0.2
1535 silly placeDep ROOT is-negative-zero@2.0.3 OK for: es-abstract@1.24.2 want: ^2.0.3
1536 silly placeDep ROOT is-regex@1.2.1 OK for: es-abstract@1.24.2 want: ^1.2.1
1537 silly placeDep ROOT is-set@2.0.3 OK for: es-abstract@1.24.2 want: ^2.0.3
1538 silly placeDep ROOT is-shared-array-buffer@1.0.4 OK for: es-abstract@1.24.2 want: ^1.0.4
1539 silly placeDep ROOT is-typed-array@1.1.15 OK for: es-abstract@1.24.2 want: ^1.1.15
1540 silly placeDep ROOT is-weakref@1.1.1 OK for: es-abstract@1.24.2 want: ^1.1.1
1541 silly placeDep ROOT object-inspect@1.13.4 OK for: es-abstract@1.24.2 want: ^1.13.4
1542 silly placeDep ROOT object.assign@4.1.7 OK for: es-abstract@1.24.2 want: ^4.1.7
1543 silly placeDep ROOT own-keys@1.0.1 OK for: es-abstract@1.24.2 want: ^1.0.1
1544 silly placeDep ROOT regexp.prototype.flags@1.5.4 OK for: es-abstract@1.24.2 want: ^1.5.4
1545 silly placeDep ROOT safe-array-concat@1.1.4 OK for: es-abstract@1.24.2 want: ^1.1.3
1546 silly placeDep ROOT safe-push-apply@1.0.0 OK for: es-abstract@1.24.2 want: ^1.0.0
1547 silly placeDep ROOT safe-regex-test@1.1.0 OK for: es-abstract@1.24.2 want: ^1.1.0
1548 silly placeDep ROOT set-proto@1.0.0 OK for: es-abstract@1.24.2 want: ^1.0.0
1549 silly placeDep ROOT stop-iteration-iterator@1.1.0 OK for: es-abstract@1.24.2 want: ^1.1.0
1550 silly placeDep ROOT string.prototype.trim@1.2.10 OK for: es-abstract@1.24.2 want: ^1.2.10
1551 silly placeDep ROOT string.prototype.trimstart@1.0.8 OK for: es-abstract@1.24.2 want: ^1.0.8
1552 silly placeDep ROOT typed-array-buffer@1.0.3 OK for: es-abstract@1.24.2 want: ^1.0.3
1553 silly placeDep ROOT typed-array-byte-length@1.0.3 OK for: es-abstract@1.24.2 want: ^1.0.3
1554 silly placeDep ROOT typed-array-byte-offset@1.0.4 OK for: es-abstract@1.24.2 want: ^1.0.4
1555 silly placeDep ROOT typed-array-length@1.0.7 OK for: es-abstract@1.24.2 want: ^1.0.7
1556 silly placeDep ROOT unbox-primitive@1.1.0 OK for: es-abstract@1.24.2 want: ^1.1.0
1557 silly placeDep ROOT which-typed-array@1.1.20 OK for: es-abstract@1.24.2 want: ^1.1.19
1558 silly fetch manifest is-array-buffer@^3.0.4
1559 silly packumentCache full:https://registry.npmjs.org/is-array-buffer cache-miss
1560 silly fetch manifest possible-typed-array-names@^1.0.0
1561 silly packumentCache full:https://registry.npmjs.org/possible-typed-array-names cache-miss
1562 silly fetch manifest is-data-view@^1.0.1
1563 silly packumentCache full:https://registry.npmjs.org/is-data-view cache-miss
1564 silly fetch manifest is-date-object@^1.0.5
1565 silly packumentCache full:https://registry.npmjs.org/is-date-object cache-miss
1566 silly fetch manifest is-symbol@^1.0.4
1567 silly packumentCache full:https://registry.npmjs.org/is-symbol cache-miss
1568 silly fetch manifest functions-have-names@^1.2.3
1569 silly packumentCache full:https://registry.npmjs.org/functions-have-names cache-miss
1570 silly fetch manifest dunder-proto@^1.0.1
1571 silly packumentCache full:https://registry.npmjs.org/dunder-proto cache-miss
1572 silly fetch manifest dunder-proto@^1.0.0
1573 silly packumentCache full:https://registry.npmjs.org/dunder-proto cache-miss
1574 silly fetch manifest side-channel@^1.1.0
1575 silly packumentCache full:https://registry.npmjs.org/side-channel cache-miss
1576 http cache https://registry.npmjs.org/is-array-buffer 5ms (cache hit)
1577 silly packumentCache full:https://registry.npmjs.org/is-array-buffer set size:33562 disposed:false
1578 silly fetch manifest is-typed-array@^1.1.13
1579 silly packumentCache full:https://registry.npmjs.org/is-typed-array cache-miss
1580 http cache https://registry.npmjs.org/is-data-view 5ms (cache hit)
1581 silly packumentCache full:https://registry.npmjs.org/is-data-view set size:13756 disposed:false
1582 silly fetch manifest which-typed-array@^1.1.16
1583 silly packumentCache full:https://registry.npmjs.org/which-typed-array cache-miss
1584 http cache https://registry.npmjs.org/which-typed-array 3ms (cache hit)
1585 silly packumentCache full:https://registry.npmjs.org/which-typed-array set size:93605 disposed:false
1586 silly fetch manifest set-function-name@^2.0.2
1587 silly packumentCache full:https://registry.npmjs.org/set-function-name cache-miss
1588 http cache https://registry.npmjs.org/is-typed-array 4ms (cache hit)
1589 silly packumentCache full:https://registry.npmjs.org/is-typed-array set size:79965 disposed:false
1590 silly fetch manifest isarray@^2.0.5
1591 silly packumentCache full:https://registry.npmjs.org/isarray cache-miss
1592 http fetch GET 200 https://registry.npmjs.org/possible-typed-array-names 61ms (cache miss)
1593 silly packumentCache full:https://registry.npmjs.org/possible-typed-array-names set size:undefined disposed:false
1594 silly fetch manifest isarray@^2.0.5
1595 silly packumentCache full:https://registry.npmjs.org/isarray cache-miss
1596 http fetch GET 200 https://registry.npmjs.org/functions-have-names 66ms (cache miss)
1597 silly packumentCache full:https://registry.npmjs.org/functions-have-names set size:undefined disposed:false
1598 silly fetch manifest dunder-proto@^1.0.1
1599 silly packumentCache full:https://registry.npmjs.org/dunder-proto cache-miss
1600 http fetch GET 200 https://registry.npmjs.org/dunder-proto 73ms (cache miss)
1601 silly packumentCache full:https://registry.npmjs.org/dunder-proto set size:undefined disposed:false
1602 silly fetch manifest for-each@^0.3.3
1603 silly packumentCache full:https://registry.npmjs.org/for-each cache-miss
1604 http fetch GET 200 https://registry.npmjs.org/is-date-object 75ms (cache miss)
1605 silly packumentCache full:https://registry.npmjs.org/is-date-object set size:undefined disposed:false
1606 silly fetch manifest for-each@^0.3.3
1607 silly packumentCache full:https://registry.npmjs.org/for-each cache-miss
1608 http fetch GET 200 https://registry.npmjs.org/is-symbol 75ms (cache miss)
1609 silly packumentCache full:https://registry.npmjs.org/is-symbol set size:undefined disposed:false
1610 silly fetch manifest reflect.getprototypeof@^1.0.9
1611 silly packumentCache full:https://registry.npmjs.org/reflect.getprototypeof cache-miss
1612 http fetch GET 200 https://registry.npmjs.org/dunder-proto 77ms (cache miss)
1613 silly packumentCache full:https://registry.npmjs.org/dunder-proto set size:undefined disposed:false
1614 silly fetch manifest for-each@^0.3.3
1615 silly packumentCache full:https://registry.npmjs.org/for-each cache-miss
1616 http fetch GET 200 https://registry.npmjs.org/side-channel 78ms (cache miss)
1617 silly packumentCache full:https://registry.npmjs.org/side-channel set size:undefined disposed:false
1618 silly fetch manifest reflect.getprototypeof@^1.0.6
1619 silly packumentCache full:https://registry.npmjs.org/reflect.getprototypeof cache-miss
1620 http fetch GET 200 https://registry.npmjs.org/isarray 73ms (cache miss)
1621 silly packumentCache full:https://registry.npmjs.org/isarray set size:undefined disposed:false
1622 silly fetch manifest has-bigints@^1.0.2
1623 silly packumentCache full:https://registry.npmjs.org/has-bigints cache-miss
1624 http fetch GET 200 https://registry.npmjs.org/set-function-name 76ms (cache miss)
1625 silly packumentCache full:https://registry.npmjs.org/set-function-name set size:undefined disposed:false
1626 silly fetch manifest which-boxed-primitive@^1.1.1
1627 silly packumentCache full:https://registry.npmjs.org/which-boxed-primitive cache-miss
1628 http fetch GET 200 https://registry.npmjs.org/isarray 49ms (cache miss)
1629 silly packumentCache full:https://registry.npmjs.org/isarray set size:undefined disposed:false
1630 silly fetch manifest for-each@^0.3.5
1631 silly packumentCache full:https://registry.npmjs.org/for-each cache-miss
1632 http fetch GET 200 https://registry.npmjs.org/dunder-proto 49ms (cache miss)
1633 silly packumentCache full:https://registry.npmjs.org/dunder-proto set size:undefined disposed:false
1634 http fetch GET 200 https://registry.npmjs.org/for-each 73ms (cache miss)
1635 silly packumentCache full:https://registry.npmjs.org/for-each set size:undefined disposed:false
1636 http fetch GET 200 https://registry.npmjs.org/reflect.getprototypeof 73ms (cache miss)
1637 silly packumentCache full:https://registry.npmjs.org/reflect.getprototypeof set size:undefined disposed:false
1638 http fetch GET 200 https://registry.npmjs.org/for-each 73ms (cache miss)
1639 silly packumentCache full:https://registry.npmjs.org/for-each set size:undefined disposed:false
1640 http fetch GET 200 https://registry.npmjs.org/for-each 70ms (cache miss)
1641 silly packumentCache full:https://registry.npmjs.org/for-each set size:undefined disposed:false
1642 http fetch GET 200 https://registry.npmjs.org/reflect.getprototypeof 72ms (cache miss)
1643 silly packumentCache full:https://registry.npmjs.org/reflect.getprototypeof set size:undefined disposed:false
1644 http fetch GET 200 https://registry.npmjs.org/has-bigints 70ms (cache miss)
1645 silly packumentCache full:https://registry.npmjs.org/has-bigints set size:undefined disposed:false
1646 http fetch GET 200 https://registry.npmjs.org/which-boxed-primitive 69ms (cache miss)
1647 silly packumentCache full:https://registry.npmjs.org/which-boxed-primitive set size:undefined disposed:false
1648 http fetch GET 200 https://registry.npmjs.org/for-each 55ms (cache miss)
1649 silly packumentCache full:https://registry.npmjs.org/for-each set size:undefined disposed:false
1650 silly placeDep ROOT possible-typed-array-names@1.1.0 OK for: available-typed-arrays@1.0.7 want: ^1.0.0
1651 silly placeDep ROOT has-tostringtag@1.0.2 OK for: es-set-tostringtag@2.1.0 want: ^1.0.2
1652 silly placeDep ROOT is-date-object@1.1.0 OK for: es-to-primitive@1.3.0 want: ^1.0.5
1653 silly placeDep ROOT is-symbol@1.1.1 OK for: es-to-primitive@1.3.0 want: ^1.0.4
1654 silly placeDep node_modules/eslint-module-utils debug@3.2.7 OK for: eslint-module-utils@2.12.1 want: ^3.2.7
1655 silly placeDep ROOT aria-query@5.3.2 OK for: eslint-plugin-jsx-a11y@6.10.2 want: ^5.3.2
1656 silly placeDep ROOT ast-types-flow@0.0.8 OK for: eslint-plugin-jsx-a11y@6.10.2 want: ^0.0.8
1657 silly placeDep ROOT axe-core@4.11.4 OK for: eslint-plugin-jsx-a11y@6.10.2 want: ^4.10.0
1658 silly placeDep ROOT axobject-query@4.1.0 OK for: eslint-plugin-jsx-a11y@6.10.2 want: ^4.1.0
1659 silly placeDep ROOT damerau-levenshtein@1.0.8 OK for: eslint-plugin-jsx-a11y@6.10.2 want: ^1.0.8
1660 silly placeDep ROOT emoji-regex@9.2.2 OK for: eslint-plugin-jsx-a11y@6.10.2 want: ^9.2.2
1661 silly placeDep ROOT jsx-ast-utils@3.3.5 OK for: eslint-plugin-jsx-a11y@6.10.2 want: ^3.3.5
1662 silly placeDep ROOT language-tags@1.0.9 OK for: eslint-plugin-jsx-a11y@6.10.2 want: ^1.0.9
1663 silly placeDep ROOT string.prototype.includes@2.0.1 OK for: eslint-plugin-jsx-a11y@6.10.2 want: ^2.0.1
1664 silly fetch manifest language-subtag-registry@^0.3.20
1665 silly packumentCache full:https://registry.npmjs.org/language-subtag-registry cache-miss
1666 http fetch GET 200 https://registry.npmjs.org/language-subtag-registry 54ms (cache miss)
1667 silly packumentCache full:https://registry.npmjs.org/language-subtag-registry set size:undefined disposed:false
1668 silly placeDep ROOT array.prototype.findlast@1.2.5 OK for: eslint-plugin-react@7.37.5 want: ^1.2.5
1669 silly placeDep ROOT array.prototype.tosorted@1.1.4 OK for: eslint-plugin-react@7.37.5 want: ^1.1.4
1670 silly placeDep ROOT es-iterator-helpers@1.3.2 OK for: eslint-plugin-react@7.37.5 want: ^1.2.1
1671 silly placeDep ROOT estraverse@5.3.0 OK for: eslint-plugin-react@7.37.5 want: ^5.3.0
1672 silly placeDep ROOT object.entries@1.1.9 OK for: eslint-plugin-react@7.37.5 want: ^1.1.9
1673 silly placeDep ROOT prop-types@15.8.1 OK for: eslint-plugin-react@7.37.5 want: ^15.8.1
1674 silly placeDep ROOT string.prototype.matchall@4.0.12 OK for: eslint-plugin-react@7.37.5 want: ^4.0.12
1675 silly placeDep ROOT string.prototype.repeat@1.0.0 OK for: eslint-plugin-react@7.37.5 want: ^1.0.0
1676 silly fetch manifest iterator.prototype@^1.1.5
1677 silly packumentCache full:https://registry.npmjs.org/iterator.prototype cache-miss
1678 silly fetch manifest loose-envify@^1.4.0
1679 silly packumentCache full:https://registry.npmjs.org/loose-envify cache-miss
1680 silly fetch manifest object-assign@^4.1.1
1681 silly packumentCache full:https://registry.npmjs.org/object-assign cache-miss
1682 silly fetch manifest react-is@^16.13.1
1683 silly packumentCache full:https://registry.npmjs.org/react-is cache-miss
1684 http fetch GET 200 https://registry.npmjs.org/loose-envify 57ms (cache miss)
1685 silly packumentCache full:https://registry.npmjs.org/loose-envify set size:undefined disposed:false
1686 http fetch GET 200 https://registry.npmjs.org/iterator.prototype 64ms (cache miss)
1687 silly packumentCache full:https://registry.npmjs.org/iterator.prototype set size:undefined disposed:false
1688 http fetch GET 200 https://registry.npmjs.org/object-assign 64ms (cache miss)
1689 silly packumentCache full:https://registry.npmjs.org/object-assign set size:undefined disposed:false
1690 http fetch GET 200 https://registry.npmjs.org/react-is 248ms (cache miss)
1691 silly packumentCache full:https://registry.npmjs.org/react-is set size:undefined disposed:false
1692 silly placeDep ROOT iterator.prototype@1.1.5 OK for: es-iterator-helpers@1.3.2 want: ^1.1.5
1693 silly placeDep ROOT @babel/core@7.29.7 OK for: eslint-plugin-react-hooks@7.1.1 want: ^7.24.4
1694 silly placeDep ROOT @babel/parser@7.29.7 OK for: eslint-plugin-react-hooks@7.1.1 want: ^7.24.4
1695 silly placeDep ROOT hermes-parser@0.25.1 OK for: eslint-plugin-react-hooks@7.1.1 want: ^0.25.1
1696 silly placeDep ROOT zod@4.4.3 OK for: eslint-plugin-react-hooks@7.1.1 want: ^3.25.0 || ^4.0.0
1697 silly placeDep ROOT zod-validation-error@4.0.2 OK for: eslint-plugin-react-hooks@7.1.1 want: ^3.5.0 || ^4.0.0
1698 silly fetch manifest @babel/code-frame@^7.29.7
1699 silly packumentCache full:https://registry.npmjs.org/@babel%2fcode-frame cache-miss
1700 silly fetch manifest @babel/generator@^7.29.7
1701 silly packumentCache full:https://registry.npmjs.org/@babel%2fgenerator cache-miss
1702 silly fetch manifest @babel/helper-compilation-targets@^7.29.7
1703 silly packumentCache full:https://registry.npmjs.org/@babel%2fhelper-compilation-targets cache-miss
1704 silly fetch manifest @babel/helper-module-transforms@^7.29.7
1705 silly packumentCache full:https://registry.npmjs.org/@babel%2fhelper-module-transforms cache-miss
1706 silly fetch manifest @babel/helpers@^7.29.7
1707 silly packumentCache full:https://registry.npmjs.org/@babel%2fhelpers cache-miss
1708 silly fetch manifest @babel/parser@^7.29.7
1709 silly packumentCache full:https://registry.npmjs.org/@babel%2fparser cache-miss
1710 silly fetch manifest @babel/template@^7.29.7
1711 silly packumentCache full:https://registry.npmjs.org/@babel%2ftemplate cache-miss
1712 silly fetch manifest @babel/traverse@^7.29.7
1713 silly packumentCache full:https://registry.npmjs.org/@babel%2ftraverse cache-miss
1714 silly fetch manifest @babel/types@^7.29.7
1715 silly packumentCache full:https://registry.npmjs.org/@babel%2ftypes cache-miss
1716 http cache https://registry.npmjs.org/@babel%2fparser 4ms (cache hit)
1717 silly packumentCache full:https://registry.npmjs.org/@babel%2fparser set size:730539 disposed:false
1718 silly fetch manifest convert-source-map@^2.0.0
1719 silly packumentCache full:https://registry.npmjs.org/convert-source-map cache-miss
1720 http fetch GET 200 https://registry.npmjs.org/@babel%2ftemplate 61ms (cache miss)
1721 silly packumentCache full:https://registry.npmjs.org/@babel%2ftemplate set size:undefined disposed:false
1722 silly fetch manifest gensync@^1.0.0-beta.2
1723 silly packumentCache full:https://registry.npmjs.org/gensync cache-miss
1724 http fetch GET 200 https://registry.npmjs.org/convert-source-map 79ms (cache miss)
1725 silly packumentCache full:https://registry.npmjs.org/convert-source-map set size:undefined disposed:false
1726 silly fetch manifest json5@^2.2.3
1727 silly packumentCache full:https://registry.npmjs.org/json5 cache-miss
1728 http fetch GET 200 https://registry.npmjs.org/@babel%2fhelper-module-transforms 89ms (cache miss)
1729 silly packumentCache full:https://registry.npmjs.org/@babel%2fhelper-module-transforms set size:undefined disposed:false
1730 silly fetch manifest @babel/types@^7.29.7
1731 silly packumentCache full:https://registry.npmjs.org/@babel%2ftypes cache-miss
1732 http cache https://registry.npmjs.org/json5 6ms (cache hit)
1733 silly packumentCache full:https://registry.npmjs.org/json5 set size:86136 disposed:false
1734 silly fetch manifest hermes-estree@0.25.1
1735 silly packumentCache full:https://registry.npmjs.org/hermes-estree cache-miss
1736 http fetch GET 200 https://registry.npmjs.org/@babel%2fcode-frame 97ms (cache miss)
1737 silly packumentCache full:https://registry.npmjs.org/@babel%2fcode-frame set size:undefined disposed:false
1738 http fetch GET 200 https://registry.npmjs.org/@babel%2fhelpers 100ms (cache miss)
1739 silly packumentCache full:https://registry.npmjs.org/@babel%2fhelpers set size:undefined disposed:false
1740 http fetch GET 200 https://registry.npmjs.org/@babel%2fhelper-compilation-targets 103ms (cache miss)
1741 silly packumentCache full:https://registry.npmjs.org/@babel%2fhelper-compilation-targets set size:undefined disposed:false
1742 http fetch GET 200 https://registry.npmjs.org/@babel%2ftypes 104ms (cache miss)
1743 silly packumentCache full:https://registry.npmjs.org/@babel%2ftypes set size:undefined disposed:false
1744 http fetch GET 200 https://registry.npmjs.org/@babel%2ftraverse 107ms (cache miss)
1745 silly packumentCache full:https://registry.npmjs.org/@babel%2ftraverse set size:undefined disposed:false
1746 http fetch GET 200 https://registry.npmjs.org/@babel%2fgenerator 110ms (cache miss)
1747 silly packumentCache full:https://registry.npmjs.org/@babel%2fgenerator set size:undefined disposed:false
1748 http fetch GET 200 https://registry.npmjs.org/gensync 68ms (cache miss)
1749 silly packumentCache full:https://registry.npmjs.org/gensync set size:undefined disposed:false
1750 http fetch GET 200 https://registry.npmjs.org/hermes-estree 55ms (cache miss)
1751 silly packumentCache full:https://registry.npmjs.org/hermes-estree set size:undefined disposed:false
1752 http fetch GET 200 https://registry.npmjs.org/@babel%2ftypes 111ms (cache miss)
1753 silly packumentCache full:https://registry.npmjs.org/@babel%2ftypes set size:undefined disposed:false
1754 silly placeDep ROOT @babel/code-frame@7.29.7 OK for: @babel/core@7.29.7 want: ^7.29.7
1755 silly placeDep ROOT @babel/generator@7.29.7 OK for: @babel/core@7.29.7 want: ^7.29.7
1756 silly placeDep ROOT @babel/helper-compilation-targets@7.29.7 OK for: @babel/core@7.29.7 want: ^7.29.7
1757 silly placeDep ROOT @babel/helper-module-transforms@7.29.7 OK for: @babel/core@7.29.7 want: ^7.29.7
1758 silly placeDep ROOT @babel/helpers@7.29.7 OK for: @babel/core@7.29.7 want: ^7.29.7
1759 silly placeDep ROOT @babel/template@7.29.7 OK for: @babel/core@7.29.7 want: ^7.29.7
1760 silly placeDep ROOT @babel/traverse@7.29.7 OK for: @babel/core@7.29.7 want: ^7.29.7
1761 silly placeDep ROOT @babel/types@7.29.7 OK for: @babel/core@7.29.7 want: ^7.29.7
1762 silly placeDep ROOT convert-source-map@2.0.0 OK for: @babel/core@7.29.7 want: ^2.0.0
1763 silly placeDep ROOT gensync@1.0.0-beta.2 OK for: @babel/core@7.29.7 want: ^1.0.0-beta.2
1764 silly placeDep ROOT json5@2.2.3 OK for: @babel/core@7.29.7 want: ^2.2.3
1765 silly fetch manifest @babel/helper-validator-identifier@^7.29.7
1766 silly packumentCache full:https://registry.npmjs.org/@babel%2fhelper-validator-identifier cache-miss
1767 silly fetch manifest js-tokens@^4.0.0
1768 silly packumentCache full:https://registry.npmjs.org/js-tokens cache-miss
1769 silly fetch manifest jsesc@^3.0.2
1770 silly packumentCache full:https://registry.npmjs.org/jsesc cache-miss
1771 silly fetch manifest @babel/compat-data@^7.29.7
1772 silly packumentCache full:https://registry.npmjs.org/@babel%2fcompat-data cache-miss
1773 silly fetch manifest @babel/helper-validator-option@^7.29.7
1774 silly packumentCache full:https://registry.npmjs.org/@babel%2fhelper-validator-option cache-miss
1775 silly fetch manifest browserslist@^4.24.0
1776 silly packumentCache full:https://registry.npmjs.org/browserslist cache-miss
1777 silly fetch manifest lru-cache@^5.1.1
1778 silly packumentCache full:https://registry.npmjs.org/lru-cache cache-miss
1779 silly fetch manifest @babel/helper-module-imports@^7.29.7
1780 silly packumentCache full:https://registry.npmjs.org/@babel%2fhelper-module-imports cache-miss
1781 silly fetch manifest @babel/helper-validator-identifier@^7.29.7
1782 silly packumentCache full:https://registry.npmjs.org/@babel%2fhelper-validator-identifier cache-miss
1783 http fetch GET 200 https://registry.npmjs.org/lru-cache 66ms (cache miss)
1784 silly packumentCache full:https://registry.npmjs.org/lru-cache set size:undefined disposed:false
1785 silly fetch manifest @babel/helper-globals@^7.29.7
1786 silly packumentCache full:https://registry.npmjs.org/@babel%2fhelper-globals cache-miss
1787 http fetch GET 200 https://registry.npmjs.org/@babel%2fhelper-validator-identifier 74ms (cache miss)
1788 silly packumentCache full:https://registry.npmjs.org/@babel%2fhelper-validator-identifier set size:undefined disposed:false
1789 silly fetch manifest @babel/helper-string-parser@^7.29.7
1790 silly packumentCache full:https://registry.npmjs.org/@babel%2fhelper-string-parser cache-miss
1791 http fetch GET 200 https://registry.npmjs.org/@babel%2fhelper-validator-option 75ms (cache miss)
1792 silly packumentCache full:https://registry.npmjs.org/@babel%2fhelper-validator-option set size:undefined disposed:false
1793 http fetch GET 200 https://registry.npmjs.org/jsesc 76ms (cache miss)
1794 silly packumentCache full:https://registry.npmjs.org/jsesc set size:undefined disposed:false
1795 http fetch GET 200 https://registry.npmjs.org/@babel%2fhelper-module-imports 76ms (cache miss)
1796 silly packumentCache full:https://registry.npmjs.org/@babel%2fhelper-module-imports set size:undefined disposed:false
1797 http fetch GET 200 https://registry.npmjs.org/js-tokens 85ms (cache miss)
1798 silly packumentCache full:https://registry.npmjs.org/js-tokens set size:undefined disposed:false
1799 http fetch GET 200 https://registry.npmjs.org/@babel%2fhelper-validator-identifier 85ms (cache miss)
1800 silly packumentCache full:https://registry.npmjs.org/@babel%2fhelper-validator-identifier set size:undefined disposed:false
1801 http fetch GET 200 https://registry.npmjs.org/browserslist 95ms (cache miss)
1802 silly packumentCache full:https://registry.npmjs.org/browserslist set size:undefined disposed:false
1803 http fetch GET 200 https://registry.npmjs.org/@babel%2fcompat-data 109ms (cache miss)
1804 silly packumentCache full:https://registry.npmjs.org/@babel%2fcompat-data set size:undefined disposed:false
1805 http fetch GET 200 https://registry.npmjs.org/@babel%2fhelper-globals 61ms (cache miss)
1806 silly packumentCache full:https://registry.npmjs.org/@babel%2fhelper-globals set size:undefined disposed:false
1807 http fetch GET 200 https://registry.npmjs.org/@babel%2fhelper-string-parser 82ms (cache miss)
1808 silly packumentCache full:https://registry.npmjs.org/@babel%2fhelper-string-parser set size:undefined disposed:false
1809 silly placeDep ROOT @babel/helper-validator-identifier@7.29.7 OK for: @babel/code-frame@7.29.7 want: ^7.29.7
1810 silly placeDep ROOT js-tokens@4.0.0 OK for: @babel/code-frame@7.29.7 want: ^4.0.0
1811 silly placeDep ROOT picocolors@1.1.1 OK for: @babel/code-frame@7.29.7 want: ^1.1.1
1812 silly placeDep ROOT jsesc@3.1.0 OK for: @babel/generator@7.29.7 want: ^3.0.2
1813 silly placeDep ROOT @babel/compat-data@7.29.7 OK for: @babel/helper-compilation-targets@7.29.7 want: ^7.29.7
1814 silly placeDep ROOT @babel/helper-validator-option@7.29.7 OK for: @babel/helper-compilation-targets@7.29.7 want: ^7.29.7
1815 silly placeDep ROOT browserslist@4.28.2 OK for: @babel/helper-compilation-targets@7.29.7 want: ^4.24.0
1816 silly placeDep ROOT lru-cache@5.1.1 OK for: @babel/helper-compilation-targets@7.29.7 want: ^5.1.1
1817 silly fetch manifest baseline-browser-mapping@^2.10.12
1818 silly packumentCache full:https://registry.npmjs.org/baseline-browser-mapping cache-miss
1819 silly fetch manifest caniuse-lite@^1.0.30001782
1820 silly packumentCache full:https://registry.npmjs.org/caniuse-lite cache-miss
1821 silly fetch manifest electron-to-chromium@^1.5.328
1822 silly packumentCache full:https://registry.npmjs.org/electron-to-chromium cache-miss
1823 silly fetch manifest node-releases@^2.0.36
1824 silly packumentCache full:https://registry.npmjs.org/node-releases cache-miss
1825 silly fetch manifest update-browserslist-db@^1.2.3
1826 silly packumentCache full:https://registry.npmjs.org/update-browserslist-db cache-miss
1827 silly fetch manifest yallist@^3.0.2
1828 silly packumentCache full:https://registry.npmjs.org/yallist cache-miss
1829 http cache https://registry.npmjs.org/baseline-browser-mapping 3ms (cache hit)
1830 silly packumentCache full:https://registry.npmjs.org/baseline-browser-mapping set size:490771 disposed:false
1831 http cache https://registry.npmjs.org/caniuse-lite 7ms (cache hit)
1832 silly packumentCache full:https://registry.npmjs.org/caniuse-lite set size:2293068 disposed:false
1833 http fetch GET 200 https://registry.npmjs.org/update-browserslist-db 58ms (cache miss)
1834 silly packumentCache full:https://registry.npmjs.org/update-browserslist-db set size:undefined disposed:false
1835 http fetch GET 200 https://registry.npmjs.org/yallist 72ms (cache miss)
1836 silly packumentCache full:https://registry.npmjs.org/yallist set size:undefined disposed:false
1837 http fetch GET 200 https://registry.npmjs.org/node-releases 73ms (cache miss)
1838 silly packumentCache full:https://registry.npmjs.org/node-releases set size:undefined disposed:false
1839 http fetch GET 200 https://registry.npmjs.org/electron-to-chromium 214ms (cache miss)
1840 silly packumentCache full:https://registry.npmjs.org/electron-to-chromium set size:undefined disposed:false
1841 silly placeDep ROOT @babel/helper-module-imports@7.29.7 OK for: @babel/helper-module-transforms@7.29.7 want: ^7.29.7
1842 silly placeDep ROOT @babel/helper-globals@7.29.7 OK for: @babel/traverse@7.29.7 want: ^7.29.7
1843 silly placeDep ROOT @babel/helper-string-parser@7.29.7 OK for: @babel/types@7.29.7 want: ^7.29.7
1844 silly placeDep ROOT baseline-browser-mapping@2.10.32 OK for: browserslist@4.28.2 want: ^2.10.12
1845 silly placeDep ROOT caniuse-lite@1.0.30001793 OK for: browserslist@4.28.2 want: ^1.0.30001782
1846 silly placeDep ROOT electron-to-chromium@1.5.361 OK for: browserslist@4.28.2 want: ^1.5.328
1847 silly placeDep ROOT node-releases@2.0.46 OK for: browserslist@4.28.2 want: ^2.0.36
1848 silly placeDep ROOT update-browserslist-db@1.2.3 OK for: browserslist@4.28.2 want: ^1.2.3
1849 silly fetch manifest escalade@^3.2.0
1850 silly packumentCache full:https://registry.npmjs.org/escalade cache-miss
1851 http fetch GET 200 https://registry.npmjs.org/escalade 228ms (cache miss)
1852 silly packumentCache full:https://registry.npmjs.org/escalade set size:undefined disposed:false
1853 silly placeDep ROOT esrecurse@4.3.0 OK for: eslint-scope@8.4.0 want: ^4.3.0
1854 silly placeDep ROOT acorn@8.16.0 OK for: espree@10.4.0 want: ^8.15.0
1855 silly placeDep ROOT acorn-jsx@5.3.2 OK for: espree@10.4.0 want: ^5.3.2
1856 silly placeDep ROOT @nodelib/fs.stat@2.0.5 OK for: fast-glob@3.3.1 want: ^2.0.2
1857 silly placeDep ROOT @nodelib/fs.walk@1.2.8 OK for: fast-glob@3.3.1 want: ^1.2.3
1858 silly placeDep node_modules/fast-glob glob-parent@5.1.2 OK for: fast-glob@3.3.1 want: ^5.1.2
1859 silly placeDep ROOT merge2@1.4.1 OK for: fast-glob@3.3.1 want: ^1.3.0
1860 silly placeDep ROOT micromatch@4.0.8 OK for: fast-glob@3.3.1 want: ^4.0.4
1861 silly fetch manifest fastq@^1.6.0
1862 silly packumentCache full:https://registry.npmjs.org/fastq cache-miss
1863 silly fetch manifest @nodelib/fs.scandir@2.1.5
1864 silly packumentCache full:https://registry.npmjs.org/@nodelib%2ffs.scandir cache-miss
1865 silly fetch manifest braces@^3.0.3
1866 silly packumentCache full:https://registry.npmjs.org/braces cache-miss
1867 silly fetch manifest picomatch@^2.3.1
1868 silly packumentCache full:https://registry.npmjs.org/picomatch cache-miss
1869 http cache https://registry.npmjs.org/picomatch 4ms (cache hit)
1870 silly packumentCache full:https://registry.npmjs.org/picomatch set size:126376 disposed:false
1871 http fetch GET 200 https://registry.npmjs.org/braces 59ms (cache miss)
1872 silly packumentCache full:https://registry.npmjs.org/braces set size:undefined disposed:false
1873 http fetch GET 200 https://registry.npmjs.org/fastq 75ms (cache miss)
1874 silly packumentCache full:https://registry.npmjs.org/fastq set size:undefined disposed:false
1875 http fetch GET 200 https://registry.npmjs.org/@nodelib%2ffs.scandir 85ms (cache miss)
1876 silly packumentCache full:https://registry.npmjs.org/@nodelib%2ffs.scandir set size:undefined disposed:false
1877 silly placeDep ROOT @nodelib/fs.scandir@2.1.5 OK for: @nodelib/fs.walk@1.2.8 want: 2.1.5
1878 silly placeDep ROOT fastq@1.20.1 OK for: @nodelib/fs.walk@1.2.8 want: ^1.6.0
1879 silly fetch manifest run-parallel@^1.1.9
1880 silly packumentCache full:https://registry.npmjs.org/run-parallel cache-miss
1881 silly fetch manifest reusify@^1.0.4
1882 silly packumentCache full:https://registry.npmjs.org/reusify cache-miss
1883 http fetch GET 200 https://registry.npmjs.org/run-parallel 67ms (cache miss)
1884 silly packumentCache full:https://registry.npmjs.org/run-parallel set size:undefined disposed:false
1885 http fetch GET 200 https://registry.npmjs.org/reusify 82ms (cache miss)
1886 silly packumentCache full:https://registry.npmjs.org/reusify set size:undefined disposed:false
1887 silly placeDep ROOT run-parallel@1.2.0 OK for: @nodelib/fs.scandir@2.1.5 want: ^1.1.9
1888 silly fetch manifest queue-microtask@^1.2.2
1889 silly packumentCache full:https://registry.npmjs.org/queue-microtask cache-miss
1890 http fetch GET 200 https://registry.npmjs.org/queue-microtask 68ms (cache miss)
1891 silly packumentCache full:https://registry.npmjs.org/queue-microtask set size:undefined disposed:false
1892 silly placeDep ROOT reusify@1.1.0 OK for: fastq@1.20.1 want: ^1.0.4
1893 silly placeDep ROOT flat-cache@4.0.1 OK for: file-entry-cache@8.0.0 want: ^4.0.0
1894 silly fetch manifest keyv@^4.5.4
1895 silly packumentCache full:https://registry.npmjs.org/keyv cache-miss
1896 silly fetch manifest flatted@^3.2.9
1897 silly packumentCache full:https://registry.npmjs.org/flatted cache-miss
1898 http fetch GET 200 https://registry.npmjs.org/flatted 62ms (cache miss)
1899 silly packumentCache full:https://registry.npmjs.org/flatted set size:undefined disposed:false
1900 http fetch GET 200 https://registry.npmjs.org/keyv 69ms (cache miss)
1901 silly packumentCache full:https://registry.npmjs.org/keyv set size:undefined disposed:false
1902 silly placeDep ROOT locate-path@6.0.0 OK for: find-up@5.0.0 want: ^6.0.0
1903 silly placeDep ROOT path-exists@4.0.0 OK for: find-up@5.0.0 want: ^4.0.0
1904 silly fetch manifest p-locate@^5.0.0
1905 silly packumentCache full:https://registry.npmjs.org/p-locate cache-miss
1906 http fetch GET 200 https://registry.npmjs.org/p-locate 79ms (cache miss)
1907 silly packumentCache full:https://registry.npmjs.org/p-locate set size:undefined disposed:false
1908 silly placeDep ROOT flatted@3.4.2 OK for: flat-cache@4.0.1 want: ^3.2.9
1909 silly placeDep ROOT keyv@4.5.4 OK for: flat-cache@4.0.1 want: ^4.5.4
1910 silly fetch manifest json-buffer@3.0.1
1911 silly packumentCache full:https://registry.npmjs.org/json-buffer cache-miss
1912 http fetch GET 200 https://registry.npmjs.org/json-buffer 65ms (cache miss)
1913 silly packumentCache full:https://registry.npmjs.org/json-buffer set size:undefined disposed:false
1914 silly placeDep ROOT functions-have-names@1.2.3 OK for: function.prototype.name@1.1.8 want: ^1.2.3
1915 silly placeDep ROOT dunder-proto@1.0.1 OK for: get-proto@1.0.1 want: ^1.0.1
1916 silly placeDep ROOT resolve-pkg-maps@1.0.0 OK for: get-tsconfig@4.14.0 want: ^1.0.0
1917 silly placeDep ROOT hermes-estree@0.25.1 OK for: hermes-parser@0.25.1 want: 0.25.1
1918 silly placeDep ROOT parent-module@1.0.1 OK for: import-fresh@3.3.1 want: ^1.0.0
1919 silly placeDep ROOT resolve-from@4.0.0 OK for: import-fresh@3.3.1 want: ^4.0.0
1920 silly fetch manifest callsites@^3.0.0
1921 silly packumentCache full:https://registry.npmjs.org/callsites cache-miss
1922 http fetch GET 200 https://registry.npmjs.org/callsites 88ms (cache miss)
1923 silly packumentCache full:https://registry.npmjs.org/callsites set size:undefined disposed:false
1924 silly placeDep ROOT side-channel@1.1.0 OK for: internal-slot@1.1.0 want: ^1.1.0
1925 silly fetch manifest side-channel-list@^1.0.0
1926 silly packumentCache full:https://registry.npmjs.org/side-channel-list cache-miss
1927 silly fetch manifest side-channel-map@^1.0.1
1928 silly packumentCache full:https://registry.npmjs.org/side-channel-map cache-miss
1929 silly fetch manifest side-channel-weakmap@^1.0.2
1930 silly packumentCache full:https://registry.npmjs.org/side-channel-weakmap cache-miss
1931 http fetch GET 200 https://registry.npmjs.org/side-channel-map 65ms (cache miss)
1932 silly packumentCache full:https://registry.npmjs.org/side-channel-map set size:undefined disposed:false
1933 http fetch GET 200 https://registry.npmjs.org/side-channel-list 82ms (cache miss)
1934 silly packumentCache full:https://registry.npmjs.org/side-channel-list set size:undefined disposed:false
1935 http fetch GET 200 https://registry.npmjs.org/side-channel-weakmap 82ms (cache miss)
1936 silly packumentCache full:https://registry.npmjs.org/side-channel-weakmap set size:undefined disposed:false
1937 silly placeDep node_modules/is-bun-module semver@7.8.1 OK for: is-bun-module@2.0.0 want: ^7.7.1
1938 silly placeDep ROOT is-extglob@2.1.1 OK for: is-glob@4.0.3 want: ^2.1.1
1939 silly placeDep ROOT set-function-name@2.0.2 OK for: iterator.prototype@1.1.5 want: ^2.0.2
1940 silly placeDep ROOT argparse@2.0.1 OK for: js-yaml@4.1.1 want: ^2.0.1
1941 silly placeDep ROOT json-buffer@3.0.1 OK for: keyv@4.5.4 want: 3.0.1
1942 silly placeDep ROOT language-subtag-registry@0.3.23 OK for: language-tags@1.0.9 want: ^0.3.20
1943 silly placeDep ROOT prelude-ls@1.2.1 OK for: levn@0.4.1 want: ^1.2.1
1944 silly placeDep ROOT type-check@0.4.0 OK for: levn@0.4.1 want: ~0.4.0
1945 silly placeDep ROOT detect-libc@2.1.2 OK for: lightningcss@1.32.0 want: ^2.0.3
1946 silly placeDep ROOT lightningcss-android-arm64@1.32.0 OK for: lightningcss@1.32.0 want: 1.32.0
1947 silly placeDep ROOT lightningcss-darwin-arm64@1.32.0 OK for: lightningcss@1.32.0 want: 1.32.0
1948 silly placeDep ROOT lightningcss-darwin-x64@1.32.0 OK for: lightningcss@1.32.0 want: 1.32.0
1949 silly placeDep ROOT lightningcss-freebsd-x64@1.32.0 OK for: lightningcss@1.32.0 want: 1.32.0
1950 silly placeDep ROOT lightningcss-linux-arm-gnueabihf@1.32.0 OK for: lightningcss@1.32.0 want: 1.32.0
1951 silly placeDep ROOT lightningcss-linux-arm64-gnu@1.32.0 OK for: lightningcss@1.32.0 want: 1.32.0
1952 silly placeDep ROOT lightningcss-linux-arm64-musl@1.32.0 OK for: lightningcss@1.32.0 want: 1.32.0
1953 silly placeDep ROOT lightningcss-linux-x64-gnu@1.32.0 OK for: lightningcss@1.32.0 want: 1.32.0
1954 silly placeDep ROOT lightningcss-linux-x64-musl@1.32.0 OK for: lightningcss@1.32.0 want: 1.32.0
1955 silly placeDep ROOT lightningcss-win32-arm64-msvc@1.32.0 OK for: lightningcss@1.32.0 want: 1.32.0
1956 silly placeDep ROOT lightningcss-win32-x64-msvc@1.32.0 OK for: lightningcss@1.32.0 want: 1.32.0
1957 silly placeDep ROOT p-locate@5.0.0 OK for: locate-path@6.0.0 want: ^5.0.0
1958 silly fetch manifest p-limit@^3.0.2
1959 silly packumentCache full:https://registry.npmjs.org/p-limit cache-miss
1960 http fetch GET 200 https://registry.npmjs.org/p-limit 73ms (cache miss)
1961 silly packumentCache full:https://registry.npmjs.org/p-limit set size:undefined disposed:false
1962 silly placeDep ROOT yallist@3.1.1 OK for: lru-cache@5.1.1 want: ^3.0.2
1963 silly placeDep ROOT braces@3.0.3 OK for: micromatch@4.0.8 want: ^3.0.3
1964 silly placeDep ROOT picomatch@2.3.2 OK for: micromatch@4.0.8 want: ^2.3.1
1965 silly fetch manifest fill-range@^7.1.1
1966 silly packumentCache full:https://registry.npmjs.org/fill-range cache-miss
1967 http fetch GET 200 https://registry.npmjs.org/fill-range 54ms (cache miss)
1968 silly packumentCache full:https://registry.npmjs.org/fill-range set size:undefined disposed:false
1969 silly placeDep ROOT fill-range@7.1.1 OK for: braces@3.0.3 want: ^7.1.1
1970 silly fetch manifest to-regex-range@^5.0.1
1971 silly packumentCache full:https://registry.npmjs.org/to-regex-range cache-miss
1972 http fetch GET 200 https://registry.npmjs.org/to-regex-range 74ms (cache miss)
1973 silly packumentCache full:https://registry.npmjs.org/to-regex-range set size:undefined disposed:false
1974 silly placeDep ROOT to-regex-range@5.0.1 OK for: fill-range@7.1.1 want: ^5.0.1
1975 silly fetch manifest is-number@^7.0.0
1976 silly packumentCache full:https://registry.npmjs.org/is-number cache-miss
1977 http fetch GET 200 https://registry.npmjs.org/is-number 69ms (cache miss)
1978 silly packumentCache full:https://registry.npmjs.org/is-number set size:undefined disposed:false
1979 silly placeDep ROOT brace-expansion@1.1.15 OK for: minimatch@3.1.5 want: ^1.1.7
1980 silly fetch manifest balanced-match@^1.0.0
1981 silly packumentCache full:https://registry.npmjs.org/balanced-match cache-miss
1982 silly fetch manifest concat-map@0.0.1
1983 silly packumentCache full:https://registry.npmjs.org/concat-map cache-miss
1984 http fetch GET 200 https://registry.npmjs.org/balanced-match 51ms (cache miss)
1985 silly packumentCache full:https://registry.npmjs.org/balanced-match set size:undefined disposed:false
1986 http fetch GET 200 https://registry.npmjs.org/concat-map 69ms (cache miss)
1987 silly packumentCache full:https://registry.npmjs.org/concat-map set size:undefined disposed:false
1988 silly placeDep ROOT balanced-match@1.0.2 OK for: brace-expansion@1.1.15 want: ^1.0.0
1989 silly placeDep ROOT concat-map@0.0.1 OK for: brace-expansion@1.1.15 want: 0.0.1
1990 silly placeDep ROOT @next/env@16.2.6 OK for: next@16.2.6 want: 16.2.6
1991 silly placeDep ROOT @next/swc-darwin-arm64@16.2.6 OK for: next@16.2.6 want: 16.2.6
1992 silly placeDep ROOT @next/swc-darwin-x64@16.2.6 OK for: next@16.2.6 want: 16.2.6
1993 silly placeDep ROOT @next/swc-linux-arm64-gnu@16.2.6 OK for: next@16.2.6 want: 16.2.6
1994 silly placeDep ROOT @next/swc-linux-arm64-musl@16.2.6 OK for: next@16.2.6 want: 16.2.6
1995 silly placeDep ROOT @next/swc-linux-x64-gnu@16.2.6 OK for: next@16.2.6 want: 16.2.6
1996 silly placeDep ROOT @next/swc-linux-x64-musl@16.2.6 OK for: next@16.2.6 want: 16.2.6
1997 silly placeDep ROOT @next/swc-win32-arm64-msvc@16.2.6 OK for: next@16.2.6 want: 16.2.6
1998 silly placeDep ROOT @next/swc-win32-x64-msvc@16.2.6 OK for: next@16.2.6 want: 16.2.6
1999 silly placeDep ROOT @swc/helpers@0.5.15 OK for: next@16.2.6 want: 0.5.15
2000 silly placeDep node_modules/next postcss@8.4.31 OK for: next@16.2.6 want: 8.4.31
2001 silly placeDep ROOT sharp@0.34.5 OK for: next@16.2.6 want: ^0.34.5
2002 silly placeDep ROOT styled-jsx@5.1.6 OK for: next@16.2.6 want: 5.1.6
2003 silly fetch manifest tslib@^2.8.0
2004 silly packumentCache full:https://registry.npmjs.org/tslib cache-miss
2005 silly fetch manifest nanoid@^3.3.6
2006 silly packumentCache full:https://registry.npmjs.org/nanoid cache-miss
2007 silly fetch manifest semver@^7.7.3
2008 silly packumentCache full:https://registry.npmjs.org/semver cache-hit
2009 silly fetch manifest @img/colour@^1.0.0
2010 silly packumentCache full:https://registry.npmjs.org/@img%2fcolour cache-miss
2011 silly fetch manifest @img/sharp-wasm32@0.34.5
2012 silly packumentCache full:https://registry.npmjs.org/@img%2fsharp-wasm32 cache-miss
2013 silly fetch manifest @img/sharp-linux-arm@0.34.5
2014 silly packumentCache full:https://registry.npmjs.org/@img%2fsharp-linux-arm cache-miss
2015 silly fetch manifest @img/sharp-linux-x64@0.34.5
2016 silly packumentCache full:https://registry.npmjs.org/@img%2fsharp-linux-x64 cache-miss
2017 silly fetch manifest @img/sharp-win32-x64@0.34.5
2018 silly packumentCache full:https://registry.npmjs.org/@img%2fsharp-win32-x64 cache-miss
2019 silly fetch manifest @img/sharp-darwin-x64@0.34.5
2020 silly packumentCache full:https://registry.npmjs.org/@img%2fsharp-darwin-x64 cache-miss
2021 silly fetch manifest @img/sharp-win32-ia32@0.34.5
2022 silly packumentCache full:https://registry.npmjs.org/@img%2fsharp-win32-ia32 cache-miss
2023 http cache https://registry.npmjs.org/nanoid 4ms (cache hit)
2024 silly packumentCache full:https://registry.npmjs.org/nanoid set size:310559 disposed:false
2025 silly fetch manifest @img/sharp-linux-arm64@0.34.5
2026 silly packumentCache full:https://registry.npmjs.org/@img%2fsharp-linux-arm64 cache-miss
2027 http fetch GET 200 https://registry.npmjs.org/tslib 51ms (cache miss)
2028 silly packumentCache full:https://registry.npmjs.org/tslib set size:undefined disposed:false
2029 silly fetch manifest @img/sharp-linux-ppc64@0.34.5
2030 silly packumentCache full:https://registry.npmjs.org/@img%2fsharp-linux-ppc64 cache-miss
2031 http fetch GET 200 https://registry.npmjs.org/@img%2fsharp-win32-ia32 73ms (cache miss)
2032 silly packumentCache full:https://registry.npmjs.org/@img%2fsharp-win32-ia32 set size:undefined disposed:false
2033 silly fetch manifest @img/sharp-linux-s390x@0.34.5
2034 silly packumentCache full:https://registry.npmjs.org/@img%2fsharp-linux-s390x cache-miss
2035 http fetch GET 200 https://registry.npmjs.org/@img%2fsharp-linux-x64 74ms (cache miss)
2036 silly packumentCache full:https://registry.npmjs.org/@img%2fsharp-linux-x64 set size:undefined disposed:false
2037 silly fetch manifest @img/sharp-win32-arm64@0.34.5
2038 silly packumentCache full:https://registry.npmjs.org/@img%2fsharp-win32-arm64 cache-miss
2039 http fetch GET 200 https://registry.npmjs.org/@img%2fsharp-win32-x64 80ms (cache miss)
2040 silly packumentCache full:https://registry.npmjs.org/@img%2fsharp-win32-x64 set size:undefined disposed:false
2041 silly fetch manifest @img/sharp-darwin-arm64@0.34.5
2042 silly packumentCache full:https://registry.npmjs.org/@img%2fsharp-darwin-arm64 cache-miss
2043 http fetch GET 200 https://registry.npmjs.org/@img%2fsharp-wasm32 83ms (cache miss)
2044 silly packumentCache full:https://registry.npmjs.org/@img%2fsharp-wasm32 set size:undefined disposed:false
2045 silly fetch manifest @img/sharp-linux-riscv64@0.34.5
2046 silly packumentCache full:https://registry.npmjs.org/@img%2fsharp-linux-riscv64 cache-miss
2047 http fetch GET 200 https://registry.npmjs.org/@img%2fsharp-linux-arm64 81ms (cache miss)
2048 silly packumentCache full:https://registry.npmjs.org/@img%2fsharp-linux-arm64 set size:undefined disposed:false
2049 silly fetch manifest @img/sharp-linuxmusl-x64@0.34.5
2050 silly packumentCache full:https://registry.npmjs.org/@img%2fsharp-linuxmusl-x64 cache-miss
2051 http fetch GET 200 https://registry.npmjs.org/@img%2fsharp-linux-arm 93ms (cache miss)
2052 silly packumentCache full:https://registry.npmjs.org/@img%2fsharp-linux-arm set size:undefined disposed:false
2053 silly fetch manifest @img/sharp-linuxmusl-arm64@0.34.5
2054 silly packumentCache full:https://registry.npmjs.org/@img%2fsharp-linuxmusl-arm64 cache-miss
2055 http fetch GET 200 https://registry.npmjs.org/@img%2fsharp-darwin-x64 97ms (cache miss)
2056 silly packumentCache full:https://registry.npmjs.org/@img%2fsharp-darwin-x64 set size:undefined disposed:false
2057 silly fetch manifest @img/sharp-libvips-linux-arm@1.2.4
2058 silly packumentCache full:https://registry.npmjs.org/@img%2fsharp-libvips-linux-arm cache-miss
2059 http fetch GET 200 https://registry.npmjs.org/@img%2fcolour 105ms (cache miss)
2060 silly packumentCache full:https://registry.npmjs.org/@img%2fcolour set size:undefined disposed:false
2061 silly fetch manifest @img/sharp-libvips-linux-x64@1.2.4
2062 silly packumentCache full:https://registry.npmjs.org/@img%2fsharp-libvips-linux-x64 cache-miss
2063 http fetch GET 200 https://registry.npmjs.org/@img%2fsharp-linux-ppc64 65ms (cache miss)
2064 silly packumentCache full:https://registry.npmjs.org/@img%2fsharp-linux-ppc64 set size:undefined disposed:false
2065 silly fetch manifest @img/sharp-libvips-darwin-x64@1.2.4
2066 silly packumentCache full:https://registry.npmjs.org/@img%2fsharp-libvips-darwin-x64 cache-miss
2067 http fetch GET 200 https://registry.npmjs.org/@img%2fsharp-win32-arm64 65ms (cache miss)
2068 silly packumentCache full:https://registry.npmjs.org/@img%2fsharp-win32-arm64 set size:undefined disposed:false
2069 silly fetch manifest @img/sharp-libvips-linux-arm64@1.2.4
2070 silly packumentCache full:https://registry.npmjs.org/@img%2fsharp-libvips-linux-arm64 cache-miss
2071 http fetch GET 200 https://registry.npmjs.org/@img%2fsharp-linux-s390x 71ms (cache miss)
2072 silly packumentCache full:https://registry.npmjs.org/@img%2fsharp-linux-s390x set size:undefined disposed:false
2073 silly fetch manifest @img/sharp-libvips-linux-ppc64@1.2.4
2074 silly packumentCache full:https://registry.npmjs.org/@img%2fsharp-libvips-linux-ppc64 cache-miss
2075 http fetch GET 200 https://registry.npmjs.org/@img%2fsharp-darwin-arm64 77ms (cache miss)
2076 silly packumentCache full:https://registry.npmjs.org/@img%2fsharp-darwin-arm64 set size:undefined disposed:false
2077 silly fetch manifest @img/sharp-libvips-linux-s390x@1.2.4
2078 silly packumentCache full:https://registry.npmjs.org/@img%2fsharp-libvips-linux-s390x cache-miss
2079 http fetch GET 200 https://registry.npmjs.org/@img%2fsharp-linux-riscv64 76ms (cache miss)
2080 silly packumentCache full:https://registry.npmjs.org/@img%2fsharp-linux-riscv64 set size:undefined disposed:false
2081 silly fetch manifest @img/sharp-libvips-darwin-arm64@1.2.4
2082 silly packumentCache full:https://registry.npmjs.org/@img%2fsharp-libvips-darwin-arm64 cache-miss
2083 http fetch GET 200 https://registry.npmjs.org/@img%2fsharp-linuxmusl-arm64 84ms (cache miss)
2084 silly packumentCache full:https://registry.npmjs.org/@img%2fsharp-linuxmusl-arm64 set size:undefined disposed:false
2085 silly fetch manifest @img/sharp-libvips-linux-riscv64@1.2.4
2086 silly packumentCache full:https://registry.npmjs.org/@img%2fsharp-libvips-linux-riscv64 cache-miss
2087 http fetch GET 200 https://registry.npmjs.org/@img%2fsharp-linuxmusl-x64 94ms (cache miss)
2088 silly packumentCache full:https://registry.npmjs.org/@img%2fsharp-linuxmusl-x64 set size:undefined disposed:false
2089 silly fetch manifest @img/sharp-libvips-linuxmusl-x64@1.2.4
2090 silly packumentCache full:https://registry.npmjs.org/@img%2fsharp-libvips-linuxmusl-x64 cache-miss
2091 http fetch GET 200 https://registry.npmjs.org/@img%2fsharp-libvips-darwin-x64 68ms (cache miss)
2092 silly packumentCache full:https://registry.npmjs.org/@img%2fsharp-libvips-darwin-x64 set size:undefined disposed:false
2093 silly fetch manifest @img/sharp-libvips-linuxmusl-arm64@1.2.4
2094 silly packumentCache full:https://registry.npmjs.org/@img%2fsharp-libvips-linuxmusl-arm64 cache-miss
2095 http fetch GET 200 https://registry.npmjs.org/@img%2fsharp-libvips-linux-arm 91ms (cache miss)
2096 silly packumentCache full:https://registry.npmjs.org/@img%2fsharp-libvips-linux-arm set size:undefined disposed:false
2097 silly fetch manifest client-only@0.0.1
2098 silly packumentCache full:https://registry.npmjs.org/client-only cache-miss
2099 http fetch GET 200 https://registry.npmjs.org/@img%2fsharp-libvips-linux-x64 91ms (cache miss)
2100 silly packumentCache full:https://registry.npmjs.org/@img%2fsharp-libvips-linux-x64 set size:undefined disposed:false
2101 http fetch GET 200 https://registry.npmjs.org/@img%2fsharp-libvips-linux-arm64 69ms (cache miss)
2102 silly packumentCache full:https://registry.npmjs.org/@img%2fsharp-libvips-linux-arm64 set size:undefined disposed:false
2103 http fetch GET 200 https://registry.npmjs.org/@img%2fsharp-libvips-linux-ppc64 73ms (cache miss)
2104 silly packumentCache full:https://registry.npmjs.org/@img%2fsharp-libvips-linux-ppc64 set size:undefined disposed:false
2105 http fetch GET 200 https://registry.npmjs.org/@img%2fsharp-libvips-darwin-arm64 70ms (cache miss)
2106 silly packumentCache full:https://registry.npmjs.org/@img%2fsharp-libvips-darwin-arm64 set size:undefined disposed:false
2107 http fetch GET 200 https://registry.npmjs.org/@img%2fsharp-libvips-linux-s390x 79ms (cache miss)
2108 silly packumentCache full:https://registry.npmjs.org/@img%2fsharp-libvips-linux-s390x set size:undefined disposed:false
2109 http fetch GET 200 https://registry.npmjs.org/client-only 68ms (cache miss)
2110 silly packumentCache full:https://registry.npmjs.org/client-only set size:undefined disposed:false
2111 http fetch GET 200 https://registry.npmjs.org/@img%2fsharp-libvips-linux-riscv64 83ms (cache miss)
2112 silly packumentCache full:https://registry.npmjs.org/@img%2fsharp-libvips-linux-riscv64 set size:undefined disposed:false
2113 http fetch GET 200 https://registry.npmjs.org/@img%2fsharp-libvips-linuxmusl-arm64 77ms (cache miss)
2114 silly packumentCache full:https://registry.npmjs.org/@img%2fsharp-libvips-linuxmusl-arm64 set size:undefined disposed:false
2115 http fetch GET 200 https://registry.npmjs.org/@img%2fsharp-libvips-linuxmusl-x64 95ms (cache miss)
2116 silly packumentCache full:https://registry.npmjs.org/@img%2fsharp-libvips-linuxmusl-x64 set size:undefined disposed:false
2117 silly placeDep ROOT tslib@2.8.1 OK for: @swc/helpers@0.5.15 want: ^2.8.0
2118 silly placeDep ROOT deep-is@0.1.4 OK for: optionator@0.9.4 want: ^0.1.3
2119 silly placeDep ROOT fast-levenshtein@2.0.6 OK for: optionator@0.9.4 want: ^2.0.6
2120 silly placeDep ROOT word-wrap@1.2.5 OK for: optionator@0.9.4 want: ^1.2.5
2121 silly placeDep ROOT p-limit@3.1.0 OK for: p-locate@5.0.0 want: ^3.0.2
2122 silly fetch manifest yocto-queue@^0.1.0
2123 silly packumentCache full:https://registry.npmjs.org/yocto-queue cache-miss
2124 http fetch GET 200 https://registry.npmjs.org/yocto-queue 69ms (cache miss)
2125 silly packumentCache full:https://registry.npmjs.org/yocto-queue set size:undefined disposed:false
2126 silly placeDep ROOT yocto-queue@0.1.0 OK for: p-limit@3.1.0 want: ^0.1.0
2127 silly placeDep ROOT callsites@3.1.0 OK for: parent-module@1.0.1 want: ^3.0.0
2128 silly placeDep ROOT nanoid@3.3.12 OK for: postcss@8.5.15 want: ^3.3.12
2129 silly placeDep ROOT loose-envify@1.4.0 OK for: prop-types@15.8.1 want: ^1.4.0
2130 silly placeDep ROOT object-assign@4.1.1 OK for: prop-types@15.8.1 want: ^4.1.1
2131 silly placeDep ROOT react-is@16.13.1 OK for: prop-types@15.8.1 want: ^16.13.1
2132 silly placeDep ROOT scheduler@0.27.0 OK for: react-dom@19.2.4 want: ^0.27.0
2133 silly placeDep ROOT node-exports-info@1.6.0 OK for: resolve@2.0.0-next.7 want: ^1.6.0
2134 silly placeDep ROOT path-parse@1.0.7 OK for: resolve@2.0.0-next.7 want: ^1.0.7
2135 silly placeDep ROOT supports-preserve-symlinks-flag@1.0.0 OK for: resolve@2.0.0-next.7 want: ^1.0.0
2136 silly placeDep ROOT queue-microtask@1.2.3 OK for: run-parallel@1.2.0 want: ^1.2.2
2137 silly placeDep ROOT isarray@2.0.5 OK for: safe-array-concat@1.1.4 want: ^2.0.5
2138 silly placeDep ROOT @img/colour@1.1.0 OK for: sharp@0.34.5 want: ^1.0.0
2139 silly placeDep ROOT @img/sharp-darwin-arm64@0.34.5 OK for: sharp@0.34.5 want: 0.34.5
2140 silly placeDep ROOT @img/sharp-darwin-x64@0.34.5 OK for: sharp@0.34.5 want: 0.34.5
2141 silly placeDep ROOT @img/sharp-libvips-darwin-arm64@1.2.4 OK for: sharp@0.34.5 want: 1.2.4
2142 silly placeDep ROOT @img/sharp-libvips-darwin-x64@1.2.4 OK for: sharp@0.34.5 want: 1.2.4
2143 silly placeDep ROOT @img/sharp-libvips-linux-arm@1.2.4 OK for: sharp@0.34.5 want: 1.2.4
2144 silly placeDep ROOT @img/sharp-libvips-linux-arm64@1.2.4 OK for: sharp@0.34.5 want: 1.2.4
2145 silly placeDep ROOT @img/sharp-libvips-linux-ppc64@1.2.4 OK for: sharp@0.34.5 want: 1.2.4
2146 silly placeDep ROOT @img/sharp-libvips-linux-riscv64@1.2.4 OK for: sharp@0.34.5 want: 1.2.4
2147 silly placeDep ROOT @img/sharp-libvips-linux-s390x@1.2.4 OK for: sharp@0.34.5 want: 1.2.4
2148 silly placeDep ROOT @img/sharp-libvips-linux-x64@1.2.4 OK for: sharp@0.34.5 want: 1.2.4
2149 silly placeDep ROOT @img/sharp-libvips-linuxmusl-arm64@1.2.4 OK for: sharp@0.34.5 want: 1.2.4
2150 silly placeDep ROOT @img/sharp-libvips-linuxmusl-x64@1.2.4 OK for: sharp@0.34.5 want: 1.2.4
2151 silly placeDep ROOT @img/sharp-linux-arm@0.34.5 OK for: sharp@0.34.5 want: 0.34.5
2152 silly placeDep ROOT @img/sharp-linux-arm64@0.34.5 OK for: sharp@0.34.5 want: 0.34.5
2153 silly placeDep ROOT @img/sharp-linux-ppc64@0.34.5 OK for: sharp@0.34.5 want: 0.34.5
2154 silly placeDep ROOT @img/sharp-linux-riscv64@0.34.5 OK for: sharp@0.34.5 want: 0.34.5
2155 silly placeDep ROOT @img/sharp-linux-s390x@0.34.5 OK for: sharp@0.34.5 want: 0.34.5
2156 silly placeDep ROOT @img/sharp-linux-x64@0.34.5 OK for: sharp@0.34.5 want: 0.34.5
2157 silly placeDep ROOT @img/sharp-linuxmusl-arm64@0.34.5 OK for: sharp@0.34.5 want: 0.34.5
2158 silly placeDep ROOT @img/sharp-linuxmusl-x64@0.34.5 OK for: sharp@0.34.5 want: 0.34.5
2159 silly placeDep ROOT @img/sharp-wasm32@0.34.5 OK for: sharp@0.34.5 want: 0.34.5
2160 silly placeDep ROOT @img/sharp-win32-arm64@0.34.5 OK for: sharp@0.34.5 want: 0.34.5
2161 silly placeDep ROOT @img/sharp-win32-ia32@0.34.5 OK for: sharp@0.34.5 want: 0.34.5
2162 silly placeDep ROOT @img/sharp-win32-x64@0.34.5 OK for: sharp@0.34.5 want: 0.34.5
2163 silly placeDep node_modules/sharp semver@7.8.1 OK for: sharp@0.34.5 want: ^7.7.3
2164 silly fetch manifest @emnapi/runtime@^1.7.0
2165 silly packumentCache full:https://registry.npmjs.org/@emnapi%2fruntime cache-miss
2166 http fetch GET 200 https://registry.npmjs.org/@emnapi%2fruntime 68ms (cache miss)
2167 silly packumentCache full:https://registry.npmjs.org/@emnapi%2fruntime set size:undefined disposed:false
2168 silly placeDep ROOT @emnapi/runtime@1.10.0 OK for: @img/sharp-wasm32@0.34.5 want: ^1.7.0
2169 silly placeDep ROOT shebang-regex@3.0.0 OK for: shebang-command@2.0.0 want: ^3.0.0
2170 silly placeDep ROOT side-channel-list@1.0.1 OK for: side-channel@1.1.0 want: ^1.0.0
2171 silly placeDep ROOT side-channel-map@1.0.1 OK for: side-channel@1.1.0 want: ^1.0.1
2172 silly placeDep ROOT side-channel-weakmap@1.0.2 OK for: side-channel@1.1.0 want: ^1.0.2
2173 silly placeDep ROOT client-only@0.0.1 OK for: styled-jsx@5.1.6 want: 0.0.1
2174 silly placeDep ROOT has-flag@4.0.0 OK for: supports-color@7.2.0 want: ^4.0.0
2175 silly placeDep ROOT fdir@6.5.0 OK for: tinyglobby@0.2.16 want: ^6.5.0
2176 silly placeDep node_modules/tinyglobby picomatch@4.0.4 OK for: tinyglobby@0.2.16 want: ^4.0.4
2177 silly placeDep ROOT is-number@7.0.0 OK for: to-regex-range@5.0.1 want: ^7.0.0
2178 silly placeDep ROOT @types/json5@0.0.29 OK for: tsconfig-paths@3.15.0 want: ^0.0.29
2179 silly placeDep node_modules/tsconfig-paths json5@1.0.2 OK for: tsconfig-paths@3.15.0 want: ^1.0.2
2180 silly placeDep ROOT minimist@1.2.8 OK for: tsconfig-paths@3.15.0 want: ^1.2.6
2181 silly placeDep ROOT strip-bom@3.0.0 OK for: tsconfig-paths@3.15.0 want: ^3.0.0
2182 silly fetch manifest minimist@^1.2.0
2183 silly packumentCache full:https://registry.npmjs.org/minimist cache-miss
2184 http cache https://registry.npmjs.org/minimist 2ms (cache hit)
2185 silly packumentCache full:https://registry.npmjs.org/minimist set size:77063 disposed:false
2186 silly placeDep ROOT for-each@0.3.5 OK for: typed-array-byte-length@1.0.3 want: ^0.3.3
2187 silly placeDep ROOT reflect.getprototypeof@1.0.10 OK for: typed-array-byte-offset@1.0.4 want: ^1.0.9
2188 silly fetch manifest which-builtin-type@^1.2.1
2189 silly packumentCache full:https://registry.npmjs.org/which-builtin-type cache-miss
2190 http fetch GET 200 https://registry.npmjs.org/which-builtin-type 49ms (cache miss)
2191 silly packumentCache full:https://registry.npmjs.org/which-builtin-type set size:undefined disposed:false
2192 silly placeDep ROOT which-builtin-type@1.2.1 OK for: reflect.getprototypeof@1.0.10 want: ^1.2.1
2193 silly fetch manifest is-async-function@^2.0.0
2194 silly packumentCache full:https://registry.npmjs.org/is-async-function cache-miss
2195 silly fetch manifest is-finalizationregistry@^1.1.0
2196 silly packumentCache full:https://registry.npmjs.org/is-finalizationregistry cache-miss
2197 silly fetch manifest is-generator-function@^1.0.10
2198 silly packumentCache full:https://registry.npmjs.org/is-generator-function cache-miss
2199 silly fetch manifest which-boxed-primitive@^1.1.0
2200 silly packumentCache full:https://registry.npmjs.org/which-boxed-primitive cache-miss
2201 silly fetch manifest which-collection@^1.0.2
2202 silly packumentCache full:https://registry.npmjs.org/which-collection cache-miss
2203 http cache https://registry.npmjs.org/which-boxed-primitive 3ms (cache hit)
2204 silly packumentCache full:https://registry.npmjs.org/which-boxed-primitive set size:19407 disposed:false
2205 http fetch GET 200 https://registry.npmjs.org/is-async-function 62ms (cache miss)
2206 silly packumentCache full:https://registry.npmjs.org/is-async-function set size:undefined disposed:false
2207 http fetch GET 200 https://registry.npmjs.org/is-finalizationregistry 63ms (cache miss)
2208 silly packumentCache full:https://registry.npmjs.org/is-finalizationregistry set size:undefined disposed:false
2209 http fetch GET 200 https://registry.npmjs.org/which-collection 68ms (cache miss)
2210 silly packumentCache full:https://registry.npmjs.org/which-collection set size:undefined disposed:false
2211 http fetch GET 200 https://registry.npmjs.org/is-generator-function 73ms (cache miss)
2212 silly packumentCache full:https://registry.npmjs.org/is-generator-function set size:undefined disposed:false
2213 silly placeDep ROOT @typescript-eslint/eslint-plugin@8.60.0 OK for: typescript-eslint@8.60.0 want: 8.60.0
2214 silly placeDep ROOT @typescript-eslint/parser@8.60.0 OK for: typescript-eslint@8.60.0 want: 8.60.0
2215 silly placeDep ROOT @typescript-eslint/typescript-estree@8.60.0 OK for: typescript-eslint@8.60.0 want: 8.60.0
2216 silly placeDep ROOT @typescript-eslint/utils@8.60.0 OK for: typescript-eslint@8.60.0 want: 8.60.0
2217 silly fetch manifest ignore@^7.0.5
2218 silly packumentCache full:https://registry.npmjs.org/ignore cache-miss
2219 silly fetch manifest ts-api-utils@^2.5.0
2220 silly packumentCache full:https://registry.npmjs.org/ts-api-utils cache-miss
2221 silly fetch manifest @typescript-eslint/type-utils@8.60.0
2222 silly packumentCache full:https://registry.npmjs.org/@typescript-eslint%2ftype-utils cache-miss
2223 silly fetch manifest @typescript-eslint/visitor-keys@8.60.0
2224 silly packumentCache full:https://registry.npmjs.org/@typescript-eslint%2fvisitor-keys cache-miss
2225 silly fetch manifest @typescript-eslint/scope-manager@8.60.0
2226 silly packumentCache full:https://registry.npmjs.org/@typescript-eslint%2fscope-manager cache-miss
2227 silly fetch manifest @typescript-eslint/types@8.60.0
2228 silly packumentCache full:https://registry.npmjs.org/@typescript-eslint%2ftypes cache-miss
2229 silly fetch manifest @typescript-eslint/visitor-keys@8.60.0
2230 silly packumentCache full:https://registry.npmjs.org/@typescript-eslint%2fvisitor-keys cache-miss
2231 silly fetch manifest @typescript-eslint/scope-manager@8.60.0
2232 silly packumentCache full:https://registry.npmjs.org/@typescript-eslint%2fscope-manager cache-miss
2233 silly fetch manifest minimatch@^10.2.2
2234 silly packumentCache full:https://registry.npmjs.org/minimatch cache-miss
2235 http cache https://registry.npmjs.org/minimatch 5ms (cache hit)
2236 silly packumentCache full:https://registry.npmjs.org/minimatch set size:375282 disposed:false
2237 silly fetch manifest ts-api-utils@^2.5.0
2238 silly packumentCache full:https://registry.npmjs.org/ts-api-utils cache-miss
2239 http cache https://registry.npmjs.org/ignore 8ms (cache hit)
2240 silly packumentCache full:https://registry.npmjs.org/ignore set size:237380 disposed:false
2241 silly fetch manifest @typescript-eslint/types@8.60.0
2242 silly packumentCache full:https://registry.npmjs.org/@typescript-eslint%2ftypes cache-miss
2243 http fetch GET 200 https://registry.npmjs.org/ts-api-utils 58ms (cache miss)
2244 silly packumentCache full:https://registry.npmjs.org/ts-api-utils set size:undefined disposed:false
2245 silly fetch manifest @typescript-eslint/visitor-keys@8.60.0
2246 silly packumentCache full:https://registry.npmjs.org/@typescript-eslint%2fvisitor-keys cache-miss
2247 http fetch GET 200 https://registry.npmjs.org/ts-api-utils 69ms (cache miss)
2248 silly packumentCache full:https://registry.npmjs.org/ts-api-utils set size:undefined disposed:false
2249 silly fetch manifest @typescript-eslint/tsconfig-utils@8.60.0
2250 silly packumentCache full:https://registry.npmjs.org/@typescript-eslint%2ftsconfig-utils cache-miss
2251 http fetch GET 200 https://registry.npmjs.org/@typescript-eslint%2fscope-manager 528ms (cache miss)
2252 silly packumentCache full:https://registry.npmjs.org/@typescript-eslint%2fscope-manager set size:undefined disposed:false
2253 silly fetch manifest @typescript-eslint/project-service@8.60.0
2254 silly packumentCache full:https://registry.npmjs.org/@typescript-eslint%2fproject-service cache-miss
2255 http fetch GET 200 https://registry.npmjs.org/@typescript-eslint%2ftsconfig-utils 508ms (cache miss)
2256 silly packumentCache full:https://registry.npmjs.org/@typescript-eslint%2ftsconfig-utils set size:undefined disposed:false
2257 silly fetch manifest @typescript-eslint/types@8.60.0
2258 silly packumentCache full:https://registry.npmjs.org/@typescript-eslint%2ftypes cache-miss
2259 http fetch GET 200 https://registry.npmjs.org/@typescript-eslint%2fvisitor-keys 619ms (cache miss)
2260 silly packumentCache full:https://registry.npmjs.org/@typescript-eslint%2fvisitor-keys set size:undefined disposed:false
2261 http fetch GET 200 https://registry.npmjs.org/@typescript-eslint%2fscope-manager 660ms (cache miss)
2262 silly packumentCache full:https://registry.npmjs.org/@typescript-eslint%2fscope-manager set size:undefined disposed:false
2263 http fetch GET 200 https://registry.npmjs.org/@typescript-eslint%2ftype-utils 700ms (cache miss)
2264 silly packumentCache full:https://registry.npmjs.org/@typescript-eslint%2ftype-utils set size:undefined disposed:false
2265 http fetch GET 200 https://registry.npmjs.org/@typescript-eslint%2fvisitor-keys 746ms (cache miss)
2266 silly packumentCache full:https://registry.npmjs.org/@typescript-eslint%2fvisitor-keys set size:undefined disposed:false
2267 http fetch GET 200 https://registry.npmjs.org/@typescript-eslint%2ftypes 803ms (cache miss)
2268 silly packumentCache full:https://registry.npmjs.org/@typescript-eslint%2ftypes set size:undefined disposed:false
2269 http fetch GET 200 https://registry.npmjs.org/@typescript-eslint%2ftypes 837ms (cache miss)
2270 silly packumentCache full:https://registry.npmjs.org/@typescript-eslint%2ftypes set size:undefined disposed:false
2271 http fetch GET 200 https://registry.npmjs.org/@typescript-eslint%2fproject-service 318ms (cache miss)
2272 silly packumentCache full:https://registry.npmjs.org/@typescript-eslint%2fproject-service set size:undefined disposed:false
2273 http fetch GET 200 https://registry.npmjs.org/@typescript-eslint%2fvisitor-keys 850ms (cache miss)
2274 silly packumentCache full:https://registry.npmjs.org/@typescript-eslint%2fvisitor-keys set size:undefined disposed:false
2275 http fetch GET 200 https://registry.npmjs.org/@typescript-eslint%2ftypes 396ms (cache miss)
2276 silly packumentCache full:https://registry.npmjs.org/@typescript-eslint%2ftypes set size:undefined disposed:false
2277 silly placeDep ROOT @typescript-eslint/scope-manager@8.60.0 OK for: @typescript-eslint/eslint-plugin@8.60.0 want: 8.60.0
2278 silly placeDep ROOT @typescript-eslint/type-utils@8.60.0 OK for: @typescript-eslint/eslint-plugin@8.60.0 want: 8.60.0
2279 silly placeDep ROOT @typescript-eslint/visitor-keys@8.60.0 OK for: @typescript-eslint/eslint-plugin@8.60.0 want: 8.60.0
2280 silly placeDep node_modules/@typescript-eslint/eslint-plugin ignore@7.0.5 OK for: @typescript-eslint/eslint-plugin@8.60.0 want: ^7.0.5
2281 silly placeDep ROOT ts-api-utils@2.5.0 OK for: @typescript-eslint/eslint-plugin@8.60.0 want: ^2.5.0
2282 silly fetch manifest eslint-visitor-keys@^5.0.0
2283 silly packumentCache full:https://registry.npmjs.org/eslint-visitor-keys cache-hit
2284 silly placeDep ROOT @typescript-eslint/types@8.60.0 OK for: @typescript-eslint/parser@8.60.0 want: 8.60.0
2285 silly placeDep ROOT @typescript-eslint/project-service@8.60.0 OK for: @typescript-eslint/typescript-estree@8.60.0 want: 8.60.0
2286 silly placeDep ROOT @typescript-eslint/tsconfig-utils@8.60.0 OK for: @typescript-eslint/typescript-estree@8.60.0 want: 8.60.0
2287 silly placeDep node_modules/@typescript-eslint/typescript-estree minimatch@10.2.5 OK for: @typescript-eslint/typescript-estree@8.60.0 want: ^10.2.2
2288 silly placeDep node_modules/@typescript-eslint/typescript-estree semver@7.8.1 OK for: @typescript-eslint/typescript-estree@8.60.0 want: ^7.7.3
2289 silly fetch manifest @typescript-eslint/tsconfig-utils@^8.60.0
2290 silly packumentCache full:https://registry.npmjs.org/@typescript-eslint%2ftsconfig-utils cache-miss
2291 silly fetch manifest brace-expansion@^5.0.5
2292 silly packumentCache full:https://registry.npmjs.org/brace-expansion cache-miss
2293 http cache https://registry.npmjs.org/brace-expansion 8ms (cache hit)
2294 silly packumentCache full:https://registry.npmjs.org/brace-expansion set size:72152 disposed:false
2295 http cache https://registry.npmjs.org/@typescript-eslint%2ftsconfig-utils 10ms (cache hit)
2296 silly packumentCache full:https://registry.npmjs.org/@typescript-eslint%2ftsconfig-utils set size:1262812 disposed:false
2297 silly placeDep node_modules/@typescript-eslint/visitor-keys eslint-visitor-keys@5.0.1 OK for: @typescript-eslint/visitor-keys@8.60.0 want: ^5.0.0
2298 silly placeDep ROOT has-bigints@1.1.0 OK for: unbox-primitive@1.1.0 want: ^1.0.2
2299 silly placeDep ROOT which-boxed-primitive@1.1.1 OK for: unbox-primitive@1.1.0 want: ^1.1.1
2300 silly fetch manifest is-bigint@^1.1.0
2301 silly packumentCache full:https://registry.npmjs.org/is-bigint cache-miss
2302 silly fetch manifest is-boolean-object@^1.2.1
2303 silly packumentCache full:https://registry.npmjs.org/is-boolean-object cache-miss
2304 silly fetch manifest is-number-object@^1.1.1
2305 silly packumentCache full:https://registry.npmjs.org/is-number-object cache-miss
2306 http fetch GET 200 https://registry.npmjs.org/is-bigint 78ms (cache miss)
2307 silly packumentCache full:https://registry.npmjs.org/is-bigint set size:undefined disposed:false
2308 http fetch GET 200 https://registry.npmjs.org/is-boolean-object 78ms (cache miss)
2309 silly packumentCache full:https://registry.npmjs.org/is-boolean-object set size:undefined disposed:false
2310 http fetch GET 200 https://registry.npmjs.org/is-number-object 100ms (cache miss)
2311 silly packumentCache full:https://registry.npmjs.org/is-number-object set size:undefined disposed:false
2312 silly placeDep ROOT @unrs/resolver-binding-android-arm-eabi@1.12.2 OK for: unrs-resolver@1.12.2 want: 1.12.2
2313 silly placeDep ROOT @unrs/resolver-binding-android-arm64@1.12.2 OK for: unrs-resolver@1.12.2 want: 1.12.2
2314 silly placeDep ROOT @unrs/resolver-binding-darwin-arm64@1.12.2 OK for: unrs-resolver@1.12.2 want: 1.12.2
2315 silly placeDep ROOT @unrs/resolver-binding-darwin-x64@1.12.2 OK for: unrs-resolver@1.12.2 want: 1.12.2
2316 silly placeDep ROOT @unrs/resolver-binding-freebsd-x64@1.12.2 OK for: unrs-resolver@1.12.2 want: 1.12.2
2317 silly placeDep ROOT @unrs/resolver-binding-linux-arm-gnueabihf@1.12.2 OK for: unrs-resolver@1.12.2 want: 1.12.2
2318 silly placeDep ROOT @unrs/resolver-binding-linux-arm-musleabihf@1.12.2 OK for: unrs-resolver@1.12.2 want: 1.12.2
2319 silly placeDep ROOT @unrs/resolver-binding-linux-arm64-gnu@1.12.2 OK for: unrs-resolver@1.12.2 want: 1.12.2
2320 silly placeDep ROOT @unrs/resolver-binding-linux-arm64-musl@1.12.2 OK for: unrs-resolver@1.12.2 want: 1.12.2
2321 silly placeDep ROOT @unrs/resolver-binding-linux-loong64-gnu@1.12.2 OK for: unrs-resolver@1.12.2 want: 1.12.2
2322 silly placeDep ROOT @unrs/resolver-binding-linux-loong64-musl@1.12.2 OK for: unrs-resolver@1.12.2 want: 1.12.2
2323 silly placeDep ROOT @unrs/resolver-binding-linux-ppc64-gnu@1.12.2 OK for: unrs-resolver@1.12.2 want: 1.12.2
2324 silly placeDep ROOT @unrs/resolver-binding-linux-riscv64-gnu@1.12.2 OK for: unrs-resolver@1.12.2 want: 1.12.2
2325 silly placeDep ROOT @unrs/resolver-binding-linux-riscv64-musl@1.12.2 OK for: unrs-resolver@1.12.2 want: 1.12.2
2326 silly placeDep ROOT @unrs/resolver-binding-linux-s390x-gnu@1.12.2 OK for: unrs-resolver@1.12.2 want: 1.12.2
2327 silly placeDep ROOT @unrs/resolver-binding-linux-x64-gnu@1.12.2 OK for: unrs-resolver@1.12.2 want: 1.12.2
2328 silly placeDep ROOT @unrs/resolver-binding-linux-x64-musl@1.12.2 OK for: unrs-resolver@1.12.2 want: 1.12.2
2329 silly placeDep ROOT @unrs/resolver-binding-openharmony-arm64@1.12.2 OK for: unrs-resolver@1.12.2 want: 1.12.2
2330 silly placeDep ROOT @unrs/resolver-binding-wasm32-wasi@1.12.2 OK for: unrs-resolver@1.12.2 want: 1.12.2
2331 silly placeDep ROOT @unrs/resolver-binding-win32-arm64-msvc@1.12.2 OK for: unrs-resolver@1.12.2 want: 1.12.2
2332 silly placeDep ROOT @unrs/resolver-binding-win32-ia32-msvc@1.12.2 OK for: unrs-resolver@1.12.2 want: 1.12.2
2333 silly placeDep ROOT @unrs/resolver-binding-win32-x64-msvc@1.12.2 OK for: unrs-resolver@1.12.2 want: 1.12.2
2334 silly placeDep ROOT napi-postinstall@0.3.4 OK for: unrs-resolver@1.12.2 want: ^0.3.4
2335 silly fetch manifest @napi-rs/wasm-runtime@^1.1.4
2336 silly packumentCache full:https://registry.npmjs.org/@napi-rs%2fwasm-runtime cache-miss
2337 silly fetch manifest @emnapi/core@1.10.0
2338 silly packumentCache full:https://registry.npmjs.org/@emnapi%2fcore cache-miss
2339 http fetch GET 200 https://registry.npmjs.org/@napi-rs%2fwasm-runtime 90ms (cache miss)
2340 silly packumentCache full:https://registry.npmjs.org/@napi-rs%2fwasm-runtime set size:undefined disposed:false
2341 http fetch GET 200 https://registry.npmjs.org/@emnapi%2fcore 91ms (cache miss)
2342 silly packumentCache full:https://registry.npmjs.org/@emnapi%2fcore set size:undefined disposed:false
2343 silly placeDep ROOT @emnapi/core@1.10.0 OK for: @unrs/resolver-binding-wasm32-wasi@1.12.2 want: 1.10.0
2344 silly placeDep ROOT @napi-rs/wasm-runtime@1.1.4 OK for: @unrs/resolver-binding-wasm32-wasi@1.12.2 want: ^1.1.4
2345 silly fetch manifest @emnapi/wasi-threads@1.2.1
2346 silly packumentCache full:https://registry.npmjs.org/@emnapi%2fwasi-threads cache-miss
2347 silly fetch manifest @tybys/wasm-util@^0.10.1
2348 silly packumentCache full:https://registry.npmjs.org/@tybys%2fwasm-util cache-miss
2349 http fetch GET 200 https://registry.npmjs.org/@emnapi%2fwasi-threads 128ms (cache miss)
2350 silly packumentCache full:https://registry.npmjs.org/@emnapi%2fwasi-threads set size:undefined disposed:false
2351 http fetch GET 200 https://registry.npmjs.org/@tybys%2fwasm-util 134ms (cache miss)
2352 silly packumentCache full:https://registry.npmjs.org/@tybys%2fwasm-util set size:undefined disposed:false
2353 silly placeDep ROOT @emnapi/wasi-threads@1.2.1 OK for: @emnapi/core@1.10.0 want: 1.2.1
2354 silly placeDep ROOT @tybys/wasm-util@0.10.2 OK for: @napi-rs/wasm-runtime@1.1.4 want: ^0.10.1
2355 silly placeDep ROOT escalade@3.2.0 OK for: update-browserslist-db@1.2.3 want: ^3.2.0
2356 silly placeDep ROOT punycode@2.3.1 OK for: uri-js@4.4.1 want: ^2.1.0
2357 silly placeDep ROOT isexe@2.0.0 OK for: which@2.0.2 want: ^2.0.0
2358 silly placeDep ROOT is-bigint@1.1.0 OK for: which-boxed-primitive@1.1.1 want: ^1.1.0
2359 silly placeDep ROOT is-boolean-object@1.2.2 OK for: which-boxed-primitive@1.1.1 want: ^1.2.1
2360 silly placeDep ROOT is-number-object@1.1.1 OK for: which-boxed-primitive@1.1.1 want: ^1.1.1
2361 silly placeDep ROOT is-async-function@2.1.1 OK for: which-builtin-type@1.2.1 want: ^2.0.0
2362 silly placeDep ROOT is-finalizationregistry@1.1.1 OK for: which-builtin-type@1.2.1 want: ^1.1.0
2363 silly placeDep ROOT is-generator-function@1.1.2 OK for: which-builtin-type@1.2.1 want: ^1.0.10
2364 silly placeDep ROOT which-collection@1.0.2 OK for: which-builtin-type@1.2.1 want: ^1.0.2
2365 silly fetch manifest async-function@^1.0.0
2366 silly packumentCache full:https://registry.npmjs.org/async-function cache-miss
2367 silly fetch manifest generator-function@^2.0.0
2368 silly packumentCache full:https://registry.npmjs.org/generator-function cache-miss
2369 silly fetch manifest is-map@^2.0.3
2370 silly packumentCache full:https://registry.npmjs.org/is-map cache-miss
2371 silly fetch manifest is-weakmap@^2.0.2
2372 silly packumentCache full:https://registry.npmjs.org/is-weakmap cache-miss
2373 silly fetch manifest is-weakset@^2.0.3
2374 silly packumentCache full:https://registry.npmjs.org/is-weakset cache-miss
2375 http fetch GET 200 https://registry.npmjs.org/async-function 52ms (cache miss)
2376 silly packumentCache full:https://registry.npmjs.org/async-function set size:undefined disposed:false
2377 http fetch GET 200 https://registry.npmjs.org/is-weakmap 51ms (cache miss)
2378 silly packumentCache full:https://registry.npmjs.org/is-weakmap set size:undefined disposed:false
2379 http fetch GET 200 https://registry.npmjs.org/is-map 54ms (cache miss)
2380 silly packumentCache full:https://registry.npmjs.org/is-map set size:undefined disposed:false
2381 http fetch GET 200 https://registry.npmjs.org/is-weakset 68ms (cache miss)
2382 silly packumentCache full:https://registry.npmjs.org/is-weakset set size:undefined disposed:false
2383 http fetch GET 200 https://registry.npmjs.org/generator-function 70ms (cache miss)
2384 silly packumentCache full:https://registry.npmjs.org/generator-function set size:undefined disposed:false
2385 silly placeDep ROOT async-function@1.0.0 OK for: is-async-function@2.1.1 want: ^1.0.0
2386 silly placeDep ROOT generator-function@2.0.1 OK for: is-generator-function@1.1.2 want: ^2.0.0
2387 silly placeDep ROOT is-map@2.0.3 OK for: which-collection@1.0.2 want: ^2.0.3
2388 silly placeDep ROOT is-weakmap@2.0.2 OK for: which-collection@1.0.2 want: ^2.0.2
2389 silly placeDep ROOT is-weakset@2.0.4 OK for: which-collection@1.0.2 want: ^2.0.3
2390 silly placeDep node_modules/@typescript-eslint/typescript-estree brace-expansion@5.0.6 OK for: minimatch@10.2.5 want: ^5.0.5
2391 silly fetch manifest balanced-match@^4.0.2
2392 silly packumentCache full:https://registry.npmjs.org/balanced-match cache-miss
2393 http cache https://registry.npmjs.org/balanced-match 2ms (cache hit)
2394 silly packumentCache full:https://registry.npmjs.org/balanced-match set size:39082 disposed:false
2395 silly placeDep node_modules/@typescript-eslint/typescript-estree balanced-match@4.0.4 OK for: brace-expansion@5.0.6 want: ^4.0.2
2396 silly reify moves {}
2397 verbose reify failed optional dependency /Users/mac/Documents/work/saas/node_modules/@tailwindcss/oxide-wasm32-wasi
2398 silly reify mark deleted [
2398 silly reify   '/Users/mac/Documents/work/saas/node_modules/@tailwindcss/oxide-wasm32-wasi'
2398 silly reify ]
2399 silly audit bulk request {
2399 silly audit   '@tailwindcss/postcss': [ '4.3.0' ],
2399 silly audit   '@types/node': [ '20.19.41' ],
2399 silly audit   '@types/react': [ '19.2.15' ],
2399 silly audit   '@types/react-dom': [ '19.2.3' ],
2399 silly audit   eslint: [ '9.39.4' ],
2399 silly audit   'eslint-config-next': [ '16.2.6' ],
2399 silly audit   next: [ '16.2.6' ],
2399 silly audit   react: [ '19.2.4' ],
2399 silly audit   'react-dom': [ '19.2.4' ],
2399 silly audit   tailwindcss: [ '4.3.0' ],
2399 silly audit   typescript: [ '5.9.3' ],
2399 silly audit   '@alloc/quick-lru': [ '5.2.0' ],
2399 silly audit   '@tailwindcss/node': [ '4.3.0' ],
2399 silly audit   '@tailwindcss/oxide': [ '4.3.0' ],
2399 silly audit   postcss: [ '8.5.15', '8.4.31' ],
2399 silly audit   '@jridgewell/remapping': [ '2.3.5' ],
2399 silly audit   'enhanced-resolve': [ '5.22.0' ],
2399 silly audit   jiti: [ '2.7.0' ],
2399 silly audit   lightningcss: [ '1.32.0' ],
2399 silly audit   'magic-string': [ '0.30.21' ],
2399 silly audit   'source-map-js': [ '1.2.1' ],
2399 silly audit   '@jridgewell/gen-mapping': [ '0.3.13' ],
2399 silly audit   '@jridgewell/trace-mapping': [ '0.3.31' ],
2399 silly audit   '@jridgewell/sourcemap-codec': [ '1.5.5' ],
2399 silly audit   '@jridgewell/resolve-uri': [ '3.1.2' ],
2399 silly audit   '@tailwindcss/oxide-android-arm64': [ '4.3.0' ],
2399 silly audit   '@tailwindcss/oxide-darwin-arm64': [ '4.3.0' ],
2399 silly audit   '@tailwindcss/oxide-darwin-x64': [ '4.3.0' ],
2399 silly audit   '@tailwindcss/oxide-freebsd-x64': [ '4.3.0' ],
2399 silly audit   '@tailwindcss/oxide-linux-arm-gnueabihf': [ '4.3.0' ],
2399 silly audit   '@tailwindcss/oxide-linux-arm64-gnu': [ '4.3.0' ],
2399 silly audit   '@tailwindcss/oxide-linux-arm64-musl': [ '4.3.0' ],
2399 silly audit   '@tailwindcss/oxide-linux-x64-gnu': [ '4.3.0' ],
2399 silly audit   '@tailwindcss/oxide-linux-x64-musl': [ '4.3.0' ],
2399 silly audit   '@tailwindcss/oxide-win32-arm64-msvc': [ '4.3.0' ],
2399 silly audit   '@tailwindcss/oxide-win32-x64-msvc': [ '4.3.0' ],
2399 silly audit   'undici-types': [ '6.21.0' ],
2399 silly audit   csstype: [ '3.2.3' ],
2399 silly audit   'graceful-fs': [ '4.2.11' ],
2399 silly audit   tapable: [ '2.3.3' ],
2399 silly audit   '@eslint-community/eslint-utils': [ '4.9.1' ],
2399 silly audit   '@eslint-community/regexpp': [ '4.12.2' ],
2399 silly audit   '@eslint/config-array': [ '0.21.2' ],
2399 silly audit   '@eslint/config-helpers': [ '0.4.2' ],
2399 silly audit   '@eslint/core': [ '0.17.0' ],
2399 silly audit   '@eslint/eslintrc': [ '3.3.5' ],
2399 silly audit   '@eslint/js': [ '9.39.4' ],
2399 silly audit   '@eslint/plugin-kit': [ '0.4.1' ],
2399 silly audit   '@humanfs/node': [ '0.16.8' ],
2399 silly audit   '@humanwhocodes/module-importer': [ '1.0.1' ],
2399 silly audit   '@humanwhocodes/retry': [ '0.4.3' ],
2399 silly audit   '@types/estree': [ '1.0.9' ],
2399 silly audit   ajv: [ '6.15.0' ],
2399 silly audit   chalk: [ '4.1.2' ],
2399 silly audit   'cross-spawn': [ '7.0.6' ],
2399 silly audit   debug: [ '4.4.3', '3.2.7' ],
2399 silly audit   'escape-string-regexp': [ '4.0.0' ],
2399 silly audit   'eslint-scope': [ '8.4.0' ],
2399 silly audit   'eslint-visitor-keys': [ '4.2.1', '3.4.3', '5.0.1' ],
2399 silly audit   espree: [ '10.4.0' ],
2399 silly audit   esquery: [ '1.7.0' ],
2399 silly audit   esutils: [ '2.0.3' ],
2399 silly audit   'fast-deep-equal': [ '3.1.3' ],
2399 silly audit   'file-entry-cache': [ '8.0.0' ],
2399 silly audit   'find-up': [ '5.0.0' ],
2399 silly audit   'glob-parent': [ '6.0.2', '5.1.2' ],
2399 silly audit   ignore: [ '5.3.2', '7.0.5' ],
2399 silly audit   imurmurhash: [ '0.1.4' ],
2399 silly audit   'is-glob': [ '4.0.3' ],
2399 silly audit   'json-stable-stringify-without-jsonify': [ '1.0.1' ],
2399 silly audit   'lodash.merge': [ '4.6.2' ],
2399 silly audit   minimatch: [ '3.1.5', '10.2.5' ],
2399 silly audit   'natural-compare': [ '1.4.0' ],
2399 silly audit   optionator: [ '0.9.4' ],
2399 silly audit   '@eslint/object-schema': [ '2.1.7' ],
2399 silly audit   '@types/json-schema': [ '7.0.15' ],
2399 silly audit   globals: [ '14.0.0', '16.4.0' ],
2399 silly audit   'import-fresh': [ '3.3.1' ],
2399 silly audit   'js-yaml': [ '4.1.1' ],
2399 silly audit   'strip-json-comments': [ '3.1.1' ],
2399 silly audit   levn: [ '0.4.1' ],
2399 silly audit   '@humanfs/core': [ '0.19.2' ],
2399 silly audit   '@humanfs/types': [ '0.15.0' ],
2399 silly audit   'fast-json-stable-stringify': [ '2.1.0' ],
2399 silly audit   'json-schema-traverse': [ '0.4.1' ],
2399 silly audit   'uri-js': [ '4.4.1' ],
2399 silly audit   'ansi-styles': [ '4.3.0' ],
2399 silly audit   'supports-color': [ '7.2.0' ],
2399 silly audit   'color-convert': [ '2.0.1' ],
2399 silly audit   'color-name': [ '1.1.4' ],
2399 silly audit   'path-key': [ '3.1.1' ],
2399 silly audit   'shebang-command': [ '2.0.0' ],
2399 silly audit   which: [ '2.0.2' ],
2399 silly audit   ms: [ '2.1.3' ],
2399 silly audit   '@next/eslint-plugin-next': [ '16.2.6' ],
2399 silly audit   'eslint-import-resolver-node': [ '0.3.10' ],
2399 silly audit   'eslint-import-resolver-typescript': [ '3.10.1' ],
2399 silly audit   'eslint-plugin-import': [ '2.32.0' ],
2399 silly audit   'eslint-plugin-jsx-a11y': [ '6.10.2' ],
2399 silly audit   'eslint-plugin-react': [ '7.37.5' ],
2399 silly audit   'eslint-plugin-react-hooks': [ '7.1.1' ],
2399 silly audit   'typescript-eslint': [ '8.60.0' ],
2399 silly audit   'fast-glob': [ '3.3.1' ],
2399 silly audit   'is-core-module': [ '2.16.2' ],
2399 silly audit   resolve: [ '2.0.0-next.7' ],
2399 silly audit   '@nolyfill/is-core-module': [ '1.0.39' ],
2399 silly audit   'get-tsconfig': [ '4.14.0' ],
2399 silly audit   'is-bun-module': [ '2.0.0' ],
2399 silly audit   'stable-hash': [ '0.0.5' ],
2399 silly audit   tinyglobby: [ '0.2.16' ],
2399 silly audit   'unrs-resolver': [ '1.12.2' ],
2399 silly audit   '@rtsao/scc': [ '1.1.0' ],
2399 silly audit   'array-includes': [ '3.1.9' ],
2399 silly audit   'array.prototype.findlastindex': [ '1.2.6' ],
2399 silly audit   'array.prototype.flat': [ '1.3.3' ],
2399 silly audit   'array.prototype.flatmap': [ '1.3.3' ],
2399 silly audit   doctrine: [ '2.1.0' ],
2399 silly audit   'eslint-module-utils': [ '2.12.1' ],
2399 silly audit   hasown: [ '2.0.3' ],
2399 silly audit   'object.fromentries': [ '2.0.8' ],
2399 silly audit   'object.groupby': [ '1.0.3' ],
2399 silly audit   'object.values': [ '1.2.1' ],
2399 silly audit   semver: [ '6.3.1', '7.8.1' ],
2399 silly audit   'string.prototype.trimend': [ '1.0.9' ],
2399 silly audit   'tsconfig-paths': [ '3.15.0' ],
2399 silly audit   'call-bind': [ '1.0.9' ],
2399 silly audit   'call-bound': [ '1.0.4' ],
2399 silly audit   'define-properties': [ '1.2.1' ],
2399 silly audit   'es-abstract': [ '1.24.2' ],
2399 silly audit   'es-object-atoms': [ '1.1.2' ],
2399 silly audit   'get-intrinsic': [ '1.3.0' ],
2399 silly audit   'is-string': [ '1.1.1' ],
2399 silly audit   'math-intrinsics': [ '1.1.0' ],
2399 silly audit   'es-errors': [ '1.3.0' ],
2399 silly audit   'es-shim-unscopables': [ '1.1.0' ],
2399 silly audit   'call-bind-apply-helpers': [ '1.0.2' ],
2399 silly audit   'es-define-property': [ '1.0.1' ],
2399 silly audit   'set-function-length': [ '1.2.2' ],
2399 silly audit   'function-bind': [ '1.1.2' ],
2399 silly audit   'define-data-property': [ '1.1.4' ],
2399 silly audit   'has-property-descriptors': [ '1.0.2' ],
2399 silly audit   'object-keys': [ '1.1.1' ],
2399 silly audit   gopd: [ '1.2.0' ],
2399 silly audit   'array-buffer-byte-length': [ '1.0.2' ],
2399 silly audit   'arraybuffer.prototype.slice': [ '1.0.4' ],
2399 silly audit   'available-typed-arrays': [ '1.0.7' ],
2399 silly audit   'data-view-buffer': [ '1.0.2' ],
2399 silly audit   'data-view-byte-length': [ '1.0.2' ],
2399 silly audit   'data-view-byte-offset': [ '1.0.1' ],
2399 silly audit   'es-set-tostringtag': [ '2.1.0' ],
2399 silly audit   'es-to-primitive': [ '1.3.0' ],
2399 silly audit   'function.prototype.name': [ '1.1.8' ],
2399 silly audit   'get-proto': [ '1.0.1' ],
2399 silly audit   'get-symbol-description': [ '1.1.0' ],
2399 silly audit   globalthis: [ '1.0.4' ],
2399 silly audit   'has-proto': [ '1.2.0' ],
2399 silly audit   'has-symbols': [ '1.1.0' ],
2399 silly audit   'internal-slot': [ '1.1.0' ],
2399 silly audit   'is-array-buffer': [ '3.0.5' ],
2399 silly audit   'is-callable': [ '1.2.7' ],
2399 silly audit   'is-data-view': [ '1.0.2' ],
2399 silly audit   'is-negative-zero': [ '2.0.3' ],
2399 silly audit   'is-regex': [ '1.2.1' ],
2399 silly audit   'is-set': [ '2.0.3' ],
2399 silly audit   'is-shared-array-buffer': [ '1.0.4' ],
2399 silly audit   'is-typed-array': [ '1.1.15' ],
2399 silly audit   'is-weakref': [ '1.1.1' ],
2399 silly audit   'object-inspect': [ '1.13.4' ],
2399 silly audit   'object.assign': [ '4.1.7' ],
2399 silly audit   'own-keys': [ '1.0.1' ],
2399 silly audit   'regexp.prototype.flags': [ '1.5.4' ],
2399 silly audit   'safe-array-concat': [ '1.1.4' ],
2399 silly audit   'safe-push-apply': [ '1.0.0' ],
2399 silly audit   'safe-regex-test': [ '1.1.0' ],
2399 silly audit   'set-proto': [ '1.0.0' ],
2399 silly audit   'stop-iteration-iterator': [ '1.1.0' ],
2399 silly audit   'string.prototype.trim': [ '1.2.10' ],
2399 silly audit   'string.prototype.trimstart': [ '1.0.8' ],
2399 silly audit   'typed-array-buffer': [ '1.0.3' ],
2399 silly audit   'typed-array-byte-length': [ '1.0.3' ],
2399 silly audit   'typed-array-byte-offset': [ '1.0.4' ],
2399 silly audit   'typed-array-length': [ '1.0.7' ],
2399 silly audit   'unbox-primitive': [ '1.1.0' ],
2399 silly audit   'which-typed-array': [ '1.1.20' ],
2399 silly audit   'possible-typed-array-names': [ '1.1.0' ],
2399 silly audit   'has-tostringtag': [ '1.0.2' ],
2399 silly audit   'is-date-object': [ '1.1.0' ],
2399 silly audit   'is-symbol': [ '1.1.1' ],
2399 silly audit   'aria-query': [ '5.3.2' ],
2399 silly audit   'ast-types-flow': [ '0.0.8' ],
2399 silly audit   'axe-core': [ '4.11.4' ],
2399 silly audit   'axobject-query': [ '4.1.0' ],
2399 silly audit   'damerau-levenshtein': [ '1.0.8' ],
2399 silly audit   'emoji-regex': [ '9.2.2' ],
2399 silly audit   'jsx-ast-utils': [ '3.3.5' ],
2399 silly audit   'language-tags': [ '1.0.9' ],
2399 silly audit   'string.prototype.includes': [ '2.0.1' ],
2399 silly audit   'array.prototype.findlast': [ '1.2.5' ],
2399 silly audit   'array.prototype.tosorted': [ '1.1.4' ],
2399 silly audit   'es-iterator-helpers': [ '1.3.2' ],
2399 silly audit   estraverse: [ '5.3.0' ],
2399 silly audit   'object.entries': [ '1.1.9' ],
2399 silly audit   'prop-types': [ '15.8.1' ],
2399 silly audit   'string.prototype.matchall': [ '4.0.12' ],
2399 silly audit   'string.prototype.repeat': [ '1.0.0' ],
2399 silly audit   'iterator.prototype': [ '1.1.5' ],
2399 silly audit   '@babel/core': [ '7.29.7' ],
2399 silly audit   '@babel/parser': [ '7.29.7' ],
2399 silly audit   'hermes-parser': [ '0.25.1' ],
2399 silly audit   zod: [ '4.4.3' ],
2399 silly audit   'zod-validation-error': [ '4.0.2' ],
2399 silly audit   '@babel/code-frame': [ '7.29.7' ],
2399 silly audit   '@babel/generator': [ '7.29.7' ],
2399 silly audit   '@babel/helper-compilation-targets': [ '7.29.7' ],
2399 silly audit   '@babel/helper-module-transforms': [ '7.29.7' ],
2399 silly audit   '@babel/helpers': [ '7.29.7' ],
2399 silly audit   '@babel/template': [ '7.29.7' ],
2399 silly audit   '@babel/traverse': [ '7.29.7' ],
2399 silly audit   '@babel/types': [ '7.29.7' ],
2399 silly audit   'convert-source-map': [ '2.0.0' ],
2399 silly audit   gensync: [ '1.0.0-beta.2' ],
2399 silly audit   json5: [ '2.2.3', '1.0.2' ],
2399 silly audit   '@babel/helper-validator-identifier': [ '7.29.7' ],
2399 silly audit   'js-tokens': [ '4.0.0' ],
2399 silly audit   picocolors: [ '1.1.1' ],
2399 silly audit   jsesc: [ '3.1.0' ],
2399 silly audit   '@babel/compat-data': [ '7.29.7' ],
2399 silly audit   '@babel/helper-validator-option': [ '7.29.7' ],
2399 silly audit   browserslist: [ '4.28.2' ],
2399 silly audit   'lru-cache': [ '5.1.1' ],
2399 silly audit   '@babel/helper-module-imports': [ '7.29.7' ],
2399 silly audit   '@babel/helper-globals': [ '7.29.7' ],
2399 silly audit   '@babel/helper-string-parser': [ '7.29.7' ],
2399 silly audit   'baseline-browser-mapping': [ '2.10.32' ],
2399 silly audit   'caniuse-lite': [ '1.0.30001793' ],
2399 silly audit   'electron-to-chromium': [ '1.5.361' ],
2399 silly audit   'node-releases': [ '2.0.46' ],
2399 silly audit   'update-browserslist-db': [ '1.2.3' ],
2399 silly audit   esrecurse: [ '4.3.0' ],
2399 silly audit   acorn: [ '8.16.0' ],
2399 silly audit   'acorn-jsx': [ '5.3.2' ],
2399 silly audit   '@nodelib/fs.stat': [ '2.0.5' ],
2399 silly audit   '@nodelib/fs.walk': [ '1.2.8' ],
2399 silly audit   merge2: [ '1.4.1' ],
2399 silly audit   micromatch: [ '4.0.8' ],
2399 silly audit   '@nodelib/fs.scandir': [ '2.1.5' ],
2399 silly audit   fastq: [ '1.20.1' ],
2399 silly audit   'run-parallel': [ '1.2.0' ],
2399 silly audit   reusify: [ '1.1.0' ],
2399 silly audit   'flat-cache': [ '4.0.1' ],
2399 silly audit   'locate-path': [ '6.0.0' ],
2399 silly audit   'path-exists': [ '4.0.0' ],
2399 silly audit   flatted: [ '3.4.2' ],
2399 silly audit   keyv: [ '4.5.4' ],
2399 silly audit   'functions-have-names': [ '1.2.3' ],
2399 silly audit   'dunder-proto': [ '1.0.1' ],
2399 silly audit   'resolve-pkg-maps': [ '1.0.0' ],
2399 silly audit   'hermes-estree': [ '0.25.1' ],
2399 silly audit   'parent-module': [ '1.0.1' ],
2399 silly audit   'resolve-from': [ '4.0.0' ],
2399 silly audit   'side-channel': [ '1.1.0' ],
2399 silly audit   'is-extglob': [ '2.1.1' ],
2399 silly audit   'set-function-name': [ '2.0.2' ],
2399 silly audit   argparse: [ '2.0.1' ],
2399 silly audit   'json-buffer': [ '3.0.1' ],
2399 silly audit   'language-subtag-registry': [ '0.3.23' ],
2399 silly audit   'prelude-ls': [ '1.2.1' ],
2399 silly audit   'type-check': [ '0.4.0' ],
2399 silly audit   'detect-libc': [ '2.1.2' ],
2399 silly audit   'lightningcss-android-arm64': [ '1.32.0' ],
2399 silly audit   'lightningcss-darwin-arm64': [ '1.32.0' ],
2399 silly audit   'lightningcss-darwin-x64': [ '1.32.0' ],
2399 silly audit   'lightningcss-freebsd-x64': [ '1.32.0' ],
2399 silly audit   'lightningcss-linux-arm-gnueabihf': [ '1.32.0' ],
2399 silly audit   'lightningcss-linux-arm64-gnu': [ '1.32.0' ],
2399 silly audit   'lightningcss-linux-arm64-musl': [ '1.32.0' ],
2399 silly audit   'lightningcss-linux-x64-gnu': [ '1.32.0' ],
2399 silly audit   'lightningcss-linux-x64-musl': [ '1.32.0' ],
2399 silly audit   'lightningcss-win32-arm64-msvc': [ '1.32.0' ],
2399 silly audit   'lightningcss-win32-x64-msvc': [ '1.32.0' ],
2399 silly audit   'p-locate': [ '5.0.0' ],
2399 silly audit   yallist: [ '3.1.1' ],
2399 silly audit   braces: [ '3.0.3' ],
2399 silly audit   picomatch: [ '2.3.2', '4.0.4' ],
2399 silly audit   'fill-range': [ '7.1.1' ],
2399 silly audit   'to-regex-range': [ '5.0.1' ],
2399 silly audit   'brace-expansion': [ '1.1.15', '5.0.6' ],
2399 silly audit   'balanced-match': [ '1.0.2', '4.0.4' ],
2399 silly audit   'concat-map': [ '0.0.1' ],
2399 silly audit   '@next/env': [ '16.2.6' ],
2399 silly audit   '@next/swc-darwin-arm64': [ '16.2.6' ],
2399 silly audit   '@next/swc-darwin-x64': [ '16.2.6' ],
2399 silly audit   '@next/swc-linux-arm64-gnu': [ '16.2.6' ],
2399 silly audit   '@next/swc-linux-arm64-musl': [ '16.2.6' ],
2399 silly audit   '@next/swc-linux-x64-gnu': [ '16.2.6' ],
2399 silly audit   '@next/swc-linux-x64-musl': [ '16.2.6' ],
2399 silly audit   '@next/swc-win32-arm64-msvc': [ '16.2.6' ],
2399 silly audit   '@next/swc-win32-x64-msvc': [ '16.2.6' ],
2399 silly audit   '@swc/helpers': [ '0.5.15' ],
2399 silly audit   sharp: [ '0.34.5' ],
2399 silly audit   'styled-jsx': [ '5.1.6' ],
2399 silly audit   tslib: [ '2.8.1' ],
2399 silly audit   'deep-is': [ '0.1.4' ],
2399 silly audit   'fast-levenshtein': [ '2.0.6' ],
2399 silly audit   'word-wrap': [ '1.2.5' ],
2399 silly audit   'p-limit': [ '3.1.0' ],
2399 silly audit   'yocto-queue': [ '0.1.0' ],
2399 silly audit   callsites: [ '3.1.0' ],
2399 silly audit   nanoid: [ '3.3.12' ],
2399 silly audit   'loose-envify': [ '1.4.0' ],
2399 silly audit   'object-assign': [ '4.1.1' ],
2399 silly audit   'react-is': [ '16.13.1' ],
2399 silly audit   scheduler: [ '0.27.0' ],
2399 silly audit   'node-exports-info': [ '1.6.0' ],
2399 silly audit   'path-parse': [ '1.0.7' ],
2399 silly audit   'supports-preserve-symlinks-flag': [ '1.0.0' ],
2399 silly audit   'queue-microtask': [ '1.2.3' ],
2399 silly audit   isarray: [ '2.0.5' ],
2399 silly audit   '@img/colour': [ '1.1.0' ],
2399 silly audit   '@img/sharp-darwin-arm64': [ '0.34.5' ],
2399 silly audit   '@img/sharp-darwin-x64': [ '0.34.5' ],
2399 silly audit   '@img/sharp-libvips-darwin-arm64': [ '1.2.4' ],
2399 silly audit   '@img/sharp-libvips-darwin-x64': [ '1.2.4' ],
2399 silly audit   '@img/sharp-libvips-linux-arm': [ '1.2.4' ],
2399 silly audit   '@img/sharp-libvips-linux-arm64': [ '1.2.4' ],
2399 silly audit   '@img/sharp-libvips-linux-ppc64': [ '1.2.4' ],
2399 silly audit   '@img/sharp-libvips-linux-riscv64': [ '1.2.4' ],
2399 silly audit   '@img/sharp-libvips-linux-s390x': [ '1.2.4' ],
2399 silly audit   '@img/sharp-libvips-linux-x64': [ '1.2.4' ],
2399 silly audit   '@img/sharp-libvips-linuxmusl-arm64': [ '1.2.4' ],
2399 silly audit   '@img/sharp-libvips-linuxmusl-x64': [ '1.2.4' ],
2399 silly audit   '@img/sharp-linux-arm': [ '0.34.5' ],
2399 silly audit   '@img/sharp-linux-arm64': [ '0.34.5' ],
2399 silly audit   '@img/sharp-linux-ppc64': [ '0.34.5' ],
2399 silly audit   '@img/sharp-linux-riscv64': [ '0.34.5' ],
2399 silly audit   '@img/sharp-linux-s390x': [ '0.34.5' ],
2399 silly audit   '@img/sharp-linux-x64': [ '0.34.5' ],
2399 silly audit   '@img/sharp-linuxmusl-arm64': [ '0.34.5' ],
2399 silly audit   '@img/sharp-linuxmusl-x64': [ '0.34.5' ],
2399 silly audit   '@img/sharp-wasm32': [ '0.34.5' ],
2399 silly audit   '@img/sharp-win32-arm64': [ '0.34.5' ],
2399 silly audit   '@img/sharp-win32-ia32': [ '0.34.5' ],
2399 silly audit   '@img/sharp-win32-x64': [ '0.34.5' ],
2399 silly audit   '@emnapi/runtime': [ '1.10.0' ],
2399 silly audit   'shebang-regex': [ '3.0.0' ],
2399 silly audit   'side-channel-list': [ '1.0.1' ],
2399 silly audit   'side-channel-map': [ '1.0.1' ],
2399 silly audit   'side-channel-weakmap': [ '1.0.2' ],
2399 silly audit   'client-only': [ '0.0.1' ],
2399 silly audit   'has-flag': [ '4.0.0' ],
2399 silly audit   fdir: [ '6.5.0' ],
2399 silly audit   'is-number': [ '7.0.0' ],
2399 silly audit   '@types/json5': [ '0.0.29' ],
2399 silly audit   minimist: [ '1.2.8' ],
2399 silly audit   'strip-bom': [ '3.0.0' ],
2399 silly audit   'for-each': [ '0.3.5' ],
2399 silly audit   'reflect.getprototypeof': [ '1.0.10' ],
2399 silly audit   'which-builtin-type': [ '1.2.1' ],
2399 silly audit   '@typescript-eslint/eslint-plugin': [ '8.60.0' ],
2399 silly audit   '@typescript-eslint/parser': [ '8.60.0' ],
2399 silly audit   '@typescript-eslint/typescript-estree': [ '8.60.0' ],
2399 silly audit   '@typescript-eslint/utils': [ '8.60.0' ],
2399 silly audit   '@typescript-eslint/scope-manager': [ '8.60.0' ],
2399 silly audit   '@typescript-eslint/type-utils': [ '8.60.0' ],
2399 silly audit   '@typescript-eslint/visitor-keys': [ '8.60.0' ],
2399 silly audit   'ts-api-utils': [ '2.5.0' ],
2399 silly audit   '@typescript-eslint/types': [ '8.60.0' ],
2399 silly audit   '@typescript-eslint/project-service': [ '8.60.0' ],
2399 silly audit   '@typescript-eslint/tsconfig-utils': [ '8.60.0' ],
2399 silly audit   'has-bigints': [ '1.1.0' ],
2399 silly audit   'which-boxed-primitive': [ '1.1.1' ],
2399 silly audit   '@unrs/resolver-binding-android-arm-eabi': [ '1.12.2' ],
2399 silly audit   '@unrs/resolver-binding-android-arm64': [ '1.12.2' ],
2399 silly audit   '@unrs/resolver-binding-darwin-arm64': [ '1.12.2' ],
2399 silly audit   '@unrs/resolver-binding-darwin-x64': [ '1.12.2' ],
2399 silly audit   '@unrs/resolver-binding-freebsd-x64': [ '1.12.2' ],
2399 silly audit   '@unrs/resolver-binding-linux-arm-gnueabihf': [ '1.12.2' ],
2399 silly audit   '@unrs/resolver-binding-linux-arm-musleabihf': [ '1.12.2' ],
2399 silly audit   '@unrs/resolver-binding-linux-arm64-gnu': [ '1.12.2' ],
2399 silly audit   '@unrs/resolver-binding-linux-arm64-musl': [ '1.12.2' ],
2399 silly audit   '@unrs/resolver-binding-linux-loong64-gnu': [ '1.12.2' ],
2399 silly audit   '@unrs/resolver-binding-linux-loong64-musl': [ '1.12.2' ],
2399 silly audit   '@unrs/resolver-binding-linux-ppc64-gnu': [ '1.12.2' ],
2399 silly audit   '@unrs/resolver-binding-linux-riscv64-gnu': [ '1.12.2' ],
2399 silly audit   '@unrs/resolver-binding-linux-riscv64-musl': [ '1.12.2' ],
2399 silly audit   '@unrs/resolver-binding-linux-s390x-gnu': [ '1.12.2' ],
2399 silly audit   '@unrs/resolver-binding-linux-x64-gnu': [ '1.12.2' ],
2399 silly audit   '@unrs/resolver-binding-linux-x64-musl': [ '1.12.2' ],
2399 silly audit   '@unrs/resolver-binding-openharmony-arm64': [ '1.12.2' ],
2399 silly audit   '@unrs/resolver-binding-wasm32-wasi': [ '1.12.2' ],
2399 silly audit   '@unrs/resolver-binding-win32-arm64-msvc': [ '1.12.2' ],
2399 silly audit   '@unrs/resolver-binding-win32-ia32-msvc': [ '1.12.2' ],
2399 silly audit   '@unrs/resolver-binding-win32-x64-msvc': [ '1.12.2' ],
2399 silly audit   'napi-postinstall': [ '0.3.4' ],
2399 silly audit   '@emnapi/core': [ '1.10.0' ],
2399 silly audit   '@napi-rs/wasm-runtime': [ '1.1.4' ],
2399 silly audit   '@emnapi/wasi-threads': [ '1.2.1' ],
2399 silly audit   '@tybys/wasm-util': [ '0.10.2' ],
2399 silly audit   escalade: [ '3.2.0' ],
2399 silly audit   punycode: [ '2.3.1' ],
2399 silly audit   isexe: [ '2.0.0' ],
2399 silly audit   'is-bigint': [ '1.1.0' ],
2399 silly audit   'is-boolean-object': [ '1.2.2' ],
2399 silly audit   'is-number-object': [ '1.1.1' ],
2399 silly audit   'is-async-function': [ '2.1.1' ],
2399 silly audit   'is-finalizationregistry': [ '1.1.1' ],
2399 silly audit   'is-generator-function': [ '1.1.2' ],
2399 silly audit   'which-collection': [ '1.0.2' ],
2399 silly audit   'async-function': [ '1.0.0' ],
2399 silly audit   'generator-function': [ '2.0.1' ],
2399 silly audit   'is-map': [ '2.0.3' ],
2399 silly audit   'is-weakmap': [ '2.0.2' ],
2399 silly audit   'is-weakset': [ '2.0.4' ],
2399 silly audit   '@tailwindcss/oxide-wasm32-wasi': [ '4.3.0' ]
2399 silly audit }
2400 verbose reify failed optional dependency /Users/mac/Documents/work/saas/node_modules/@unrs/resolver-binding-win32-x64-msvc
2401 silly reify mark deleted [
2401 silly reify   '/Users/mac/Documents/work/saas/node_modules/@unrs/resolver-binding-win32-x64-msvc'
2401 silly reify ]
2402 verbose reify failed optional dependency /Users/mac/Documents/work/saas/node_modules/@unrs/resolver-binding-win32-ia32-msvc
2403 silly reify mark deleted [
2403 silly reify   '/Users/mac/Documents/work/saas/node_modules/@unrs/resolver-binding-win32-ia32-msvc'
2403 silly reify ]
2404 verbose reify failed optional dependency /Users/mac/Documents/work/saas/node_modules/@unrs/resolver-binding-win32-arm64-msvc
2405 silly reify mark deleted [
2405 silly reify   '/Users/mac/Documents/work/saas/node_modules/@unrs/resolver-binding-win32-arm64-msvc'
2405 silly reify ]
2406 verbose reify failed optional dependency /Users/mac/Documents/work/saas/node_modules/@unrs/resolver-binding-wasm32-wasi
2407 silly reify mark deleted [
2407 silly reify   '/Users/mac/Documents/work/saas/node_modules/@unrs/resolver-binding-wasm32-wasi'
2407 silly reify ]
2408 verbose reify failed optional dependency /Users/mac/Documents/work/saas/node_modules/@unrs/resolver-binding-openharmony-arm64
2409 silly reify mark deleted [
2409 silly reify   '/Users/mac/Documents/work/saas/node_modules/@unrs/resolver-binding-openharmony-arm64'
2409 silly reify ]
2410 verbose reify failed optional dependency /Users/mac/Documents/work/saas/node_modules/@unrs/resolver-binding-linux-x64-musl
2411 silly reify mark deleted [
2411 silly reify   '/Users/mac/Documents/work/saas/node_modules/@unrs/resolver-binding-linux-x64-musl'
2411 silly reify ]
2412 verbose reify failed optional dependency /Users/mac/Documents/work/saas/node_modules/@unrs/resolver-binding-linux-x64-gnu
2413 silly reify mark deleted [
2413 silly reify   '/Users/mac/Documents/work/saas/node_modules/@unrs/resolver-binding-linux-x64-gnu'
2413 silly reify ]
2414 verbose reify failed optional dependency /Users/mac/Documents/work/saas/node_modules/@unrs/resolver-binding-linux-s390x-gnu
2415 silly reify mark deleted [
2415 silly reify   '/Users/mac/Documents/work/saas/node_modules/@unrs/resolver-binding-linux-s390x-gnu'
2415 silly reify ]
2416 verbose reify failed optional dependency /Users/mac/Documents/work/saas/node_modules/@unrs/resolver-binding-linux-riscv64-musl
2417 silly reify mark deleted [
2417 silly reify   '/Users/mac/Documents/work/saas/node_modules/@unrs/resolver-binding-linux-riscv64-musl'
2417 silly reify ]
2418 verbose reify failed optional dependency /Users/mac/Documents/work/saas/node_modules/@unrs/resolver-binding-linux-riscv64-gnu
2419 silly reify mark deleted [
2419 silly reify   '/Users/mac/Documents/work/saas/node_modules/@unrs/resolver-binding-linux-riscv64-gnu'
2419 silly reify ]
2420 verbose reify failed optional dependency /Users/mac/Documents/work/saas/node_modules/@unrs/resolver-binding-linux-ppc64-gnu
2421 silly reify mark deleted [
2421 silly reify   '/Users/mac/Documents/work/saas/node_modules/@unrs/resolver-binding-linux-ppc64-gnu'
2421 silly reify ]
2422 verbose reify failed optional dependency /Users/mac/Documents/work/saas/node_modules/@unrs/resolver-binding-linux-loong64-musl
2423 silly reify mark deleted [
2423 silly reify   '/Users/mac/Documents/work/saas/node_modules/@unrs/resolver-binding-linux-loong64-musl'
2423 silly reify ]
2424 verbose reify failed optional dependency /Users/mac/Documents/work/saas/node_modules/@unrs/resolver-binding-linux-loong64-gnu
2425 silly reify mark deleted [
2425 silly reify   '/Users/mac/Documents/work/saas/node_modules/@unrs/resolver-binding-linux-loong64-gnu'
2425 silly reify ]
2426 verbose reify failed optional dependency /Users/mac/Documents/work/saas/node_modules/@unrs/resolver-binding-linux-arm64-musl
2427 silly reify mark deleted [
2427 silly reify   '/Users/mac/Documents/work/saas/node_modules/@unrs/resolver-binding-linux-arm64-musl'
2427 silly reify ]
2428 verbose reify failed optional dependency /Users/mac/Documents/work/saas/node_modules/@unrs/resolver-binding-linux-arm64-gnu
2429 silly reify mark deleted [
2429 silly reify   '/Users/mac/Documents/work/saas/node_modules/@unrs/resolver-binding-linux-arm64-gnu'
2429 silly reify ]
2430 verbose reify failed optional dependency /Users/mac/Documents/work/saas/node_modules/@unrs/resolver-binding-linux-arm-musleabihf
2431 silly reify mark deleted [
2431 silly reify   '/Users/mac/Documents/work/saas/node_modules/@unrs/resolver-binding-linux-arm-musleabihf'
2431 silly reify ]
2432 verbose reify failed optional dependency /Users/mac/Documents/work/saas/node_modules/@unrs/resolver-binding-linux-arm-gnueabihf
2433 silly reify mark deleted [
2433 silly reify   '/Users/mac/Documents/work/saas/node_modules/@unrs/resolver-binding-linux-arm-gnueabihf'
2433 silly reify ]
2434 verbose reify failed optional dependency /Users/mac/Documents/work/saas/node_modules/@unrs/resolver-binding-freebsd-x64
2435 silly reify mark deleted [
2435 silly reify   '/Users/mac/Documents/work/saas/node_modules/@unrs/resolver-binding-freebsd-x64'
2435 silly reify ]
2436 verbose reify failed optional dependency /Users/mac/Documents/work/saas/node_modules/@unrs/resolver-binding-darwin-x64
2437 silly reify mark deleted [
2437 silly reify   '/Users/mac/Documents/work/saas/node_modules/@unrs/resolver-binding-darwin-x64'
2437 silly reify ]
2438 verbose reify failed optional dependency /Users/mac/Documents/work/saas/node_modules/@unrs/resolver-binding-android-arm64
2439 silly reify mark deleted [
2439 silly reify   '/Users/mac/Documents/work/saas/node_modules/@unrs/resolver-binding-android-arm64'
2439 silly reify ]
2440 verbose reify failed optional dependency /Users/mac/Documents/work/saas/node_modules/@unrs/resolver-binding-android-arm-eabi
2441 silly reify mark deleted [
2441 silly reify   '/Users/mac/Documents/work/saas/node_modules/@unrs/resolver-binding-android-arm-eabi'
2441 silly reify ]
2442 verbose reify failed optional dependency /Users/mac/Documents/work/saas/node_modules/@img/sharp-win32-x64
2443 silly reify mark deleted [ '/Users/mac/Documents/work/saas/node_modules/@img/sharp-win32-x64' ]
2444 verbose reify failed optional dependency /Users/mac/Documents/work/saas/node_modules/@img/sharp-win32-ia32
2445 silly reify mark deleted [ '/Users/mac/Documents/work/saas/node_modules/@img/sharp-win32-ia32' ]
2446 verbose reify failed optional dependency /Users/mac/Documents/work/saas/node_modules/@img/sharp-win32-arm64
2447 silly reify mark deleted [
2447 silly reify   '/Users/mac/Documents/work/saas/node_modules/@img/sharp-win32-arm64'
2447 silly reify ]
2448 verbose reify failed optional dependency /Users/mac/Documents/work/saas/node_modules/@img/sharp-wasm32
2449 silly reify mark deleted [ '/Users/mac/Documents/work/saas/node_modules/@img/sharp-wasm32' ]
2450 verbose reify failed optional dependency /Users/mac/Documents/work/saas/node_modules/@img/sharp-linuxmusl-x64
2451 silly reify mark deleted [
2451 silly reify   '/Users/mac/Documents/work/saas/node_modules/@img/sharp-linuxmusl-x64'
2451 silly reify ]
2452 verbose reify failed optional dependency /Users/mac/Documents/work/saas/node_modules/@img/sharp-linuxmusl-arm64
2453 silly reify mark deleted [
2453 silly reify   '/Users/mac/Documents/work/saas/node_modules/@img/sharp-linuxmusl-arm64'
2453 silly reify ]
2454 verbose reify failed optional dependency /Users/mac/Documents/work/saas/node_modules/@img/sharp-linux-x64
2455 silly reify mark deleted [ '/Users/mac/Documents/work/saas/node_modules/@img/sharp-linux-x64' ]
2456 verbose reify failed optional dependency /Users/mac/Documents/work/saas/node_modules/@img/sharp-linux-s390x
2457 silly reify mark deleted [
2457 silly reify   '/Users/mac/Documents/work/saas/node_modules/@img/sharp-linux-s390x'
2457 silly reify ]
2458 verbose reify failed optional dependency /Users/mac/Documents/work/saas/node_modules/@img/sharp-linux-riscv64
2459 silly reify mark deleted [
2459 silly reify   '/Users/mac/Documents/work/saas/node_modules/@img/sharp-linux-riscv64'
2459 silly reify ]
2460 verbose reify failed optional dependency /Users/mac/Documents/work/saas/node_modules/@img/sharp-linux-ppc64
2461 silly reify mark deleted [
2461 silly reify   '/Users/mac/Documents/work/saas/node_modules/@img/sharp-linux-ppc64'
2461 silly reify ]
2462 verbose reify failed optional dependency /Users/mac/Documents/work/saas/node_modules/@img/sharp-linux-arm64
2463 silly reify mark deleted [
2463 silly reify   '/Users/mac/Documents/work/saas/node_modules/@img/sharp-linux-arm64'
2463 silly reify ]
2464 verbose reify failed optional dependency /Users/mac/Documents/work/saas/node_modules/@img/sharp-linux-arm
2465 silly reify mark deleted [ '/Users/mac/Documents/work/saas/node_modules/@img/sharp-linux-arm' ]
2466 verbose reify failed optional dependency /Users/mac/Documents/work/saas/node_modules/@img/sharp-libvips-linuxmusl-x64
2467 silly reify mark deleted [
2467 silly reify   '/Users/mac/Documents/work/saas/node_modules/@img/sharp-libvips-linuxmusl-x64'
2467 silly reify ]
2468 verbose reify failed optional dependency /Users/mac/Documents/work/saas/node_modules/@img/sharp-libvips-linuxmusl-arm64
2469 silly reify mark deleted [
2469 silly reify   '/Users/mac/Documents/work/saas/node_modules/@img/sharp-libvips-linuxmusl-arm64'
2469 silly reify ]
2470 verbose reify failed optional dependency /Users/mac/Documents/work/saas/node_modules/@img/sharp-libvips-linux-x64
2471 silly reify mark deleted [
2471 silly reify   '/Users/mac/Documents/work/saas/node_modules/@img/sharp-libvips-linux-x64'
2471 silly reify ]
2472 verbose reify failed optional dependency /Users/mac/Documents/work/saas/node_modules/@img/sharp-libvips-linux-s390x
2473 silly reify mark deleted [
2473 silly reify   '/Users/mac/Documents/work/saas/node_modules/@img/sharp-libvips-linux-s390x'
2473 silly reify ]
2474 verbose reify failed optional dependency /Users/mac/Documents/work/saas/node_modules/@img/sharp-libvips-linux-riscv64
2475 silly reify mark deleted [
2475 silly reify   '/Users/mac/Documents/work/saas/node_modules/@img/sharp-libvips-linux-riscv64'
2475 silly reify ]
2476 verbose reify failed optional dependency /Users/mac/Documents/work/saas/node_modules/@img/sharp-libvips-linux-ppc64
2477 silly reify mark deleted [
2477 silly reify   '/Users/mac/Documents/work/saas/node_modules/@img/sharp-libvips-linux-ppc64'
2477 silly reify ]
2478 verbose reify failed optional dependency /Users/mac/Documents/work/saas/node_modules/@img/sharp-libvips-linux-arm64
2479 silly reify mark deleted [
2479 silly reify   '/Users/mac/Documents/work/saas/node_modules/@img/sharp-libvips-linux-arm64'
2479 silly reify ]
2480 verbose reify failed optional dependency /Users/mac/Documents/work/saas/node_modules/@img/sharp-libvips-linux-arm
2481 silly reify mark deleted [
2481 silly reify   '/Users/mac/Documents/work/saas/node_modules/@img/sharp-libvips-linux-arm'
2481 silly reify ]
2482 verbose reify failed optional dependency /Users/mac/Documents/work/saas/node_modules/@img/sharp-libvips-darwin-x64
2483 silly reify mark deleted [
2483 silly reify   '/Users/mac/Documents/work/saas/node_modules/@img/sharp-libvips-darwin-x64'
2483 silly reify ]
2484 verbose reify failed optional dependency /Users/mac/Documents/work/saas/node_modules/@img/sharp-darwin-x64
2485 silly reify mark deleted [ '/Users/mac/Documents/work/saas/node_modules/@img/sharp-darwin-x64' ]
2486 verbose reify failed optional dependency /Users/mac/Documents/work/saas/node_modules/@next/swc-win32-x64-msvc
2487 silly reify mark deleted [
2487 silly reify   '/Users/mac/Documents/work/saas/node_modules/@next/swc-win32-x64-msvc'
2487 silly reify ]
2488 verbose reify failed optional dependency /Users/mac/Documents/work/saas/node_modules/@next/swc-win32-arm64-msvc
2489 silly reify mark deleted [
2489 silly reify   '/Users/mac/Documents/work/saas/node_modules/@next/swc-win32-arm64-msvc'
2489 silly reify ]
2490 verbose reify failed optional dependency /Users/mac/Documents/work/saas/node_modules/@next/swc-linux-x64-musl
2491 silly reify mark deleted [
2491 silly reify   '/Users/mac/Documents/work/saas/node_modules/@next/swc-linux-x64-musl'
2491 silly reify ]
2492 verbose reify failed optional dependency /Users/mac/Documents/work/saas/node_modules/@next/swc-linux-x64-gnu
2493 silly reify mark deleted [
2493 silly reify   '/Users/mac/Documents/work/saas/node_modules/@next/swc-linux-x64-gnu'
2493 silly reify ]
2494 verbose reify failed optional dependency /Users/mac/Documents/work/saas/node_modules/@next/swc-linux-arm64-musl
2495 silly reify mark deleted [
2495 silly reify   '/Users/mac/Documents/work/saas/node_modules/@next/swc-linux-arm64-musl'
2495 silly reify ]
2496 verbose reify failed optional dependency /Users/mac/Documents/work/saas/node_modules/@next/swc-linux-arm64-gnu
2497 silly reify mark deleted [
2497 silly reify   '/Users/mac/Documents/work/saas/node_modules/@next/swc-linux-arm64-gnu'
2497 silly reify ]
2498 verbose reify failed optional dependency /Users/mac/Documents/work/saas/node_modules/@next/swc-darwin-x64
2499 silly reify mark deleted [ '/Users/mac/Documents/work/saas/node_modules/@next/swc-darwin-x64' ]
2500 verbose reify failed optional dependency /Users/mac/Documents/work/saas/node_modules/lightningcss-win32-x64-msvc
2501 silly reify mark deleted [
2501 silly reify   '/Users/mac/Documents/work/saas/node_modules/lightningcss-win32-x64-msvc'
2501 silly reify ]
2502 verbose reify failed optional dependency /Users/mac/Documents/work/saas/node_modules/lightningcss-win32-arm64-msvc
2503 silly reify mark deleted [
2503 silly reify   '/Users/mac/Documents/work/saas/node_modules/lightningcss-win32-arm64-msvc'
2503 silly reify ]
2504 verbose reify failed optional dependency /Users/mac/Documents/work/saas/node_modules/lightningcss-linux-x64-musl
2505 silly reify mark deleted [
2505 silly reify   '/Users/mac/Documents/work/saas/node_modules/lightningcss-linux-x64-musl'
2505 silly reify ]
2506 verbose reify failed optional dependency /Users/mac/Documents/work/saas/node_modules/lightningcss-linux-x64-gnu
2507 silly reify mark deleted [
2507 silly reify   '/Users/mac/Documents/work/saas/node_modules/lightningcss-linux-x64-gnu'
2507 silly reify ]
2508 verbose reify failed optional dependency /Users/mac/Documents/work/saas/node_modules/lightningcss-linux-arm64-musl
2509 silly reify mark deleted [
2509 silly reify   '/Users/mac/Documents/work/saas/node_modules/lightningcss-linux-arm64-musl'
2509 silly reify ]
2510 verbose reify failed optional dependency /Users/mac/Documents/work/saas/node_modules/lightningcss-linux-arm64-gnu
2511 silly reify mark deleted [
2511 silly reify   '/Users/mac/Documents/work/saas/node_modules/lightningcss-linux-arm64-gnu'
2511 silly reify ]
2512 verbose reify failed optional dependency /Users/mac/Documents/work/saas/node_modules/lightningcss-linux-arm-gnueabihf
2513 silly reify mark deleted [
2513 silly reify   '/Users/mac/Documents/work/saas/node_modules/lightningcss-linux-arm-gnueabihf'
2513 silly reify ]
2514 verbose reify failed optional dependency /Users/mac/Documents/work/saas/node_modules/lightningcss-freebsd-x64
2515 silly reify mark deleted [
2515 silly reify   '/Users/mac/Documents/work/saas/node_modules/lightningcss-freebsd-x64'
2515 silly reify ]
2516 verbose reify failed optional dependency /Users/mac/Documents/work/saas/node_modules/lightningcss-darwin-x64
2517 silly reify mark deleted [
2517 silly reify   '/Users/mac/Documents/work/saas/node_modules/lightningcss-darwin-x64'
2517 silly reify ]
2518 verbose reify failed optional dependency /Users/mac/Documents/work/saas/node_modules/lightningcss-android-arm64
2519 silly reify mark deleted [
2519 silly reify   '/Users/mac/Documents/work/saas/node_modules/lightningcss-android-arm64'
2519 silly reify ]
2520 verbose reify failed optional dependency /Users/mac/Documents/work/saas/node_modules/@tailwindcss/oxide-win32-x64-msvc
2521 silly reify mark deleted [
2521 silly reify   '/Users/mac/Documents/work/saas/node_modules/@tailwindcss/oxide-win32-x64-msvc'
2521 silly reify ]
2522 verbose reify failed optional dependency /Users/mac/Documents/work/saas/node_modules/@tailwindcss/oxide-win32-arm64-msvc
2523 silly reify mark deleted [
2523 silly reify   '/Users/mac/Documents/work/saas/node_modules/@tailwindcss/oxide-win32-arm64-msvc'
2523 silly reify ]
2524 verbose reify failed optional dependency /Users/mac/Documents/work/saas/node_modules/@tailwindcss/oxide-linux-x64-musl
2525 silly reify mark deleted [
2525 silly reify   '/Users/mac/Documents/work/saas/node_modules/@tailwindcss/oxide-linux-x64-musl'
2525 silly reify ]
2526 verbose reify failed optional dependency /Users/mac/Documents/work/saas/node_modules/@tailwindcss/oxide-linux-x64-gnu
2527 silly reify mark deleted [
2527 silly reify   '/Users/mac/Documents/work/saas/node_modules/@tailwindcss/oxide-linux-x64-gnu'
2527 silly reify ]
2528 verbose reify failed optional dependency /Users/mac/Documents/work/saas/node_modules/@tailwindcss/oxide-linux-arm64-musl
2529 silly reify mark deleted [
2529 silly reify   '/Users/mac/Documents/work/saas/node_modules/@tailwindcss/oxide-linux-arm64-musl'
2529 silly reify ]
2530 verbose reify failed optional dependency /Users/mac/Documents/work/saas/node_modules/@tailwindcss/oxide-linux-arm64-gnu
2531 silly reify mark deleted [
2531 silly reify   '/Users/mac/Documents/work/saas/node_modules/@tailwindcss/oxide-linux-arm64-gnu'
2531 silly reify ]
2532 verbose reify failed optional dependency /Users/mac/Documents/work/saas/node_modules/@tailwindcss/oxide-linux-arm-gnueabihf
2533 silly reify mark deleted [
2533 silly reify   '/Users/mac/Documents/work/saas/node_modules/@tailwindcss/oxide-linux-arm-gnueabihf'
2533 silly reify ]
2534 verbose reify failed optional dependency /Users/mac/Documents/work/saas/node_modules/@tailwindcss/oxide-freebsd-x64
2535 silly reify mark deleted [
2535 silly reify   '/Users/mac/Documents/work/saas/node_modules/@tailwindcss/oxide-freebsd-x64'
2535 silly reify ]
2536 verbose reify failed optional dependency /Users/mac/Documents/work/saas/node_modules/@tailwindcss/oxide-darwin-x64
2537 silly reify mark deleted [
2537 silly reify   '/Users/mac/Documents/work/saas/node_modules/@tailwindcss/oxide-darwin-x64'
2537 silly reify ]
2538 verbose reify failed optional dependency /Users/mac/Documents/work/saas/node_modules/@tailwindcss/oxide-android-arm64
2539 silly reify mark deleted [
2539 silly reify   '/Users/mac/Documents/work/saas/node_modules/@tailwindcss/oxide-android-arm64'
2539 silly reify ]
2540 http cache is-weakset@https://registry.npmjs.org/is-weakset/-/is-weakset-2.0.4.tgz 0ms (cache hit)
2541 http cache is-map@https://registry.npmjs.org/is-map/-/is-map-2.0.3.tgz 0ms (cache hit)
2542 http cache is-weakmap@https://registry.npmjs.org/is-weakmap/-/is-weakmap-2.0.2.tgz 0ms (cache hit)
2543 http cache generator-function@https://registry.npmjs.org/generator-function/-/generator-function-2.0.1.tgz 0ms (cache hit)
2544 http cache async-function@https://registry.npmjs.org/async-function/-/async-function-1.0.0.tgz 1ms (cache hit)
2545 http cache which-collection@https://registry.npmjs.org/which-collection/-/which-collection-1.0.2.tgz 0ms (cache hit)
2546 http cache is-generator-function@https://registry.npmjs.org/is-generator-function/-/is-generator-function-1.1.2.tgz 0ms (cache hit)
2547 http cache is-finalizationregistry@https://registry.npmjs.org/is-finalizationregistry/-/is-finalizationregistry-1.1.1.tgz 0ms (cache hit)
2548 http cache is-number-object@https://registry.npmjs.org/is-number-object/-/is-number-object-1.1.1.tgz 0ms (cache hit)
2549 http cache is-async-function@https://registry.npmjs.org/is-async-function/-/is-async-function-2.1.1.tgz 0ms (cache hit)
2550 http cache is-bigint@https://registry.npmjs.org/is-bigint/-/is-bigint-1.1.0.tgz 0ms (cache hit)
2551 http cache is-boolean-object@https://registry.npmjs.org/is-boolean-object/-/is-boolean-object-1.2.2.tgz 0ms (cache hit)
2552 http cache isexe@https://registry.npmjs.org/isexe/-/isexe-2.0.0.tgz 0ms (cache hit)
2553 http cache punycode@https://registry.npmjs.org/punycode/-/punycode-2.3.1.tgz 0ms (cache hit)
2554 http cache escalade@https://registry.npmjs.org/escalade/-/escalade-3.2.0.tgz 0ms (cache hit)
2555 http cache @tybys/wasm-util@https://registry.npmjs.org/@tybys/wasm-util/-/wasm-util-0.10.2.tgz 0ms (cache hit)
2556 http cache @emnapi/wasi-threads@https://registry.npmjs.org/@emnapi/wasi-threads/-/wasi-threads-1.2.1.tgz 0ms (cache hit)
2557 http cache @napi-rs/wasm-runtime@https://registry.npmjs.org/@napi-rs/wasm-runtime/-/wasm-runtime-1.1.4.tgz 0ms (cache hit)
2558 http cache napi-postinstall@https://registry.npmjs.org/napi-postinstall/-/napi-postinstall-0.3.4.tgz 0ms (cache hit)
2559 http cache @emnapi/core@https://registry.npmjs.org/@emnapi/core/-/core-1.10.0.tgz 0ms (cache hit)
2560 http cache @unrs/resolver-binding-darwin-arm64@https://registry.npmjs.org/@unrs/resolver-binding-darwin-arm64/-/resolver-binding-darwin-arm64-1.12.2.tgz 0ms (cache hit)
2561 http cache has-bigints@https://registry.npmjs.org/has-bigints/-/has-bigints-1.1.0.tgz 0ms (cache hit)
2562 http cache @typescript-eslint/tsconfig-utils@https://registry.npmjs.org/@typescript-eslint/tsconfig-utils/-/tsconfig-utils-8.60.0.tgz 0ms (cache hit)
2563 http cache which-boxed-primitive@https://registry.npmjs.org/which-boxed-primitive/-/which-boxed-primitive-1.1.1.tgz 0ms (cache hit)
2564 http cache @typescript-eslint/types@https://registry.npmjs.org/@typescript-eslint/types/-/types-8.60.0.tgz 0ms (cache hit)
2565 http cache @typescript-eslint/project-service@https://registry.npmjs.org/@typescript-eslint/project-service/-/project-service-8.60.0.tgz 0ms (cache hit)
2566 http cache ts-api-utils@https://registry.npmjs.org/ts-api-utils/-/ts-api-utils-2.5.0.tgz 0ms (cache hit)
2567 http cache @typescript-eslint/type-utils@https://registry.npmjs.org/@typescript-eslint/type-utils/-/type-utils-8.60.0.tgz 0ms (cache hit)
2568 http cache @typescript-eslint/scope-manager@https://registry.npmjs.org/@typescript-eslint/scope-manager/-/scope-manager-8.60.0.tgz 0ms (cache hit)
2569 http cache @typescript-eslint/visitor-keys@https://registry.npmjs.org/@typescript-eslint/visitor-keys/-/visitor-keys-8.60.0.tgz 0ms (cache hit)
2570 http cache @typescript-eslint/parser@https://registry.npmjs.org/@typescript-eslint/parser/-/parser-8.60.0.tgz 0ms (cache hit)
2571 http cache @typescript-eslint/utils@https://registry.npmjs.org/@typescript-eslint/utils/-/utils-8.60.0.tgz 0ms (cache hit)
2572 http cache @typescript-eslint/typescript-estree@https://registry.npmjs.org/@typescript-eslint/typescript-estree/-/typescript-estree-8.60.0.tgz 0ms (cache hit)
2573 http cache which-builtin-type@https://registry.npmjs.org/which-builtin-type/-/which-builtin-type-1.2.1.tgz 0ms (cache hit)
2574 http cache @typescript-eslint/eslint-plugin@https://registry.npmjs.org/@typescript-eslint/eslint-plugin/-/eslint-plugin-8.60.0.tgz 0ms (cache hit)
2575 http cache reflect.getprototypeof@https://registry.npmjs.org/reflect.getprototypeof/-/reflect.getprototypeof-1.0.10.tgz 0ms (cache hit)
2576 http cache minimist@https://registry.npmjs.org/minimist/-/minimist-1.2.8.tgz 0ms (cache hit)
2577 http cache is-number@https://registry.npmjs.org/is-number/-/is-number-7.0.0.tgz 0ms (cache hit)
2578 http cache strip-bom@https://registry.npmjs.org/strip-bom/-/strip-bom-3.0.0.tgz 0ms (cache hit)
2579 http cache for-each@https://registry.npmjs.org/for-each/-/for-each-0.3.5.tgz 0ms (cache hit)
2580 http cache @types/json5@https://registry.npmjs.org/@types/json5/-/json5-0.0.29.tgz 0ms (cache hit)
2581 http cache fdir@https://registry.npmjs.org/fdir/-/fdir-6.5.0.tgz 0ms (cache hit)
2582 http cache has-flag@https://registry.npmjs.org/has-flag/-/has-flag-4.0.0.tgz 0ms (cache hit)
2583 http cache side-channel-weakmap@https://registry.npmjs.org/side-channel-weakmap/-/side-channel-weakmap-1.0.2.tgz 0ms (cache hit)
2584 http cache client-only@https://registry.npmjs.org/client-only/-/client-only-0.0.1.tgz 0ms (cache hit)
2585 http cache side-channel-map@https://registry.npmjs.org/side-channel-map/-/side-channel-map-1.0.1.tgz 0ms (cache hit)
2586 http cache side-channel-list@https://registry.npmjs.org/side-channel-list/-/side-channel-list-1.0.1.tgz 0ms (cache hit)
2587 http cache shebang-regex@https://registry.npmjs.org/shebang-regex/-/shebang-regex-3.0.0.tgz 0ms (cache hit)
2588 http cache @emnapi/runtime@https://registry.npmjs.org/@emnapi/runtime/-/runtime-1.10.0.tgz 0ms (cache hit)
2589 http cache @img/sharp-darwin-arm64@https://registry.npmjs.org/@img/sharp-darwin-arm64/-/sharp-darwin-arm64-0.34.5.tgz 0ms (cache hit)
2590 http cache @img/sharp-libvips-darwin-arm64@https://registry.npmjs.org/@img/sharp-libvips-darwin-arm64/-/sharp-libvips-darwin-arm64-1.2.4.tgz 0ms (cache hit)
2591 http cache isarray@https://registry.npmjs.org/isarray/-/isarray-2.0.5.tgz 0ms (cache hit)
2592 http cache supports-preserve-symlinks-flag@https://registry.npmjs.org/supports-preserve-symlinks-flag/-/supports-preserve-symlinks-flag-1.0.0.tgz 0ms (cache hit)
2593 http cache @img/colour@https://registry.npmjs.org/@img/colour/-/colour-1.1.0.tgz 0ms (cache hit)
2594 http cache path-parse@https://registry.npmjs.org/path-parse/-/path-parse-1.0.7.tgz 0ms (cache hit)
2595 http cache scheduler@https://registry.npmjs.org/scheduler/-/scheduler-0.27.0.tgz 0ms (cache hit)
2596 http cache queue-microtask@https://registry.npmjs.org/queue-microtask/-/queue-microtask-1.2.3.tgz 0ms (cache hit)
2597 http cache node-exports-info@https://registry.npmjs.org/node-exports-info/-/node-exports-info-1.6.0.tgz 0ms (cache hit)
2598 http cache react-is@https://registry.npmjs.org/react-is/-/react-is-16.13.1.tgz 0ms (cache hit)
2599 http cache object-assign@https://registry.npmjs.org/object-assign/-/object-assign-4.1.1.tgz 0ms (cache hit)
2600 http cache loose-envify@https://registry.npmjs.org/loose-envify/-/loose-envify-1.4.0.tgz 0ms (cache hit)
2601 http cache nanoid@https://registry.npmjs.org/nanoid/-/nanoid-3.3.12.tgz 0ms (cache hit)
2602 http cache p-limit@https://registry.npmjs.org/p-limit/-/p-limit-3.1.0.tgz 0ms (cache hit)
2603 http cache fast-levenshtein@https://registry.npmjs.org/fast-levenshtein/-/fast-levenshtein-2.0.6.tgz 0ms (cache hit)
2604 http cache callsites@https://registry.npmjs.org/callsites/-/callsites-3.1.0.tgz 0ms (cache hit)
2605 http cache word-wrap@https://registry.npmjs.org/word-wrap/-/word-wrap-1.2.5.tgz 0ms (cache hit)
2606 http cache deep-is@https://registry.npmjs.org/deep-is/-/deep-is-0.1.4.tgz 0ms (cache hit)
2607 http cache yocto-queue@https://registry.npmjs.org/yocto-queue/-/yocto-queue-0.1.0.tgz 0ms (cache hit)
2608 http cache styled-jsx@https://registry.npmjs.org/styled-jsx/-/styled-jsx-5.1.6.tgz 0ms (cache hit)
2609 http cache sharp@https://registry.npmjs.org/sharp/-/sharp-0.34.5.tgz 0ms (cache hit)
2610 http cache tslib@https://registry.npmjs.org/tslib/-/tslib-2.8.1.tgz 0ms (cache hit)
2611 http cache @next/env@https://registry.npmjs.org/@next/env/-/env-16.2.6.tgz 0ms (cache hit)
2612 http cache balanced-match@https://registry.npmjs.org/balanced-match/-/balanced-match-1.0.2.tgz 0ms (cache hit)
2613 http cache @next/swc-darwin-arm64@https://registry.npmjs.org/@next/swc-darwin-arm64/-/swc-darwin-arm64-16.2.6.tgz 0ms (cache hit)
2614 http cache @swc/helpers@https://registry.npmjs.org/@swc/helpers/-/helpers-0.5.15.tgz 0ms (cache hit)
2615 http cache concat-map@https://registry.npmjs.org/concat-map/-/concat-map-0.0.1.tgz 0ms (cache hit)
2616 http cache to-regex-range@https://registry.npmjs.org/to-regex-range/-/to-regex-range-5.0.1.tgz 0ms (cache hit)
2617 http cache picomatch@https://registry.npmjs.org/picomatch/-/picomatch-2.3.2.tgz 0ms (cache hit)
2618 http cache fill-range@https://registry.npmjs.org/fill-range/-/fill-range-7.1.1.tgz 0ms (cache hit)
2619 http cache yallist@https://registry.npmjs.org/yallist/-/yallist-3.1.1.tgz 0ms (cache hit)
2620 http cache brace-expansion@https://registry.npmjs.org/brace-expansion/-/brace-expansion-1.1.15.tgz 0ms (cache hit)
2621 http cache braces@https://registry.npmjs.org/braces/-/braces-3.0.3.tgz 0ms (cache hit)
2622 http cache detect-libc@https://registry.npmjs.org/detect-libc/-/detect-libc-2.1.2.tgz 0ms (cache hit)
2623 http cache type-check@https://registry.npmjs.org/type-check/-/type-check-0.4.0.tgz 0ms (cache hit)
2624 http cache lightningcss-darwin-arm64@https://registry.npmjs.org/lightningcss-darwin-arm64/-/lightningcss-darwin-arm64-1.32.0.tgz 0ms (cache hit)
2625 http cache prelude-ls@https://registry.npmjs.org/prelude-ls/-/prelude-ls-1.2.1.tgz 0ms (cache hit)
2626 http cache json-buffer@https://registry.npmjs.org/json-buffer/-/json-buffer-3.0.1.tgz 0ms (cache hit)
2627 http cache language-subtag-registry@https://registry.npmjs.org/language-subtag-registry/-/language-subtag-registry-0.3.23.tgz 0ms (cache hit)
2628 http cache is-extglob@https://registry.npmjs.org/is-extglob/-/is-extglob-2.1.1.tgz 0ms (cache hit)
2629 http cache p-locate@https://registry.npmjs.org/p-locate/-/p-locate-5.0.0.tgz 0ms (cache hit)
2630 http cache argparse@https://registry.npmjs.org/argparse/-/argparse-2.0.1.tgz 0ms (cache hit)
2631 http cache set-function-name@https://registry.npmjs.org/set-function-name/-/set-function-name-2.0.2.tgz 0ms (cache hit)
2632 http cache side-channel@https://registry.npmjs.org/side-channel/-/side-channel-1.1.0.tgz 0ms (cache hit)
2633 http cache resolve-from@https://registry.npmjs.org/resolve-from/-/resolve-from-4.0.0.tgz 0ms (cache hit)
2634 http cache parent-module@https://registry.npmjs.org/parent-module/-/parent-module-1.0.1.tgz 0ms (cache hit)
2635 http cache resolve-pkg-maps@https://registry.npmjs.org/resolve-pkg-maps/-/resolve-pkg-maps-1.0.0.tgz 0ms (cache hit)
2636 http cache functions-have-names@https://registry.npmjs.org/functions-have-names/-/functions-have-names-1.2.3.tgz 0ms (cache hit)
2637 http cache dunder-proto@https://registry.npmjs.org/dunder-proto/-/dunder-proto-1.0.1.tgz 0ms (cache hit)
2638 http cache hermes-estree@https://registry.npmjs.org/hermes-estree/-/hermes-estree-0.25.1.tgz 0ms (cache hit)
2639 http cache flatted@https://registry.npmjs.org/flatted/-/flatted-3.4.2.tgz 0ms (cache hit)
2640 http cache keyv@https://registry.npmjs.org/keyv/-/keyv-4.5.4.tgz 0ms (cache hit)
2641 http cache path-exists@https://registry.npmjs.org/path-exists/-/path-exists-4.0.0.tgz 0ms (cache hit)
2642 http cache run-parallel@https://registry.npmjs.org/run-parallel/-/run-parallel-1.2.0.tgz 0ms (cache hit)
2643 http cache locate-path@https://registry.npmjs.org/locate-path/-/locate-path-6.0.0.tgz 0ms (cache hit)
2644 http cache fastq@https://registry.npmjs.org/fastq/-/fastq-1.20.1.tgz 0ms (cache hit)
2645 http cache reusify@https://registry.npmjs.org/reusify/-/reusify-1.1.0.tgz 0ms (cache hit)
2646 http cache flat-cache@https://registry.npmjs.org/flat-cache/-/flat-cache-4.0.1.tgz 0ms (cache hit)
2647 http cache merge2@https://registry.npmjs.org/merge2/-/merge2-1.4.1.tgz 0ms (cache hit)
2648 http cache @nodelib/fs.scandir@https://registry.npmjs.org/@nodelib/fs.scandir/-/fs.scandir-2.1.5.tgz 0ms (cache hit)
2649 http cache @nodelib/fs.walk@https://registry.npmjs.org/@nodelib/fs.walk/-/fs.walk-1.2.8.tgz 0ms (cache hit)
2650 http cache micromatch@https://registry.npmjs.org/micromatch/-/micromatch-4.0.8.tgz 0ms (cache hit)
2651 http cache @nodelib/fs.stat@https://registry.npmjs.org/@nodelib/fs.stat/-/fs.stat-2.0.5.tgz 0ms (cache hit)
2652 http cache acorn@https://registry.npmjs.org/acorn/-/acorn-8.16.0.tgz 0ms (cache hit)
2653 http cache esrecurse@https://registry.npmjs.org/esrecurse/-/esrecurse-4.3.0.tgz 0ms (cache hit)
2654 http cache update-browserslist-db@https://registry.npmjs.org/update-browserslist-db/-/update-browserslist-db-1.2.3.tgz 0ms (cache hit)
2655 http cache caniuse-lite@https://registry.npmjs.org/caniuse-lite/-/caniuse-lite-1.0.30001793.tgz 0ms (cache hit)
2656 http cache baseline-browser-mapping@https://registry.npmjs.org/baseline-browser-mapping/-/baseline-browser-mapping-2.10.32.tgz 0ms (cache hit)
2657 http cache acorn-jsx@https://registry.npmjs.org/acorn-jsx/-/acorn-jsx-5.3.2.tgz 0ms (cache hit)
2658 http cache electron-to-chromium@https://registry.npmjs.org/electron-to-chromium/-/electron-to-chromium-1.5.361.tgz 0ms (cache hit)
2659 http cache @babel/helper-string-parser@https://registry.npmjs.org/@babel/helper-string-parser/-/helper-string-parser-7.29.7.tgz 0ms (cache hit)
2660 http cache lru-cache@https://registry.npmjs.org/lru-cache/-/lru-cache-5.1.1.tgz 0ms (cache hit)
2661 http cache node-releases@https://registry.npmjs.org/node-releases/-/node-releases-2.0.46.tgz 0ms (cache hit)
2662 http cache @babel/helper-globals@https://registry.npmjs.org/@babel/helper-globals/-/helper-globals-7.29.7.tgz 0ms (cache hit)
2663 http cache browserslist@https://registry.npmjs.org/browserslist/-/browserslist-4.28.2.tgz 0ms (cache hit)
2664 http cache @babel/helper-module-imports@https://registry.npmjs.org/@babel/helper-module-imports/-/helper-module-imports-7.29.7.tgz 0ms (cache hit)
2665 http cache @babel/helper-validator-option@https://registry.npmjs.org/@babel/helper-validator-option/-/helper-validator-option-7.29.7.tgz 0ms (cache hit)
2666 http cache jsesc@https://registry.npmjs.org/jsesc/-/jsesc-3.1.0.tgz 0ms (cache hit)
2667 http cache @babel/compat-data@https://registry.npmjs.org/@babel/compat-data/-/compat-data-7.29.7.tgz 0ms (cache hit)
2668 http cache @babel/helper-validator-identifier@https://registry.npmjs.org/@babel/helper-validator-identifier/-/helper-validator-identifier-7.29.7.tgz 0ms (cache hit)
2669 http cache picocolors@https://registry.npmjs.org/picocolors/-/picocolors-1.1.1.tgz 0ms (cache hit)
2670 http cache js-tokens@https://registry.npmjs.org/js-tokens/-/js-tokens-4.0.0.tgz 0ms (cache hit)
2671 http cache gensync@https://registry.npmjs.org/gensync/-/gensync-1.0.0-beta.2.tgz 0ms (cache hit)
2672 http cache json5@https://registry.npmjs.org/json5/-/json5-2.2.3.tgz 0ms (cache hit)
2673 http cache convert-source-map@https://registry.npmjs.org/convert-source-map/-/convert-source-map-2.0.0.tgz 0ms (cache hit)
2674 http cache @babel/traverse@https://registry.npmjs.org/@babel/traverse/-/traverse-7.29.7.tgz 0ms (cache hit)
2675 http cache @babel/helper-module-transforms@https://registry.npmjs.org/@babel/helper-module-transforms/-/helper-module-transforms-7.29.7.tgz 0ms (cache hit)
2676 http cache @babel/helpers@https://registry.npmjs.org/@babel/helpers/-/helpers-7.29.7.tgz 0ms (cache hit)
2677 http cache @babel/helper-compilation-targets@https://registry.npmjs.org/@babel/helper-compilation-targets/-/helper-compilation-targets-7.29.7.tgz 0ms (cache hit)
2678 http cache @babel/types@https://registry.npmjs.org/@babel/types/-/types-7.29.7.tgz 0ms (cache hit)
2679 http cache @babel/code-frame@https://registry.npmjs.org/@babel/code-frame/-/code-frame-7.29.7.tgz 0ms (cache hit)
2680 http cache zod@https://registry.npmjs.org/zod/-/zod-4.4.3.tgz 0ms (cache hit)
2681 http cache @babel/generator@https://registry.npmjs.org/@babel/generator/-/generator-7.29.7.tgz 0ms (cache hit)
2682 http cache hermes-parser@https://registry.npmjs.org/hermes-parser/-/hermes-parser-0.25.1.tgz 0ms (cache hit)
2683 http cache @babel/template@https://registry.npmjs.org/@babel/template/-/template-7.29.7.tgz 0ms (cache hit)
2684 http cache zod-validation-error@https://registry.npmjs.org/zod-validation-error/-/zod-validation-error-4.0.2.tgz 0ms (cache hit)
2685 http cache @babel/parser@https://registry.npmjs.org/@babel/parser/-/parser-7.29.7.tgz 0ms (cache hit)
2686 http cache @babel/core@https://registry.npmjs.org/@babel/core/-/core-7.29.7.tgz 0ms (cache hit)
2687 http cache string.prototype.matchall@https://registry.npmjs.org/string.prototype.matchall/-/string.prototype.matchall-4.0.12.tgz 0ms (cache hit)
2688 http cache string.prototype.repeat@https://registry.npmjs.org/string.prototype.repeat/-/string.prototype.repeat-1.0.0.tgz 0ms (cache hit)
2689 http cache iterator.prototype@https://registry.npmjs.org/iterator.prototype/-/iterator.prototype-1.1.5.tgz 0ms (cache hit)
2690 http cache prop-types@https://registry.npmjs.org/prop-types/-/prop-types-15.8.1.tgz 0ms (cache hit)
2691 http cache es-iterator-helpers@https://registry.npmjs.org/es-iterator-helpers/-/es-iterator-helpers-1.3.2.tgz 0ms (cache hit)
2692 http cache array.prototype.tosorted@https://registry.npmjs.org/array.prototype.tosorted/-/array.prototype.tosorted-1.1.4.tgz 0ms (cache hit)
2693 http cache object.entries@https://registry.npmjs.org/object.entries/-/object.entries-1.1.9.tgz 0ms (cache hit)
2694 http cache string.prototype.includes@https://registry.npmjs.org/string.prototype.includes/-/string.prototype.includes-2.0.1.tgz 0ms (cache hit)
2695 http cache estraverse@https://registry.npmjs.org/estraverse/-/estraverse-5.3.0.tgz 0ms (cache hit)
2696 http cache array.prototype.findlast@https://registry.npmjs.org/array.prototype.findlast/-/array.prototype.findlast-1.2.5.tgz 0ms (cache hit)
2697 http cache emoji-regex@https://registry.npmjs.org/emoji-regex/-/emoji-regex-9.2.2.tgz 0ms (cache hit)
2698 http cache language-tags@https://registry.npmjs.org/language-tags/-/language-tags-1.0.9.tgz 0ms (cache hit)
2699 http cache jsx-ast-utils@https://registry.npmjs.org/jsx-ast-utils/-/jsx-ast-utils-3.3.5.tgz 0ms (cache hit)
2700 http cache axobject-query@https://registry.npmjs.org/axobject-query/-/axobject-query-4.1.0.tgz 0ms (cache hit)
2701 http cache axe-core@https://registry.npmjs.org/axe-core/-/axe-core-4.11.4.tgz 0ms (cache hit)
2702 http cache is-symbol@https://registry.npmjs.org/is-symbol/-/is-symbol-1.1.1.tgz 0ms (cache hit)
2703 http cache ast-types-flow@https://registry.npmjs.org/ast-types-flow/-/ast-types-flow-0.0.8.tgz 0ms (cache hit)
2704 http cache aria-query@https://registry.npmjs.org/aria-query/-/aria-query-5.3.2.tgz 0ms (cache hit)
2705 http cache is-date-object@https://registry.npmjs.org/is-date-object/-/is-date-object-1.1.0.tgz 0ms (cache hit)
2706 http cache damerau-levenshtein@https://registry.npmjs.org/damerau-levenshtein/-/damerau-levenshtein-1.0.8.tgz 0ms (cache hit)
2707 http cache possible-typed-array-names@https://registry.npmjs.org/possible-typed-array-names/-/possible-typed-array-names-1.1.0.tgz 0ms (cache hit)
2708 http cache has-tostringtag@https://registry.npmjs.org/has-tostringtag/-/has-tostringtag-1.0.2.tgz 0ms (cache hit)
2709 http cache unbox-primitive@https://registry.npmjs.org/unbox-primitive/-/unbox-primitive-1.1.0.tgz 0ms (cache hit)
2710 http cache which-typed-array@https://registry.npmjs.org/which-typed-array/-/which-typed-array-1.1.20.tgz 0ms (cache hit)
2711 http cache typed-array-byte-offset@https://registry.npmjs.org/typed-array-byte-offset/-/typed-array-byte-offset-1.0.4.tgz 0ms (cache hit)
2712 http cache string.prototype.trimstart@https://registry.npmjs.org/string.prototype.trimstart/-/string.prototype.trimstart-1.0.8.tgz 0ms (cache hit)
2713 http cache typed-array-byte-length@https://registry.npmjs.org/typed-array-byte-length/-/typed-array-byte-length-1.0.3.tgz 0ms (cache hit)
2714 http cache typed-array-length@https://registry.npmjs.org/typed-array-length/-/typed-array-length-1.0.7.tgz 0ms (cache hit)
2715 http cache safe-regex-test@https://registry.npmjs.org/safe-regex-test/-/safe-regex-test-1.1.0.tgz 0ms (cache hit)
2716 http cache typed-array-buffer@https://registry.npmjs.org/typed-array-buffer/-/typed-array-buffer-1.0.3.tgz 0ms (cache hit)
2717 http cache string.prototype.trim@https://registry.npmjs.org/string.prototype.trim/-/string.prototype.trim-1.2.10.tgz 0ms (cache hit)
2718 http cache stop-iteration-iterator@https://registry.npmjs.org/stop-iteration-iterator/-/stop-iteration-iterator-1.1.0.tgz 0ms (cache hit)
2719 http cache set-proto@https://registry.npmjs.org/set-proto/-/set-proto-1.0.0.tgz 0ms (cache hit)
2720 http cache safe-push-apply@https://registry.npmjs.org/safe-push-apply/-/safe-push-apply-1.0.0.tgz 0ms (cache hit)
2721 http cache own-keys@https://registry.npmjs.org/own-keys/-/own-keys-1.0.1.tgz 0ms (cache hit)
2722 http cache regexp.prototype.flags@https://registry.npmjs.org/regexp.prototype.flags/-/regexp.prototype.flags-1.5.4.tgz 0ms (cache hit)
2723 http cache object.assign@https://registry.npmjs.org/object.assign/-/object.assign-4.1.7.tgz 0ms (cache hit)
2724 http cache safe-array-concat@https://registry.npmjs.org/safe-array-concat/-/safe-array-concat-1.1.4.tgz 0ms (cache hit)
2725 http cache object-inspect@https://registry.npmjs.org/object-inspect/-/object-inspect-1.13.4.tgz 0ms (cache hit)
2726 http cache is-typed-array@https://registry.npmjs.org/is-typed-array/-/is-typed-array-1.1.15.tgz 0ms (cache hit)
2727 http cache is-weakref@https://registry.npmjs.org/is-weakref/-/is-weakref-1.1.1.tgz 0ms (cache hit)
2728 http cache is-shared-array-buffer@https://registry.npmjs.org/is-shared-array-buffer/-/is-shared-array-buffer-1.0.4.tgz 0ms (cache hit)
2729 http cache is-set@https://registry.npmjs.org/is-set/-/is-set-2.0.3.tgz 0ms (cache hit)
2730 http cache is-regex@https://registry.npmjs.org/is-regex/-/is-regex-1.2.1.tgz 0ms (cache hit)
2731 http cache is-negative-zero@https://registry.npmjs.org/is-negative-zero/-/is-negative-zero-2.0.3.tgz 0ms (cache hit)
2732 http cache is-data-view@https://registry.npmjs.org/is-data-view/-/is-data-view-1.0.2.tgz 0ms (cache hit)
2733 http cache is-callable@https://registry.npmjs.org/is-callable/-/is-callable-1.2.7.tgz 0ms (cache hit)
2734 http cache has-proto@https://registry.npmjs.org/has-proto/-/has-proto-1.2.0.tgz 0ms (cache hit)
2735 http cache globalthis@https://registry.npmjs.org/globalthis/-/globalthis-1.0.4.tgz 0ms (cache hit)
2736 http cache is-array-buffer@https://registry.npmjs.org/is-array-buffer/-/is-array-buffer-3.0.5.tgz 0ms (cache hit)
2737 http cache get-symbol-description@https://registry.npmjs.org/get-symbol-description/-/get-symbol-description-1.1.0.tgz 0ms (cache hit)
2738 http cache get-proto@https://registry.npmjs.org/get-proto/-/get-proto-1.0.1.tgz 0ms (cache hit)
2739 http cache internal-slot@https://registry.npmjs.org/internal-slot/-/internal-slot-1.1.0.tgz 0ms (cache hit)
2740 http cache function.prototype.name@https://registry.npmjs.org/function.prototype.name/-/function.prototype.name-1.1.8.tgz 0ms (cache hit)
2741 http cache es-set-tostringtag@https://registry.npmjs.org/es-set-tostringtag/-/es-set-tostringtag-2.1.0.tgz 0ms (cache hit)
2742 http cache data-view-byte-offset@https://registry.npmjs.org/data-view-byte-offset/-/data-view-byte-offset-1.0.1.tgz 0ms (cache hit)
2743 http cache has-symbols@https://registry.npmjs.org/has-symbols/-/has-symbols-1.1.0.tgz 0ms (cache hit)
2744 http cache data-view-byte-length@https://registry.npmjs.org/data-view-byte-length/-/data-view-byte-length-1.0.2.tgz 0ms (cache hit)
2745 http cache es-to-primitive@https://registry.npmjs.org/es-to-primitive/-/es-to-primitive-1.3.0.tgz 0ms (cache hit)
2746 http cache data-view-buffer@https://registry.npmjs.org/data-view-buffer/-/data-view-buffer-1.0.2.tgz 0ms (cache hit)
2747 http cache available-typed-arrays@https://registry.npmjs.org/available-typed-arrays/-/available-typed-arrays-1.0.7.tgz 0ms (cache hit)
2748 http cache arraybuffer.prototype.slice@https://registry.npmjs.org/arraybuffer.prototype.slice/-/arraybuffer.prototype.slice-1.0.4.tgz 0ms (cache hit)
2749 http cache gopd@https://registry.npmjs.org/gopd/-/gopd-1.2.0.tgz 0ms (cache hit)
2750 http cache define-data-property@https://registry.npmjs.org/define-data-property/-/define-data-property-1.1.4.tgz 0ms (cache hit)
2751 http cache object-keys@https://registry.npmjs.org/object-keys/-/object-keys-1.1.1.tgz 0ms (cache hit)
2752 http cache function-bind@https://registry.npmjs.org/function-bind/-/function-bind-1.1.2.tgz 0ms (cache hit)
2753 http cache array-buffer-byte-length@https://registry.npmjs.org/array-buffer-byte-length/-/array-buffer-byte-length-1.0.2.tgz 0ms (cache hit)
2754 http cache set-function-length@https://registry.npmjs.org/set-function-length/-/set-function-length-1.2.2.tgz 0ms (cache hit)
2755 http cache es-shim-unscopables@https://registry.npmjs.org/es-shim-unscopables/-/es-shim-unscopables-1.1.0.tgz 0ms (cache hit)
2756 http cache es-define-property@https://registry.npmjs.org/es-define-property/-/es-define-property-1.0.1.tgz 0ms (cache hit)
2757 http cache call-bind-apply-helpers@https://registry.npmjs.org/call-bind-apply-helpers/-/call-bind-apply-helpers-1.0.2.tgz 0ms (cache hit)
2758 http cache es-errors@https://registry.npmjs.org/es-errors/-/es-errors-1.3.0.tgz 0ms (cache hit)
2759 http cache has-property-descriptors@https://registry.npmjs.org/has-property-descriptors/-/has-property-descriptors-1.0.2.tgz 0ms (cache hit)
2760 http cache is-string@https://registry.npmjs.org/is-string/-/is-string-1.1.1.tgz 0ms (cache hit)
2761 http cache get-intrinsic@https://registry.npmjs.org/get-intrinsic/-/get-intrinsic-1.3.0.tgz 0ms (cache hit)
2762 http cache es-object-atoms@https://registry.npmjs.org/es-object-atoms/-/es-object-atoms-1.1.2.tgz 0ms (cache hit)
2763 http cache es-abstract@https://registry.npmjs.org/es-abstract/-/es-abstract-1.24.2.tgz 0ms (cache hit)
2764 http cache math-intrinsics@https://registry.npmjs.org/math-intrinsics/-/math-intrinsics-1.1.0.tgz 0ms (cache hit)
2765 http cache define-properties@https://registry.npmjs.org/define-properties/-/define-properties-1.2.1.tgz 0ms (cache hit)
2766 http cache call-bind@https://registry.npmjs.org/call-bind/-/call-bind-1.0.9.tgz 0ms (cache hit)
2767 http cache call-bound@https://registry.npmjs.org/call-bound/-/call-bound-1.0.4.tgz 0ms (cache hit)
2768 http cache string.prototype.trimend@https://registry.npmjs.org/string.prototype.trimend/-/string.prototype.trimend-1.0.9.tgz 0ms (cache hit)
2769 http cache tsconfig-paths@https://registry.npmjs.org/tsconfig-paths/-/tsconfig-paths-3.15.0.tgz 0ms (cache hit)
2770 http cache semver@https://registry.npmjs.org/semver/-/semver-6.3.1.tgz 0ms (cache hit)
2771 http cache object.groupby@https://registry.npmjs.org/object.groupby/-/object.groupby-1.0.3.tgz 0ms (cache hit)
2772 http cache object.values@https://registry.npmjs.org/object.values/-/object.values-1.2.1.tgz 0ms (cache hit)
2773 http cache object.fromentries@https://registry.npmjs.org/object.fromentries/-/object.fromentries-2.0.8.tgz 0ms (cache hit)
2774 http cache eslint-module-utils@https://registry.npmjs.org/eslint-module-utils/-/eslint-module-utils-2.12.1.tgz 0ms (cache hit)
2775 http cache hasown@https://registry.npmjs.org/hasown/-/hasown-2.0.3.tgz 0ms (cache hit)
2776 http cache array.prototype.flat@https://registry.npmjs.org/array.prototype.flat/-/array.prototype.flat-1.3.3.tgz 0ms (cache hit)
2777 http cache doctrine@https://registry.npmjs.org/doctrine/-/doctrine-2.1.0.tgz 0ms (cache hit)
2778 http cache array.prototype.flatmap@https://registry.npmjs.org/array.prototype.flatmap/-/array.prototype.flatmap-1.3.3.tgz 0ms (cache hit)
2779 http cache array.prototype.findlastindex@https://registry.npmjs.org/array.prototype.findlastindex/-/array.prototype.findlastindex-1.2.6.tgz 0ms (cache hit)
2780 http cache unrs-resolver@https://registry.npmjs.org/unrs-resolver/-/unrs-resolver-1.12.2.tgz 0ms (cache hit)
2781 http cache array-includes@https://registry.npmjs.org/array-includes/-/array-includes-3.1.9.tgz 0ms (cache hit)
2782 http cache @rtsao/scc@https://registry.npmjs.org/@rtsao/scc/-/scc-1.1.0.tgz 0ms (cache hit)
2783 http cache stable-hash@https://registry.npmjs.org/stable-hash/-/stable-hash-0.0.5.tgz 0ms (cache hit)
2784 http cache tinyglobby@https://registry.npmjs.org/tinyglobby/-/tinyglobby-0.2.16.tgz 0ms (cache hit)
2785 http cache get-tsconfig@https://registry.npmjs.org/get-tsconfig/-/get-tsconfig-4.14.0.tgz 0ms (cache hit)
2786 http cache is-bun-module@https://registry.npmjs.org/is-bun-module/-/is-bun-module-2.0.0.tgz 0ms (cache hit)
2787 http cache resolve@https://registry.npmjs.org/resolve/-/resolve-2.0.0-next.7.tgz 0ms (cache hit)
2788 http cache is-core-module@https://registry.npmjs.org/is-core-module/-/is-core-module-2.16.2.tgz 0ms (cache hit)
2789 http cache @nolyfill/is-core-module@https://registry.npmjs.org/@nolyfill/is-core-module/-/is-core-module-1.0.39.tgz 0ms (cache hit)
2790 http cache fast-glob@https://registry.npmjs.org/fast-glob/-/fast-glob-3.3.1.tgz 0ms (cache hit)
2791 http cache typescript-eslint@https://registry.npmjs.org/typescript-eslint/-/typescript-eslint-8.60.0.tgz 0ms (cache hit)
2792 http cache eslint-plugin-react@https://registry.npmjs.org/eslint-plugin-react/-/eslint-plugin-react-7.37.5.tgz 0ms (cache hit)
2793 http cache eslint-plugin-react-hooks@https://registry.npmjs.org/eslint-plugin-react-hooks/-/eslint-plugin-react-hooks-7.1.1.tgz 0ms (cache hit)
2794 http cache eslint-plugin-import@https://registry.npmjs.org/eslint-plugin-import/-/eslint-plugin-import-2.32.0.tgz 0ms (cache hit)
2795 http cache eslint-import-resolver-node@https://registry.npmjs.org/eslint-import-resolver-node/-/eslint-import-resolver-node-0.3.10.tgz 0ms (cache hit)
2796 http cache eslint-plugin-jsx-a11y@https://registry.npmjs.org/eslint-plugin-jsx-a11y/-/eslint-plugin-jsx-a11y-6.10.2.tgz 0ms (cache hit)
2797 http cache which@https://registry.npmjs.org/which/-/which-2.0.2.tgz 0ms (cache hit)
2798 http cache shebang-command@https://registry.npmjs.org/shebang-command/-/shebang-command-2.0.0.tgz 0ms (cache hit)
2799 http cache @next/eslint-plugin-next@https://registry.npmjs.org/@next/eslint-plugin-next/-/eslint-plugin-next-16.2.6.tgz 0ms (cache hit)
2800 http cache color-convert@https://registry.npmjs.org/color-convert/-/color-convert-2.0.1.tgz 0ms (cache hit)
2801 http cache color-name@https://registry.npmjs.org/color-name/-/color-name-1.1.4.tgz 0ms (cache hit)
2802 http cache path-key@https://registry.npmjs.org/path-key/-/path-key-3.1.1.tgz 0ms (cache hit)
2803 http cache eslint-import-resolver-typescript@https://registry.npmjs.org/eslint-import-resolver-typescript/-/eslint-import-resolver-typescript-3.10.1.tgz 0ms (cache hit)
2804 http cache ms@https://registry.npmjs.org/ms/-/ms-2.1.3.tgz 0ms (cache hit)
2805 http cache uri-js@https://registry.npmjs.org/uri-js/-/uri-js-4.4.1.tgz 0ms (cache hit)
2806 http cache ansi-styles@https://registry.npmjs.org/ansi-styles/-/ansi-styles-4.3.0.tgz 0ms (cache hit)
2807 http cache json-schema-traverse@https://registry.npmjs.org/json-schema-traverse/-/json-schema-traverse-0.4.1.tgz 0ms (cache hit)
2808 http cache fast-json-stable-stringify@https://registry.npmjs.org/fast-json-stable-stringify/-/fast-json-stable-stringify-2.1.0.tgz 0ms (cache hit)
2809 http cache supports-color@https://registry.npmjs.org/supports-color/-/supports-color-7.2.0.tgz 0ms (cache hit)
2810 http cache @humanfs/types@https://registry.npmjs.org/@humanfs/types/-/types-0.15.0.tgz 0ms (cache hit)
2811 http cache levn@https://registry.npmjs.org/levn/-/levn-0.4.1.tgz 0ms (cache hit)
2812 http cache strip-json-comments@https://registry.npmjs.org/strip-json-comments/-/strip-json-comments-3.1.1.tgz 0ms (cache hit)
2813 http cache @humanfs/core@https://registry.npmjs.org/@humanfs/core/-/core-0.19.2.tgz 0ms (cache hit)
2814 http cache import-fresh@https://registry.npmjs.org/import-fresh/-/import-fresh-3.3.1.tgz 0ms (cache hit)
2815 http cache globals@https://registry.npmjs.org/globals/-/globals-14.0.0.tgz 0ms (cache hit)
2816 http cache js-yaml@https://registry.npmjs.org/js-yaml/-/js-yaml-4.1.1.tgz 0ms (cache hit)
2817 http cache @types/json-schema@https://registry.npmjs.org/@types/json-schema/-/json-schema-7.0.15.tgz 0ms (cache hit)
2818 http cache @eslint/object-schema@https://registry.npmjs.org/@eslint/object-schema/-/object-schema-2.1.7.tgz 0ms (cache hit)
2819 http cache optionator@https://registry.npmjs.org/optionator/-/optionator-0.9.4.tgz 0ms (cache hit)
2820 http cache natural-compare@https://registry.npmjs.org/natural-compare/-/natural-compare-1.4.0.tgz 0ms (cache hit)
2821 http cache is-glob@https://registry.npmjs.org/is-glob/-/is-glob-4.0.3.tgz 0ms (cache hit)
2822 http cache minimatch@https://registry.npmjs.org/minimatch/-/minimatch-3.1.5.tgz 0ms (cache hit)
2823 http cache imurmurhash@https://registry.npmjs.org/imurmurhash/-/imurmurhash-0.1.4.tgz 0ms (cache hit)
2824 http cache json-stable-stringify-without-jsonify@https://registry.npmjs.org/json-stable-stringify-without-jsonify/-/json-stable-stringify-without-jsonify-1.0.1.tgz 0ms (cache hit)
2825 http cache lodash.merge@https://registry.npmjs.org/lodash.merge/-/lodash.merge-4.6.2.tgz 0ms (cache hit)
2826 http cache ignore@https://registry.npmjs.org/ignore/-/ignore-5.3.2.tgz 0ms (cache hit)
2827 http cache fast-deep-equal@https://registry.npmjs.org/fast-deep-equal/-/fast-deep-equal-3.1.3.tgz 0ms (cache hit)
2828 http cache glob-parent@https://registry.npmjs.org/glob-parent/-/glob-parent-6.0.2.tgz 0ms (cache hit)
2829 http cache find-up@https://registry.npmjs.org/find-up/-/find-up-5.0.0.tgz 0ms (cache hit)
2830 http cache file-entry-cache@https://registry.npmjs.org/file-entry-cache/-/file-entry-cache-8.0.0.tgz 0ms (cache hit)
2831 http cache esquery@https://registry.npmjs.org/esquery/-/esquery-1.7.0.tgz 0ms (cache hit)
2832 http cache esutils@https://registry.npmjs.org/esutils/-/esutils-2.0.3.tgz 0ms (cache hit)
2833 http cache espree@https://registry.npmjs.org/espree/-/espree-10.4.0.tgz 0ms (cache hit)
2834 http cache eslint-visitor-keys@https://registry.npmjs.org/eslint-visitor-keys/-/eslint-visitor-keys-4.2.1.tgz 0ms (cache hit)
2835 http cache escape-string-regexp@https://registry.npmjs.org/escape-string-regexp/-/escape-string-regexp-4.0.0.tgz 0ms (cache hit)
2836 http cache eslint-scope@https://registry.npmjs.org/eslint-scope/-/eslint-scope-8.4.0.tgz 0ms (cache hit)
2837 http cache debug@https://registry.npmjs.org/debug/-/debug-4.4.3.tgz 0ms (cache hit)
2838 http cache cross-spawn@https://registry.npmjs.org/cross-spawn/-/cross-spawn-7.0.6.tgz 0ms (cache hit)
2839 http cache ajv@https://registry.npmjs.org/ajv/-/ajv-6.15.0.tgz 0ms (cache hit)
2840 http cache chalk@https://registry.npmjs.org/chalk/-/chalk-4.1.2.tgz 0ms (cache hit)
2841 http cache @humanwhocodes/retry@https://registry.npmjs.org/@humanwhocodes/retry/-/retry-0.4.3.tgz 0ms (cache hit)
2842 http cache @humanfs/node@https://registry.npmjs.org/@humanfs/node/-/node-0.16.8.tgz 0ms (cache hit)
2843 http cache @types/estree@https://registry.npmjs.org/@types/estree/-/estree-1.0.9.tgz 0ms (cache hit)
2844 http cache @eslint/plugin-kit@https://registry.npmjs.org/@eslint/plugin-kit/-/plugin-kit-0.4.1.tgz 0ms (cache hit)
2845 http cache @humanwhocodes/module-importer@https://registry.npmjs.org/@humanwhocodes/module-importer/-/module-importer-1.0.1.tgz 0ms (cache hit)
2846 http cache @eslint/eslintrc@https://registry.npmjs.org/@eslint/eslintrc/-/eslintrc-3.3.5.tgz 0ms (cache hit)
2847 http cache @eslint/core@https://registry.npmjs.org/@eslint/core/-/core-0.17.0.tgz 0ms (cache hit)
2848 http cache @eslint/config-helpers@https://registry.npmjs.org/@eslint/config-helpers/-/config-helpers-0.4.2.tgz 0ms (cache hit)
2849 http cache @eslint-community/regexpp@https://registry.npmjs.org/@eslint-community/regexpp/-/regexpp-4.12.2.tgz 0ms (cache hit)
2850 http cache @eslint/js@https://registry.npmjs.org/@eslint/js/-/js-9.39.4.tgz 0ms (cache hit)
2851 http cache @eslint-community/eslint-utils@https://registry.npmjs.org/@eslint-community/eslint-utils/-/eslint-utils-4.9.1.tgz 0ms (cache hit)
2852 http cache @eslint/config-array@https://registry.npmjs.org/@eslint/config-array/-/config-array-0.21.2.tgz 0ms (cache hit)
2853 http cache graceful-fs@https://registry.npmjs.org/graceful-fs/-/graceful-fs-4.2.11.tgz 0ms (cache hit)
2854 http cache tapable@https://registry.npmjs.org/tapable/-/tapable-2.3.3.tgz 0ms (cache hit)
2855 http cache undici-types@https://registry.npmjs.org/undici-types/-/undici-types-6.21.0.tgz 0ms (cache hit)
2856 http cache @tailwindcss/oxide-darwin-arm64@https://registry.npmjs.org/@tailwindcss/oxide-darwin-arm64/-/oxide-darwin-arm64-4.3.0.tgz 0ms (cache hit)
2857 http cache csstype@https://registry.npmjs.org/csstype/-/csstype-3.2.3.tgz 0ms (cache hit)
2858 http cache @jridgewell/sourcemap-codec@https://registry.npmjs.org/@jridgewell/sourcemap-codec/-/sourcemap-codec-1.5.5.tgz 0ms (cache hit)
2859 http cache @jridgewell/trace-mapping@https://registry.npmjs.org/@jridgewell/trace-mapping/-/trace-mapping-0.3.31.tgz 0ms (cache hit)
2860 http cache source-map-js@https://registry.npmjs.org/source-map-js/-/source-map-js-1.2.1.tgz 0ms (cache hit)
2861 http cache @jridgewell/gen-mapping@https://registry.npmjs.org/@jridgewell/gen-mapping/-/gen-mapping-0.3.13.tgz 0ms (cache hit)
2862 http cache magic-string@https://registry.npmjs.org/magic-string/-/magic-string-0.30.21.tgz 0ms (cache hit)
2863 http cache enhanced-resolve@https://registry.npmjs.org/enhanced-resolve/-/enhanced-resolve-5.22.0.tgz 0ms (cache hit)
2864 http cache @jridgewell/resolve-uri@https://registry.npmjs.org/@jridgewell/resolve-uri/-/resolve-uri-3.1.2.tgz 0ms (cache hit)
2865 http cache lightningcss@https://registry.npmjs.org/lightningcss/-/lightningcss-1.32.0.tgz 0ms (cache hit)
2866 http cache @jridgewell/remapping@https://registry.npmjs.org/@jridgewell/remapping/-/remapping-2.3.5.tgz 0ms (cache hit)
2867 http cache jiti@https://registry.npmjs.org/jiti/-/jiti-2.7.0.tgz 0ms (cache hit)
2868 http cache postcss@https://registry.npmjs.org/postcss/-/postcss-8.5.15.tgz 0ms (cache hit)
2869 http cache @tailwindcss/oxide@https://registry.npmjs.org/@tailwindcss/oxide/-/oxide-4.3.0.tgz 0ms (cache hit)
2870 http cache @alloc/quick-lru@https://registry.npmjs.org/@alloc/quick-lru/-/quick-lru-5.2.0.tgz 0ms (cache hit)
2871 http cache @tailwindcss/node@https://registry.npmjs.org/@tailwindcss/node/-/node-4.3.0.tgz 0ms (cache hit)
2872 http cache typescript@https://registry.npmjs.org/typescript/-/typescript-5.9.3.tgz 0ms (cache hit)
2873 http cache tailwindcss@https://registry.npmjs.org/tailwindcss/-/tailwindcss-4.3.0.tgz 0ms (cache hit)
2874 http cache react@https://registry.npmjs.org/react/-/react-19.2.4.tgz 0ms (cache hit)
2875 http cache next@https://registry.npmjs.org/next/-/next-16.2.6.tgz 0ms (cache hit)
2876 http cache react-dom@https://registry.npmjs.org/react-dom/-/react-dom-19.2.4.tgz 0ms (cache hit)
2877 http cache eslint@https://registry.npmjs.org/eslint/-/eslint-9.39.4.tgz 0ms (cache hit)
2878 http cache eslint-config-next@https://registry.npmjs.org/eslint-config-next/-/eslint-config-next-16.2.6.tgz 0ms (cache hit)
2879 http cache @types/react@https://registry.npmjs.org/@types/react/-/react-19.2.15.tgz 0ms (cache hit)
2880 http cache @types/node@https://registry.npmjs.org/@types/node/-/node-20.19.41.tgz 0ms (cache hit)
2881 http cache @tailwindcss/postcss@https://registry.npmjs.org/@tailwindcss/postcss/-/postcss-4.3.0.tgz 0ms (cache hit)
2882 http cache @types/react-dom@https://registry.npmjs.org/@types/react-dom/-/react-dom-19.2.3.tgz 0ms (cache hit)
2883 http cache brace-expansion@https://registry.npmjs.org/brace-expansion/-/brace-expansion-5.0.6.tgz 0ms (cache hit)
2884 http cache semver@https://registry.npmjs.org/semver/-/semver-7.8.1.tgz 0ms (cache hit)
2885 http cache eslint-visitor-keys@https://registry.npmjs.org/eslint-visitor-keys/-/eslint-visitor-keys-5.0.1.tgz 0ms (cache hit)
2886 http cache minimatch@https://registry.npmjs.org/minimatch/-/minimatch-10.2.5.tgz 0ms (cache hit)
2887 http cache debug@https://registry.npmjs.org/debug/-/debug-3.2.7.tgz 0ms (cache hit)
2888 http cache semver@https://registry.npmjs.org/semver/-/semver-7.8.1.tgz 0ms (cache hit)
2889 http cache balanced-match@https://registry.npmjs.org/balanced-match/-/balanced-match-4.0.4.tgz 0ms (cache hit)
2890 http cache json5@https://registry.npmjs.org/json5/-/json5-1.0.2.tgz 0ms (cache hit)
2891 http cache semver@https://registry.npmjs.org/semver/-/semver-7.8.1.tgz 0ms (cache hit)
2892 http cache debug@https://registry.npmjs.org/debug/-/debug-3.2.7.tgz 0ms (cache hit)
2893 http cache picomatch@https://registry.npmjs.org/picomatch/-/picomatch-4.0.4.tgz 0ms (cache hit)
2894 http cache glob-parent@https://registry.npmjs.org/glob-parent/-/glob-parent-5.1.2.tgz 0ms (cache hit)
2895 http cache ignore@https://registry.npmjs.org/ignore/-/ignore-7.0.5.tgz 0ms (cache hit)
2896 http cache globals@https://registry.npmjs.org/globals/-/globals-16.4.0.tgz 0ms (cache hit)
2897 http cache debug@https://registry.npmjs.org/debug/-/debug-3.2.7.tgz 0ms (cache hit)
2898 http cache eslint-visitor-keys@https://registry.npmjs.org/eslint-visitor-keys/-/eslint-visitor-keys-3.4.3.tgz 0ms (cache hit)
2899 http cache postcss@https://registry.npmjs.org/postcss/-/postcss-8.4.31.tgz 0ms (cache hit)
2900 silly tarball no local data for is-weakset@https://registry.npmjs.org/is-weakset/-/is-weakset-2.0.4.tgz. Extracting by manifest.
2901 silly tarball no local data for is-map@https://registry.npmjs.org/is-map/-/is-map-2.0.3.tgz. Extracting by manifest.
2902 silly tarball no local data for is-weakmap@https://registry.npmjs.org/is-weakmap/-/is-weakmap-2.0.2.tgz. Extracting by manifest.
2903 silly tarball no local data for generator-function@https://registry.npmjs.org/generator-function/-/generator-function-2.0.1.tgz. Extracting by manifest.
2904 silly tarball no local data for async-function@https://registry.npmjs.org/async-function/-/async-function-1.0.0.tgz. Extracting by manifest.
2905 silly tarball no local data for which-collection@https://registry.npmjs.org/which-collection/-/which-collection-1.0.2.tgz. Extracting by manifest.
2906 silly tarball no local data for is-generator-function@https://registry.npmjs.org/is-generator-function/-/is-generator-function-1.1.2.tgz. Extracting by manifest.
2907 silly tarball no local data for is-finalizationregistry@https://registry.npmjs.org/is-finalizationregistry/-/is-finalizationregistry-1.1.1.tgz. Extracting by manifest.
2908 silly tarball no local data for is-number-object@https://registry.npmjs.org/is-number-object/-/is-number-object-1.1.1.tgz. Extracting by manifest.
2909 silly tarball no local data for is-async-function@https://registry.npmjs.org/is-async-function/-/is-async-function-2.1.1.tgz. Extracting by manifest.
2910 silly tarball no local data for is-bigint@https://registry.npmjs.org/is-bigint/-/is-bigint-1.1.0.tgz. Extracting by manifest.
2911 silly tarball no local data for is-boolean-object@https://registry.npmjs.org/is-boolean-object/-/is-boolean-object-1.2.2.tgz. Extracting by manifest.
2912 silly tarball no local data for isexe@https://registry.npmjs.org/isexe/-/isexe-2.0.0.tgz. Extracting by manifest.
2913 silly tarball no local data for punycode@https://registry.npmjs.org/punycode/-/punycode-2.3.1.tgz. Extracting by manifest.
2914 silly tarball no local data for escalade@https://registry.npmjs.org/escalade/-/escalade-3.2.0.tgz. Extracting by manifest.
2915 silly tarball no local data for @tybys/wasm-util@https://registry.npmjs.org/@tybys/wasm-util/-/wasm-util-0.10.2.tgz. Extracting by manifest.
2916 silly tarball no local data for @emnapi/wasi-threads@https://registry.npmjs.org/@emnapi/wasi-threads/-/wasi-threads-1.2.1.tgz. Extracting by manifest.
2917 silly tarball no local data for @napi-rs/wasm-runtime@https://registry.npmjs.org/@napi-rs/wasm-runtime/-/wasm-runtime-1.1.4.tgz. Extracting by manifest.
2918 silly tarball no local data for napi-postinstall@https://registry.npmjs.org/napi-postinstall/-/napi-postinstall-0.3.4.tgz. Extracting by manifest.
2919 silly tarball no local data for @emnapi/core@https://registry.npmjs.org/@emnapi/core/-/core-1.10.0.tgz. Extracting by manifest.
2920 silly tarball no local data for @unrs/resolver-binding-darwin-arm64@https://registry.npmjs.org/@unrs/resolver-binding-darwin-arm64/-/resolver-binding-darwin-arm64-1.12.2.tgz. Extracting by manifest.
2921 silly tarball no local data for has-bigints@https://registry.npmjs.org/has-bigints/-/has-bigints-1.1.0.tgz. Extracting by manifest.
2922 silly tarball no local data for @typescript-eslint/tsconfig-utils@https://registry.npmjs.org/@typescript-eslint/tsconfig-utils/-/tsconfig-utils-8.60.0.tgz. Extracting by manifest.
2923 silly tarball no local data for which-boxed-primitive@https://registry.npmjs.org/which-boxed-primitive/-/which-boxed-primitive-1.1.1.tgz. Extracting by manifest.
2924 silly tarball no local data for @typescript-eslint/types@https://registry.npmjs.org/@typescript-eslint/types/-/types-8.60.0.tgz. Extracting by manifest.
2925 silly tarball no local data for @typescript-eslint/project-service@https://registry.npmjs.org/@typescript-eslint/project-service/-/project-service-8.60.0.tgz. Extracting by manifest.
2926 silly tarball no local data for ts-api-utils@https://registry.npmjs.org/ts-api-utils/-/ts-api-utils-2.5.0.tgz. Extracting by manifest.
2927 silly tarball no local data for @typescript-eslint/type-utils@https://registry.npmjs.org/@typescript-eslint/type-utils/-/type-utils-8.60.0.tgz. Extracting by manifest.
2928 silly tarball no local data for @typescript-eslint/scope-manager@https://registry.npmjs.org/@typescript-eslint/scope-manager/-/scope-manager-8.60.0.tgz. Extracting by manifest.
2929 silly tarball no local data for @typescript-eslint/visitor-keys@https://registry.npmjs.org/@typescript-eslint/visitor-keys/-/visitor-keys-8.60.0.tgz. Extracting by manifest.
2930 silly tarball no local data for @typescript-eslint/parser@https://registry.npmjs.org/@typescript-eslint/parser/-/parser-8.60.0.tgz. Extracting by manifest.
2931 silly tarball no local data for @typescript-eslint/utils@https://registry.npmjs.org/@typescript-eslint/utils/-/utils-8.60.0.tgz. Extracting by manifest.
2932 silly tarball no local data for @typescript-eslint/typescript-estree@https://registry.npmjs.org/@typescript-eslint/typescript-estree/-/typescript-estree-8.60.0.tgz. Extracting by manifest.
2933 silly tarball no local data for which-builtin-type@https://registry.npmjs.org/which-builtin-type/-/which-builtin-type-1.2.1.tgz. Extracting by manifest.
2934 silly tarball no local data for @typescript-eslint/eslint-plugin@https://registry.npmjs.org/@typescript-eslint/eslint-plugin/-/eslint-plugin-8.60.0.tgz. Extracting by manifest.
2935 silly tarball no local data for reflect.getprototypeof@https://registry.npmjs.org/reflect.getprototypeof/-/reflect.getprototypeof-1.0.10.tgz. Extracting by manifest.
2936 silly tarball no local data for minimist@https://registry.npmjs.org/minimist/-/minimist-1.2.8.tgz. Extracting by manifest.
2937 silly tarball no local data for is-number@https://registry.npmjs.org/is-number/-/is-number-7.0.0.tgz. Extracting by manifest.
2938 silly tarball no local data for strip-bom@https://registry.npmjs.org/strip-bom/-/strip-bom-3.0.0.tgz. Extracting by manifest.
2939 silly tarball no local data for for-each@https://registry.npmjs.org/for-each/-/for-each-0.3.5.tgz. Extracting by manifest.
2940 silly tarball no local data for @types/json5@https://registry.npmjs.org/@types/json5/-/json5-0.0.29.tgz. Extracting by manifest.
2941 silly tarball no local data for fdir@https://registry.npmjs.org/fdir/-/fdir-6.5.0.tgz. Extracting by manifest.
2942 silly tarball no local data for has-flag@https://registry.npmjs.org/has-flag/-/has-flag-4.0.0.tgz. Extracting by manifest.
2943 silly tarball no local data for side-channel-weakmap@https://registry.npmjs.org/side-channel-weakmap/-/side-channel-weakmap-1.0.2.tgz. Extracting by manifest.
2944 silly tarball no local data for client-only@https://registry.npmjs.org/client-only/-/client-only-0.0.1.tgz. Extracting by manifest.
2945 silly tarball no local data for side-channel-map@https://registry.npmjs.org/side-channel-map/-/side-channel-map-1.0.1.tgz. Extracting by manifest.
2946 silly tarball no local data for shebang-regex@https://registry.npmjs.org/shebang-regex/-/shebang-regex-3.0.0.tgz. Extracting by manifest.
2947 silly tarball no local data for @emnapi/runtime@https://registry.npmjs.org/@emnapi/runtime/-/runtime-1.10.0.tgz. Extracting by manifest.
2948 silly tarball no local data for side-channel-list@https://registry.npmjs.org/side-channel-list/-/side-channel-list-1.0.1.tgz. Extracting by manifest.
2949 silly tarball no local data for @img/sharp-darwin-arm64@https://registry.npmjs.org/@img/sharp-darwin-arm64/-/sharp-darwin-arm64-0.34.5.tgz. Extracting by manifest.
2950 silly tarball no local data for @img/sharp-libvips-darwin-arm64@https://registry.npmjs.org/@img/sharp-libvips-darwin-arm64/-/sharp-libvips-darwin-arm64-1.2.4.tgz. Extracting by manifest.
2951 silly tarball no local data for isarray@https://registry.npmjs.org/isarray/-/isarray-2.0.5.tgz. Extracting by manifest.
2952 silly tarball no local data for supports-preserve-symlinks-flag@https://registry.npmjs.org/supports-preserve-symlinks-flag/-/supports-preserve-symlinks-flag-1.0.0.tgz. Extracting by manifest.
2953 silly tarball no local data for @img/colour@https://registry.npmjs.org/@img/colour/-/colour-1.1.0.tgz. Extracting by manifest.
2954 silly tarball no local data for path-parse@https://registry.npmjs.org/path-parse/-/path-parse-1.0.7.tgz. Extracting by manifest.
2955 silly tarball no local data for scheduler@https://registry.npmjs.org/scheduler/-/scheduler-0.27.0.tgz. Extracting by manifest.
2956 silly tarball no local data for queue-microtask@https://registry.npmjs.org/queue-microtask/-/queue-microtask-1.2.3.tgz. Extracting by manifest.
2957 silly tarball no local data for node-exports-info@https://registry.npmjs.org/node-exports-info/-/node-exports-info-1.6.0.tgz. Extracting by manifest.
2958 silly tarball no local data for react-is@https://registry.npmjs.org/react-is/-/react-is-16.13.1.tgz. Extracting by manifest.
2959 silly tarball no local data for object-assign@https://registry.npmjs.org/object-assign/-/object-assign-4.1.1.tgz. Extracting by manifest.
2960 silly tarball no local data for nanoid@https://registry.npmjs.org/nanoid/-/nanoid-3.3.12.tgz. Extracting by manifest.
2961 silly tarball no local data for loose-envify@https://registry.npmjs.org/loose-envify/-/loose-envify-1.4.0.tgz. Extracting by manifest.
2962 silly tarball no local data for p-limit@https://registry.npmjs.org/p-limit/-/p-limit-3.1.0.tgz. Extracting by manifest.
2963 silly tarball no local data for fast-levenshtein@https://registry.npmjs.org/fast-levenshtein/-/fast-levenshtein-2.0.6.tgz. Extracting by manifest.
2964 silly tarball no local data for callsites@https://registry.npmjs.org/callsites/-/callsites-3.1.0.tgz. Extracting by manifest.
2965 silly tarball no local data for word-wrap@https://registry.npmjs.org/word-wrap/-/word-wrap-1.2.5.tgz. Extracting by manifest.
2966 silly tarball no local data for deep-is@https://registry.npmjs.org/deep-is/-/deep-is-0.1.4.tgz. Extracting by manifest.
2967 silly tarball no local data for yocto-queue@https://registry.npmjs.org/yocto-queue/-/yocto-queue-0.1.0.tgz. Extracting by manifest.
2968 silly tarball no local data for styled-jsx@https://registry.npmjs.org/styled-jsx/-/styled-jsx-5.1.6.tgz. Extracting by manifest.
2969 silly tarball no local data for sharp@https://registry.npmjs.org/sharp/-/sharp-0.34.5.tgz. Extracting by manifest.
2970 silly tarball no local data for tslib@https://registry.npmjs.org/tslib/-/tslib-2.8.1.tgz. Extracting by manifest.
2971 silly tarball no local data for @next/env@https://registry.npmjs.org/@next/env/-/env-16.2.6.tgz. Extracting by manifest.
2972 silly tarball no local data for @next/swc-darwin-arm64@https://registry.npmjs.org/@next/swc-darwin-arm64/-/swc-darwin-arm64-16.2.6.tgz. Extracting by manifest.
2973 silly tarball no local data for balanced-match@https://registry.npmjs.org/balanced-match/-/balanced-match-1.0.2.tgz. Extracting by manifest.
2974 silly tarball no local data for concat-map@https://registry.npmjs.org/concat-map/-/concat-map-0.0.1.tgz. Extracting by manifest.
2975 silly tarball no local data for @swc/helpers@https://registry.npmjs.org/@swc/helpers/-/helpers-0.5.15.tgz. Extracting by manifest.
2976 silly tarball no local data for to-regex-range@https://registry.npmjs.org/to-regex-range/-/to-regex-range-5.0.1.tgz. Extracting by manifest.
2977 silly tarball no local data for picomatch@https://registry.npmjs.org/picomatch/-/picomatch-2.3.2.tgz. Extracting by manifest.
2978 silly tarball no local data for fill-range@https://registry.npmjs.org/fill-range/-/fill-range-7.1.1.tgz. Extracting by manifest.
2979 silly tarball no local data for yallist@https://registry.npmjs.org/yallist/-/yallist-3.1.1.tgz. Extracting by manifest.
2980 silly tarball no local data for brace-expansion@https://registry.npmjs.org/brace-expansion/-/brace-expansion-1.1.15.tgz. Extracting by manifest.
2981 silly tarball no local data for braces@https://registry.npmjs.org/braces/-/braces-3.0.3.tgz. Extracting by manifest.
2982 silly tarball no local data for detect-libc@https://registry.npmjs.org/detect-libc/-/detect-libc-2.1.2.tgz. Extracting by manifest.
2983 silly tarball no local data for type-check@https://registry.npmjs.org/type-check/-/type-check-0.4.0.tgz. Extracting by manifest.
2984 silly tarball no local data for lightningcss-darwin-arm64@https://registry.npmjs.org/lightningcss-darwin-arm64/-/lightningcss-darwin-arm64-1.32.0.tgz. Extracting by manifest.
2985 silly tarball no local data for prelude-ls@https://registry.npmjs.org/prelude-ls/-/prelude-ls-1.2.1.tgz. Extracting by manifest.
2986 silly tarball no local data for json-buffer@https://registry.npmjs.org/json-buffer/-/json-buffer-3.0.1.tgz. Extracting by manifest.
2987 silly tarball no local data for language-subtag-registry@https://registry.npmjs.org/language-subtag-registry/-/language-subtag-registry-0.3.23.tgz. Extracting by manifest.
2988 silly tarball no local data for is-extglob@https://registry.npmjs.org/is-extglob/-/is-extglob-2.1.1.tgz. Extracting by manifest.
2989 silly tarball no local data for p-locate@https://registry.npmjs.org/p-locate/-/p-locate-5.0.0.tgz. Extracting by manifest.
2990 silly tarball no local data for argparse@https://registry.npmjs.org/argparse/-/argparse-2.0.1.tgz. Extracting by manifest.
2991 silly tarball no local data for side-channel@https://registry.npmjs.org/side-channel/-/side-channel-1.1.0.tgz. Extracting by manifest.
2992 silly tarball no local data for set-function-name@https://registry.npmjs.org/set-function-name/-/set-function-name-2.0.2.tgz. Extracting by manifest.
2993 silly tarball no local data for resolve-from@https://registry.npmjs.org/resolve-from/-/resolve-from-4.0.0.tgz. Extracting by manifest.
2994 silly tarball no local data for parent-module@https://registry.npmjs.org/parent-module/-/parent-module-1.0.1.tgz. Extracting by manifest.
2995 silly tarball no local data for resolve-pkg-maps@https://registry.npmjs.org/resolve-pkg-maps/-/resolve-pkg-maps-1.0.0.tgz. Extracting by manifest.
2996 silly tarball no local data for functions-have-names@https://registry.npmjs.org/functions-have-names/-/functions-have-names-1.2.3.tgz. Extracting by manifest.
2997 silly tarball no local data for dunder-proto@https://registry.npmjs.org/dunder-proto/-/dunder-proto-1.0.1.tgz. Extracting by manifest.
2998 silly tarball no local data for hermes-estree@https://registry.npmjs.org/hermes-estree/-/hermes-estree-0.25.1.tgz. Extracting by manifest.
2999 silly tarball no local data for flatted@https://registry.npmjs.org/flatted/-/flatted-3.4.2.tgz. Extracting by manifest.
3000 silly tarball no local data for keyv@https://registry.npmjs.org/keyv/-/keyv-4.5.4.tgz. Extracting by manifest.
3001 silly tarball no local data for path-exists@https://registry.npmjs.org/path-exists/-/path-exists-4.0.0.tgz. Extracting by manifest.
3002 silly tarball no local data for run-parallel@https://registry.npmjs.org/run-parallel/-/run-parallel-1.2.0.tgz. Extracting by manifest.
3003 silly tarball no local data for locate-path@https://registry.npmjs.org/locate-path/-/locate-path-6.0.0.tgz. Extracting by manifest.
3004 silly tarball no local data for fastq@https://registry.npmjs.org/fastq/-/fastq-1.20.1.tgz. Extracting by manifest.
3005 silly tarball no local data for reusify@https://registry.npmjs.org/reusify/-/reusify-1.1.0.tgz. Extracting by manifest.
3006 silly tarball no local data for flat-cache@https://registry.npmjs.org/flat-cache/-/flat-cache-4.0.1.tgz. Extracting by manifest.
3007 silly tarball no local data for merge2@https://registry.npmjs.org/merge2/-/merge2-1.4.1.tgz. Extracting by manifest.
3008 silly tarball no local data for @nodelib/fs.scandir@https://registry.npmjs.org/@nodelib/fs.scandir/-/fs.scandir-2.1.5.tgz. Extracting by manifest.
3009 silly tarball no local data for @nodelib/fs.walk@https://registry.npmjs.org/@nodelib/fs.walk/-/fs.walk-1.2.8.tgz. Extracting by manifest.
3010 silly tarball no local data for micromatch@https://registry.npmjs.org/micromatch/-/micromatch-4.0.8.tgz. Extracting by manifest.
3011 silly tarball no local data for @nodelib/fs.stat@https://registry.npmjs.org/@nodelib/fs.stat/-/fs.stat-2.0.5.tgz. Extracting by manifest.
3012 silly tarball no local data for acorn@https://registry.npmjs.org/acorn/-/acorn-8.16.0.tgz. Extracting by manifest.
3013 silly tarball no local data for esrecurse@https://registry.npmjs.org/esrecurse/-/esrecurse-4.3.0.tgz. Extracting by manifest.
3014 silly tarball no local data for update-browserslist-db@https://registry.npmjs.org/update-browserslist-db/-/update-browserslist-db-1.2.3.tgz. Extracting by manifest.
3015 silly tarball no local data for caniuse-lite@https://registry.npmjs.org/caniuse-lite/-/caniuse-lite-1.0.30001793.tgz. Extracting by manifest.
3016 silly tarball no local data for baseline-browser-mapping@https://registry.npmjs.org/baseline-browser-mapping/-/baseline-browser-mapping-2.10.32.tgz. Extracting by manifest.
3017 silly tarball no local data for acorn-jsx@https://registry.npmjs.org/acorn-jsx/-/acorn-jsx-5.3.2.tgz. Extracting by manifest.
3018 silly tarball no local data for electron-to-chromium@https://registry.npmjs.org/electron-to-chromium/-/electron-to-chromium-1.5.361.tgz. Extracting by manifest.
3019 silly tarball no local data for @babel/helper-string-parser@https://registry.npmjs.org/@babel/helper-string-parser/-/helper-string-parser-7.29.7.tgz. Extracting by manifest.
3020 silly tarball no local data for lru-cache@https://registry.npmjs.org/lru-cache/-/lru-cache-5.1.1.tgz. Extracting by manifest.
3021 silly tarball no local data for node-releases@https://registry.npmjs.org/node-releases/-/node-releases-2.0.46.tgz. Extracting by manifest.
3022 silly tarball no local data for @babel/helper-globals@https://registry.npmjs.org/@babel/helper-globals/-/helper-globals-7.29.7.tgz. Extracting by manifest.
3023 silly tarball no local data for browserslist@https://registry.npmjs.org/browserslist/-/browserslist-4.28.2.tgz. Extracting by manifest.
3024 silly tarball no local data for @babel/helper-module-imports@https://registry.npmjs.org/@babel/helper-module-imports/-/helper-module-imports-7.29.7.tgz. Extracting by manifest.
3025 silly tarball no local data for @babel/helper-validator-option@https://registry.npmjs.org/@babel/helper-validator-option/-/helper-validator-option-7.29.7.tgz. Extracting by manifest.
3026 silly tarball no local data for jsesc@https://registry.npmjs.org/jsesc/-/jsesc-3.1.0.tgz. Extracting by manifest.
3027 silly tarball no local data for @babel/compat-data@https://registry.npmjs.org/@babel/compat-data/-/compat-data-7.29.7.tgz. Extracting by manifest.
3028 silly tarball no local data for @babel/helper-validator-identifier@https://registry.npmjs.org/@babel/helper-validator-identifier/-/helper-validator-identifier-7.29.7.tgz. Extracting by manifest.
3029 silly tarball no local data for picocolors@https://registry.npmjs.org/picocolors/-/picocolors-1.1.1.tgz. Extracting by manifest.
3030 silly tarball no local data for js-tokens@https://registry.npmjs.org/js-tokens/-/js-tokens-4.0.0.tgz. Extracting by manifest.
3031 silly tarball no local data for gensync@https://registry.npmjs.org/gensync/-/gensync-1.0.0-beta.2.tgz. Extracting by manifest.
3032 silly tarball no local data for json5@https://registry.npmjs.org/json5/-/json5-2.2.3.tgz. Extracting by manifest.
3033 silly tarball no local data for convert-source-map@https://registry.npmjs.org/convert-source-map/-/convert-source-map-2.0.0.tgz. Extracting by manifest.
3034 silly tarball no local data for @babel/traverse@https://registry.npmjs.org/@babel/traverse/-/traverse-7.29.7.tgz. Extracting by manifest.
3035 silly tarball no local data for @babel/helper-module-transforms@https://registry.npmjs.org/@babel/helper-module-transforms/-/helper-module-transforms-7.29.7.tgz. Extracting by manifest.
3036 silly tarball no local data for @babel/helper-compilation-targets@https://registry.npmjs.org/@babel/helper-compilation-targets/-/helper-compilation-targets-7.29.7.tgz. Extracting by manifest.
3037 silly tarball no local data for @babel/helpers@https://registry.npmjs.org/@babel/helpers/-/helpers-7.29.7.tgz. Extracting by manifest.
3038 silly tarball no local data for @babel/types@https://registry.npmjs.org/@babel/types/-/types-7.29.7.tgz. Extracting by manifest.
3039 silly tarball no local data for @babel/code-frame@https://registry.npmjs.org/@babel/code-frame/-/code-frame-7.29.7.tgz. Extracting by manifest.
3040 silly tarball no local data for zod@https://registry.npmjs.org/zod/-/zod-4.4.3.tgz. Extracting by manifest.
3041 silly tarball no local data for @babel/generator@https://registry.npmjs.org/@babel/generator/-/generator-7.29.7.tgz. Extracting by manifest.
3042 silly tarball no local data for hermes-parser@https://registry.npmjs.org/hermes-parser/-/hermes-parser-0.25.1.tgz. Extracting by manifest.
3043 silly tarball no local data for @babel/template@https://registry.npmjs.org/@babel/template/-/template-7.29.7.tgz. Extracting by manifest.
3044 silly tarball no local data for zod-validation-error@https://registry.npmjs.org/zod-validation-error/-/zod-validation-error-4.0.2.tgz. Extracting by manifest.
3045 silly tarball no local data for @babel/parser@https://registry.npmjs.org/@babel/parser/-/parser-7.29.7.tgz. Extracting by manifest.
3046 silly tarball no local data for @babel/core@https://registry.npmjs.org/@babel/core/-/core-7.29.7.tgz. Extracting by manifest.
3047 silly tarball no local data for string.prototype.matchall@https://registry.npmjs.org/string.prototype.matchall/-/string.prototype.matchall-4.0.12.tgz. Extracting by manifest.
3048 silly tarball no local data for string.prototype.repeat@https://registry.npmjs.org/string.prototype.repeat/-/string.prototype.repeat-1.0.0.tgz. Extracting by manifest.
3049 silly tarball no local data for iterator.prototype@https://registry.npmjs.org/iterator.prototype/-/iterator.prototype-1.1.5.tgz. Extracting by manifest.
3050 silly tarball no local data for prop-types@https://registry.npmjs.org/prop-types/-/prop-types-15.8.1.tgz. Extracting by manifest.
3051 silly tarball no local data for es-iterator-helpers@https://registry.npmjs.org/es-iterator-helpers/-/es-iterator-helpers-1.3.2.tgz. Extracting by manifest.
3052 silly tarball no local data for array.prototype.tosorted@https://registry.npmjs.org/array.prototype.tosorted/-/array.prototype.tosorted-1.1.4.tgz. Extracting by manifest.
3053 silly tarball no local data for object.entries@https://registry.npmjs.org/object.entries/-/object.entries-1.1.9.tgz. Extracting by manifest.
3054 silly tarball no local data for string.prototype.includes@https://registry.npmjs.org/string.prototype.includes/-/string.prototype.includes-2.0.1.tgz. Extracting by manifest.
3055 silly tarball no local data for estraverse@https://registry.npmjs.org/estraverse/-/estraverse-5.3.0.tgz. Extracting by manifest.
3056 silly tarball no local data for array.prototype.findlast@https://registry.npmjs.org/array.prototype.findlast/-/array.prototype.findlast-1.2.5.tgz. Extracting by manifest.
3057 silly tarball no local data for emoji-regex@https://registry.npmjs.org/emoji-regex/-/emoji-regex-9.2.2.tgz. Extracting by manifest.
3058 silly tarball no local data for language-tags@https://registry.npmjs.org/language-tags/-/language-tags-1.0.9.tgz. Extracting by manifest.
3059 silly tarball no local data for jsx-ast-utils@https://registry.npmjs.org/jsx-ast-utils/-/jsx-ast-utils-3.3.5.tgz. Extracting by manifest.
3060 silly tarball no local data for axobject-query@https://registry.npmjs.org/axobject-query/-/axobject-query-4.1.0.tgz. Extracting by manifest.
3061 silly tarball no local data for axe-core@https://registry.npmjs.org/axe-core/-/axe-core-4.11.4.tgz. Extracting by manifest.
3062 silly tarball no local data for is-symbol@https://registry.npmjs.org/is-symbol/-/is-symbol-1.1.1.tgz. Extracting by manifest.
3063 silly tarball no local data for ast-types-flow@https://registry.npmjs.org/ast-types-flow/-/ast-types-flow-0.0.8.tgz. Extracting by manifest.
3064 silly tarball no local data for aria-query@https://registry.npmjs.org/aria-query/-/aria-query-5.3.2.tgz. Extracting by manifest.
3065 silly tarball no local data for is-date-object@https://registry.npmjs.org/is-date-object/-/is-date-object-1.1.0.tgz. Extracting by manifest.
3066 silly tarball no local data for damerau-levenshtein@https://registry.npmjs.org/damerau-levenshtein/-/damerau-levenshtein-1.0.8.tgz. Extracting by manifest.
3067 silly tarball no local data for possible-typed-array-names@https://registry.npmjs.org/possible-typed-array-names/-/possible-typed-array-names-1.1.0.tgz. Extracting by manifest.
3068 silly tarball no local data for has-tostringtag@https://registry.npmjs.org/has-tostringtag/-/has-tostringtag-1.0.2.tgz. Extracting by manifest.
3069 silly tarball no local data for unbox-primitive@https://registry.npmjs.org/unbox-primitive/-/unbox-primitive-1.1.0.tgz. Extracting by manifest.
3070 silly tarball no local data for which-typed-array@https://registry.npmjs.org/which-typed-array/-/which-typed-array-1.1.20.tgz. Extracting by manifest.
3071 silly tarball no local data for typed-array-byte-offset@https://registry.npmjs.org/typed-array-byte-offset/-/typed-array-byte-offset-1.0.4.tgz. Extracting by manifest.
3072 silly tarball no local data for string.prototype.trimstart@https://registry.npmjs.org/string.prototype.trimstart/-/string.prototype.trimstart-1.0.8.tgz. Extracting by manifest.
3073 silly tarball no local data for typed-array-byte-length@https://registry.npmjs.org/typed-array-byte-length/-/typed-array-byte-length-1.0.3.tgz. Extracting by manifest.
3074 silly tarball no local data for typed-array-length@https://registry.npmjs.org/typed-array-length/-/typed-array-length-1.0.7.tgz. Extracting by manifest.
3075 silly tarball no local data for safe-regex-test@https://registry.npmjs.org/safe-regex-test/-/safe-regex-test-1.1.0.tgz. Extracting by manifest.
3076 silly tarball no local data for typed-array-buffer@https://registry.npmjs.org/typed-array-buffer/-/typed-array-buffer-1.0.3.tgz. Extracting by manifest.
3077 silly tarball no local data for string.prototype.trim@https://registry.npmjs.org/string.prototype.trim/-/string.prototype.trim-1.2.10.tgz. Extracting by manifest.
3078 silly tarball no local data for stop-iteration-iterator@https://registry.npmjs.org/stop-iteration-iterator/-/stop-iteration-iterator-1.1.0.tgz. Extracting by manifest.
3079 silly tarball no local data for set-proto@https://registry.npmjs.org/set-proto/-/set-proto-1.0.0.tgz. Extracting by manifest.
3080 silly tarball no local data for safe-push-apply@https://registry.npmjs.org/safe-push-apply/-/safe-push-apply-1.0.0.tgz. Extracting by manifest.
3081 silly tarball no local data for own-keys@https://registry.npmjs.org/own-keys/-/own-keys-1.0.1.tgz. Extracting by manifest.
3082 silly tarball no local data for regexp.prototype.flags@https://registry.npmjs.org/regexp.prototype.flags/-/regexp.prototype.flags-1.5.4.tgz. Extracting by manifest.
3083 silly tarball no local data for object.assign@https://registry.npmjs.org/object.assign/-/object.assign-4.1.7.tgz. Extracting by manifest.
3084 silly tarball no local data for safe-array-concat@https://registry.npmjs.org/safe-array-concat/-/safe-array-concat-1.1.4.tgz. Extracting by manifest.
3085 silly tarball no local data for object-inspect@https://registry.npmjs.org/object-inspect/-/object-inspect-1.13.4.tgz. Extracting by manifest.
3086 silly tarball no local data for is-typed-array@https://registry.npmjs.org/is-typed-array/-/is-typed-array-1.1.15.tgz. Extracting by manifest.
3087 silly tarball no local data for is-shared-array-buffer@https://registry.npmjs.org/is-shared-array-buffer/-/is-shared-array-buffer-1.0.4.tgz. Extracting by manifest.
3088 silly tarball no local data for is-weakref@https://registry.npmjs.org/is-weakref/-/is-weakref-1.1.1.tgz. Extracting by manifest.
3089 silly tarball no local data for is-set@https://registry.npmjs.org/is-set/-/is-set-2.0.3.tgz. Extracting by manifest.
3090 silly tarball no local data for is-regex@https://registry.npmjs.org/is-regex/-/is-regex-1.2.1.tgz. Extracting by manifest.
3091 silly tarball no local data for is-negative-zero@https://registry.npmjs.org/is-negative-zero/-/is-negative-zero-2.0.3.tgz. Extracting by manifest.
3092 silly tarball no local data for is-data-view@https://registry.npmjs.org/is-data-view/-/is-data-view-1.0.2.tgz. Extracting by manifest.
3093 silly tarball no local data for is-callable@https://registry.npmjs.org/is-callable/-/is-callable-1.2.7.tgz. Extracting by manifest.
3094 silly tarball no local data for has-proto@https://registry.npmjs.org/has-proto/-/has-proto-1.2.0.tgz. Extracting by manifest.
3095 silly tarball no local data for globalthis@https://registry.npmjs.org/globalthis/-/globalthis-1.0.4.tgz. Extracting by manifest.
3096 silly tarball no local data for is-array-buffer@https://registry.npmjs.org/is-array-buffer/-/is-array-buffer-3.0.5.tgz. Extracting by manifest.
3097 silly tarball no local data for get-proto@https://registry.npmjs.org/get-proto/-/get-proto-1.0.1.tgz. Extracting by manifest.
3098 silly tarball no local data for get-symbol-description@https://registry.npmjs.org/get-symbol-description/-/get-symbol-description-1.1.0.tgz. Extracting by manifest.
3099 silly tarball no local data for internal-slot@https://registry.npmjs.org/internal-slot/-/internal-slot-1.1.0.tgz. Extracting by manifest.
3100 silly tarball no local data for function.prototype.name@https://registry.npmjs.org/function.prototype.name/-/function.prototype.name-1.1.8.tgz. Extracting by manifest.
3101 silly tarball no local data for es-set-tostringtag@https://registry.npmjs.org/es-set-tostringtag/-/es-set-tostringtag-2.1.0.tgz. Extracting by manifest.
3102 silly tarball no local data for data-view-byte-offset@https://registry.npmjs.org/data-view-byte-offset/-/data-view-byte-offset-1.0.1.tgz. Extracting by manifest.
3103 silly tarball no local data for has-symbols@https://registry.npmjs.org/has-symbols/-/has-symbols-1.1.0.tgz. Extracting by manifest.
3104 silly tarball no local data for es-to-primitive@https://registry.npmjs.org/es-to-primitive/-/es-to-primitive-1.3.0.tgz. Extracting by manifest.
3105 silly tarball no local data for data-view-byte-length@https://registry.npmjs.org/data-view-byte-length/-/data-view-byte-length-1.0.2.tgz. Extracting by manifest.
3106 silly tarball no local data for data-view-buffer@https://registry.npmjs.org/data-view-buffer/-/data-view-buffer-1.0.2.tgz. Extracting by manifest.
3107 silly tarball no local data for available-typed-arrays@https://registry.npmjs.org/available-typed-arrays/-/available-typed-arrays-1.0.7.tgz. Extracting by manifest.
3108 silly tarball no local data for arraybuffer.prototype.slice@https://registry.npmjs.org/arraybuffer.prototype.slice/-/arraybuffer.prototype.slice-1.0.4.tgz. Extracting by manifest.
3109 silly tarball no local data for define-data-property@https://registry.npmjs.org/define-data-property/-/define-data-property-1.1.4.tgz. Extracting by manifest.
3110 silly tarball no local data for gopd@https://registry.npmjs.org/gopd/-/gopd-1.2.0.tgz. Extracting by manifest.
3111 silly tarball no local data for object-keys@https://registry.npmjs.org/object-keys/-/object-keys-1.1.1.tgz. Extracting by manifest.
3112 silly tarball no local data for function-bind@https://registry.npmjs.org/function-bind/-/function-bind-1.1.2.tgz. Extracting by manifest.
3113 silly tarball no local data for array-buffer-byte-length@https://registry.npmjs.org/array-buffer-byte-length/-/array-buffer-byte-length-1.0.2.tgz. Extracting by manifest.
3114 silly tarball no local data for set-function-length@https://registry.npmjs.org/set-function-length/-/set-function-length-1.2.2.tgz. Extracting by manifest.
3115 silly tarball no local data for es-shim-unscopables@https://registry.npmjs.org/es-shim-unscopables/-/es-shim-unscopables-1.1.0.tgz. Extracting by manifest.
3116 silly tarball no local data for es-define-property@https://registry.npmjs.org/es-define-property/-/es-define-property-1.0.1.tgz. Extracting by manifest.
3117 silly tarball no local data for es-errors@https://registry.npmjs.org/es-errors/-/es-errors-1.3.0.tgz. Extracting by manifest.
3118 silly tarball no local data for call-bind-apply-helpers@https://registry.npmjs.org/call-bind-apply-helpers/-/call-bind-apply-helpers-1.0.2.tgz. Extracting by manifest.
3119 silly tarball no local data for has-property-descriptors@https://registry.npmjs.org/has-property-descriptors/-/has-property-descriptors-1.0.2.tgz. Extracting by manifest.
3120 silly tarball no local data for is-string@https://registry.npmjs.org/is-string/-/is-string-1.1.1.tgz. Extracting by manifest.
3121 silly tarball no local data for get-intrinsic@https://registry.npmjs.org/get-intrinsic/-/get-intrinsic-1.3.0.tgz. Extracting by manifest.
3122 silly tarball no local data for es-object-atoms@https://registry.npmjs.org/es-object-atoms/-/es-object-atoms-1.1.2.tgz. Extracting by manifest.
3123 silly tarball no local data for es-abstract@https://registry.npmjs.org/es-abstract/-/es-abstract-1.24.2.tgz. Extracting by manifest.
3124 silly tarball no local data for math-intrinsics@https://registry.npmjs.org/math-intrinsics/-/math-intrinsics-1.1.0.tgz. Extracting by manifest.
3125 silly tarball no local data for call-bind@https://registry.npmjs.org/call-bind/-/call-bind-1.0.9.tgz. Extracting by manifest.
3126 silly tarball no local data for define-properties@https://registry.npmjs.org/define-properties/-/define-properties-1.2.1.tgz. Extracting by manifest.
3127 silly tarball no local data for call-bound@https://registry.npmjs.org/call-bound/-/call-bound-1.0.4.tgz. Extracting by manifest.
3128 silly tarball no local data for string.prototype.trimend@https://registry.npmjs.org/string.prototype.trimend/-/string.prototype.trimend-1.0.9.tgz. Extracting by manifest.
3129 silly tarball no local data for tsconfig-paths@https://registry.npmjs.org/tsconfig-paths/-/tsconfig-paths-3.15.0.tgz. Extracting by manifest.
3130 silly tarball no local data for semver@https://registry.npmjs.org/semver/-/semver-6.3.1.tgz. Extracting by manifest.
3131 silly tarball no local data for object.groupby@https://registry.npmjs.org/object.groupby/-/object.groupby-1.0.3.tgz. Extracting by manifest.
3132 silly tarball no local data for object.values@https://registry.npmjs.org/object.values/-/object.values-1.2.1.tgz. Extracting by manifest.
3133 silly tarball no local data for eslint-module-utils@https://registry.npmjs.org/eslint-module-utils/-/eslint-module-utils-2.12.1.tgz. Extracting by manifest.
3134 silly tarball no local data for object.fromentries@https://registry.npmjs.org/object.fromentries/-/object.fromentries-2.0.8.tgz. Extracting by manifest.
3135 silly tarball no local data for hasown@https://registry.npmjs.org/hasown/-/hasown-2.0.3.tgz. Extracting by manifest.
3136 silly tarball no local data for array.prototype.flat@https://registry.npmjs.org/array.prototype.flat/-/array.prototype.flat-1.3.3.tgz. Extracting by manifest.
3137 silly tarball no local data for doctrine@https://registry.npmjs.org/doctrine/-/doctrine-2.1.0.tgz. Extracting by manifest.
3138 silly tarball no local data for array.prototype.flatmap@https://registry.npmjs.org/array.prototype.flatmap/-/array.prototype.flatmap-1.3.3.tgz. Extracting by manifest.
3139 silly tarball no local data for array.prototype.findlastindex@https://registry.npmjs.org/array.prototype.findlastindex/-/array.prototype.findlastindex-1.2.6.tgz. Extracting by manifest.
3140 silly tarball no local data for unrs-resolver@https://registry.npmjs.org/unrs-resolver/-/unrs-resolver-1.12.2.tgz. Extracting by manifest.
3141 silly tarball no local data for array-includes@https://registry.npmjs.org/array-includes/-/array-includes-3.1.9.tgz. Extracting by manifest.
3142 silly tarball no local data for @rtsao/scc@https://registry.npmjs.org/@rtsao/scc/-/scc-1.1.0.tgz. Extracting by manifest.
3143 silly tarball no local data for stable-hash@https://registry.npmjs.org/stable-hash/-/stable-hash-0.0.5.tgz. Extracting by manifest.
3144 silly tarball no local data for tinyglobby@https://registry.npmjs.org/tinyglobby/-/tinyglobby-0.2.16.tgz. Extracting by manifest.
3145 silly tarball no local data for get-tsconfig@https://registry.npmjs.org/get-tsconfig/-/get-tsconfig-4.14.0.tgz. Extracting by manifest.
3146 silly tarball no local data for is-bun-module@https://registry.npmjs.org/is-bun-module/-/is-bun-module-2.0.0.tgz. Extracting by manifest.
3147 silly tarball no local data for resolve@https://registry.npmjs.org/resolve/-/resolve-2.0.0-next.7.tgz. Extracting by manifest.
3148 silly tarball no local data for is-core-module@https://registry.npmjs.org/is-core-module/-/is-core-module-2.16.2.tgz. Extracting by manifest.
3149 silly tarball no local data for @nolyfill/is-core-module@https://registry.npmjs.org/@nolyfill/is-core-module/-/is-core-module-1.0.39.tgz. Extracting by manifest.
3150 silly tarball no local data for fast-glob@https://registry.npmjs.org/fast-glob/-/fast-glob-3.3.1.tgz. Extracting by manifest.
3151 silly tarball no local data for typescript-eslint@https://registry.npmjs.org/typescript-eslint/-/typescript-eslint-8.60.0.tgz. Extracting by manifest.
3152 silly tarball no local data for eslint-plugin-react@https://registry.npmjs.org/eslint-plugin-react/-/eslint-plugin-react-7.37.5.tgz. Extracting by manifest.
3153 silly tarball no local data for eslint-plugin-react-hooks@https://registry.npmjs.org/eslint-plugin-react-hooks/-/eslint-plugin-react-hooks-7.1.1.tgz. Extracting by manifest.
3154 silly tarball no local data for eslint-plugin-import@https://registry.npmjs.org/eslint-plugin-import/-/eslint-plugin-import-2.32.0.tgz. Extracting by manifest.
3155 silly tarball no local data for eslint-import-resolver-node@https://registry.npmjs.org/eslint-import-resolver-node/-/eslint-import-resolver-node-0.3.10.tgz. Extracting by manifest.
3156 silly tarball no local data for eslint-plugin-jsx-a11y@https://registry.npmjs.org/eslint-plugin-jsx-a11y/-/eslint-plugin-jsx-a11y-6.10.2.tgz. Extracting by manifest.
3157 silly tarball no local data for which@https://registry.npmjs.org/which/-/which-2.0.2.tgz. Extracting by manifest.
3158 silly tarball no local data for shebang-command@https://registry.npmjs.org/shebang-command/-/shebang-command-2.0.0.tgz. Extracting by manifest.
3159 silly tarball no local data for @next/eslint-plugin-next@https://registry.npmjs.org/@next/eslint-plugin-next/-/eslint-plugin-next-16.2.6.tgz. Extracting by manifest.
3160 silly tarball no local data for color-name@https://registry.npmjs.org/color-name/-/color-name-1.1.4.tgz. Extracting by manifest.
3161 silly tarball no local data for color-convert@https://registry.npmjs.org/color-convert/-/color-convert-2.0.1.tgz. Extracting by manifest.
3162 silly tarball no local data for path-key@https://registry.npmjs.org/path-key/-/path-key-3.1.1.tgz. Extracting by manifest.
3163 silly tarball no local data for eslint-import-resolver-typescript@https://registry.npmjs.org/eslint-import-resolver-typescript/-/eslint-import-resolver-typescript-3.10.1.tgz. Extracting by manifest.
3164 silly tarball no local data for ms@https://registry.npmjs.org/ms/-/ms-2.1.3.tgz. Extracting by manifest.
3165 silly tarball no local data for uri-js@https://registry.npmjs.org/uri-js/-/uri-js-4.4.1.tgz. Extracting by manifest.
3166 silly tarball no local data for ansi-styles@https://registry.npmjs.org/ansi-styles/-/ansi-styles-4.3.0.tgz. Extracting by manifest.
3167 silly tarball no local data for json-schema-traverse@https://registry.npmjs.org/json-schema-traverse/-/json-schema-traverse-0.4.1.tgz. Extracting by manifest.
3168 silly tarball no local data for fast-json-stable-stringify@https://registry.npmjs.org/fast-json-stable-stringify/-/fast-json-stable-stringify-2.1.0.tgz. Extracting by manifest.
3169 silly tarball no local data for supports-color@https://registry.npmjs.org/supports-color/-/supports-color-7.2.0.tgz. Extracting by manifest.
3170 silly tarball no local data for @humanfs/types@https://registry.npmjs.org/@humanfs/types/-/types-0.15.0.tgz. Extracting by manifest.
3171 silly tarball no local data for levn@https://registry.npmjs.org/levn/-/levn-0.4.1.tgz. Extracting by manifest.
3172 silly tarball no local data for strip-json-comments@https://registry.npmjs.org/strip-json-comments/-/strip-json-comments-3.1.1.tgz. Extracting by manifest.
3173 silly tarball no local data for @humanfs/core@https://registry.npmjs.org/@humanfs/core/-/core-0.19.2.tgz. Extracting by manifest.
3174 silly tarball no local data for import-fresh@https://registry.npmjs.org/import-fresh/-/import-fresh-3.3.1.tgz. Extracting by manifest.
3175 silly tarball no local data for globals@https://registry.npmjs.org/globals/-/globals-14.0.0.tgz. Extracting by manifest.
3176 silly tarball no local data for js-yaml@https://registry.npmjs.org/js-yaml/-/js-yaml-4.1.1.tgz. Extracting by manifest.
3177 silly tarball no local data for @types/json-schema@https://registry.npmjs.org/@types/json-schema/-/json-schema-7.0.15.tgz. Extracting by manifest.
3178 silly tarball no local data for @eslint/object-schema@https://registry.npmjs.org/@eslint/object-schema/-/object-schema-2.1.7.tgz. Extracting by manifest.
3179 silly tarball no local data for optionator@https://registry.npmjs.org/optionator/-/optionator-0.9.4.tgz. Extracting by manifest.
3180 silly tarball no local data for natural-compare@https://registry.npmjs.org/natural-compare/-/natural-compare-1.4.0.tgz. Extracting by manifest.
3181 silly tarball no local data for is-glob@https://registry.npmjs.org/is-glob/-/is-glob-4.0.3.tgz. Extracting by manifest.
3182 silly tarball no local data for minimatch@https://registry.npmjs.org/minimatch/-/minimatch-3.1.5.tgz. Extracting by manifest.
3183 silly tarball no local data for json-stable-stringify-without-jsonify@https://registry.npmjs.org/json-stable-stringify-without-jsonify/-/json-stable-stringify-without-jsonify-1.0.1.tgz. Extracting by manifest.
3184 silly tarball no local data for imurmurhash@https://registry.npmjs.org/imurmurhash/-/imurmurhash-0.1.4.tgz. Extracting by manifest.
3185 silly tarball no local data for lodash.merge@https://registry.npmjs.org/lodash.merge/-/lodash.merge-4.6.2.tgz. Extracting by manifest.
3186 silly tarball no local data for ignore@https://registry.npmjs.org/ignore/-/ignore-5.3.2.tgz. Extracting by manifest.
3187 silly tarball no local data for fast-deep-equal@https://registry.npmjs.org/fast-deep-equal/-/fast-deep-equal-3.1.3.tgz. Extracting by manifest.
3188 silly tarball no local data for glob-parent@https://registry.npmjs.org/glob-parent/-/glob-parent-6.0.2.tgz. Extracting by manifest.
3189 silly tarball no local data for find-up@https://registry.npmjs.org/find-up/-/find-up-5.0.0.tgz. Extracting by manifest.
3190 silly tarball no local data for file-entry-cache@https://registry.npmjs.org/file-entry-cache/-/file-entry-cache-8.0.0.tgz. Extracting by manifest.
3191 silly tarball no local data for esquery@https://registry.npmjs.org/esquery/-/esquery-1.7.0.tgz. Extracting by manifest.
3192 silly tarball no local data for esutils@https://registry.npmjs.org/esutils/-/esutils-2.0.3.tgz. Extracting by manifest.
3193 silly tarball no local data for espree@https://registry.npmjs.org/espree/-/espree-10.4.0.tgz. Extracting by manifest.
3194 silly tarball no local data for eslint-visitor-keys@https://registry.npmjs.org/eslint-visitor-keys/-/eslint-visitor-keys-4.2.1.tgz. Extracting by manifest.
3195 silly tarball no local data for escape-string-regexp@https://registry.npmjs.org/escape-string-regexp/-/escape-string-regexp-4.0.0.tgz. Extracting by manifest.
3196 silly tarball no local data for eslint-scope@https://registry.npmjs.org/eslint-scope/-/eslint-scope-8.4.0.tgz. Extracting by manifest.
3197 silly tarball no local data for debug@https://registry.npmjs.org/debug/-/debug-4.4.3.tgz. Extracting by manifest.
3198 silly tarball no local data for cross-spawn@https://registry.npmjs.org/cross-spawn/-/cross-spawn-7.0.6.tgz. Extracting by manifest.
3199 silly tarball no local data for ajv@https://registry.npmjs.org/ajv/-/ajv-6.15.0.tgz. Extracting by manifest.
3200 silly tarball no local data for chalk@https://registry.npmjs.org/chalk/-/chalk-4.1.2.tgz. Extracting by manifest.
3201 silly tarball no local data for @humanwhocodes/retry@https://registry.npmjs.org/@humanwhocodes/retry/-/retry-0.4.3.tgz. Extracting by manifest.
3202 silly tarball no local data for @humanfs/node@https://registry.npmjs.org/@humanfs/node/-/node-0.16.8.tgz. Extracting by manifest.
3203 silly tarball no local data for @types/estree@https://registry.npmjs.org/@types/estree/-/estree-1.0.9.tgz. Extracting by manifest.
3204 silly tarball no local data for @eslint/plugin-kit@https://registry.npmjs.org/@eslint/plugin-kit/-/plugin-kit-0.4.1.tgz. Extracting by manifest.
3205 silly tarball no local data for @humanwhocodes/module-importer@https://registry.npmjs.org/@humanwhocodes/module-importer/-/module-importer-1.0.1.tgz. Extracting by manifest.
3206 silly tarball no local data for @eslint/eslintrc@https://registry.npmjs.org/@eslint/eslintrc/-/eslintrc-3.3.5.tgz. Extracting by manifest.
3207 silly tarball no local data for @eslint/core@https://registry.npmjs.org/@eslint/core/-/core-0.17.0.tgz. Extracting by manifest.
3208 silly tarball no local data for @eslint/config-helpers@https://registry.npmjs.org/@eslint/config-helpers/-/config-helpers-0.4.2.tgz. Extracting by manifest.
3209 silly tarball no local data for @eslint-community/regexpp@https://registry.npmjs.org/@eslint-community/regexpp/-/regexpp-4.12.2.tgz. Extracting by manifest.
3210 silly tarball no local data for @eslint/js@https://registry.npmjs.org/@eslint/js/-/js-9.39.4.tgz. Extracting by manifest.
3211 silly tarball no local data for @eslint-community/eslint-utils@https://registry.npmjs.org/@eslint-community/eslint-utils/-/eslint-utils-4.9.1.tgz. Extracting by manifest.
3212 silly tarball no local data for @eslint/config-array@https://registry.npmjs.org/@eslint/config-array/-/config-array-0.21.2.tgz. Extracting by manifest.
3213 silly tarball no local data for graceful-fs@https://registry.npmjs.org/graceful-fs/-/graceful-fs-4.2.11.tgz. Extracting by manifest.
3214 silly tarball no local data for tapable@https://registry.npmjs.org/tapable/-/tapable-2.3.3.tgz. Extracting by manifest.
3215 silly tarball no local data for undici-types@https://registry.npmjs.org/undici-types/-/undici-types-6.21.0.tgz. Extracting by manifest.
3216 silly tarball no local data for @tailwindcss/oxide-darwin-arm64@https://registry.npmjs.org/@tailwindcss/oxide-darwin-arm64/-/oxide-darwin-arm64-4.3.0.tgz. Extracting by manifest.
3217 silly tarball no local data for csstype@https://registry.npmjs.org/csstype/-/csstype-3.2.3.tgz. Extracting by manifest.
3218 silly tarball no local data for @jridgewell/sourcemap-codec@https://registry.npmjs.org/@jridgewell/sourcemap-codec/-/sourcemap-codec-1.5.5.tgz. Extracting by manifest.
3219 silly tarball no local data for @jridgewell/trace-mapping@https://registry.npmjs.org/@jridgewell/trace-mapping/-/trace-mapping-0.3.31.tgz. Extracting by manifest.
3220 silly tarball no local data for source-map-js@https://registry.npmjs.org/source-map-js/-/source-map-js-1.2.1.tgz. Extracting by manifest.
3221 silly tarball no local data for @jridgewell/gen-mapping@https://registry.npmjs.org/@jridgewell/gen-mapping/-/gen-mapping-0.3.13.tgz. Extracting by manifest.
3222 silly tarball no local data for magic-string@https://registry.npmjs.org/magic-string/-/magic-string-0.30.21.tgz. Extracting by manifest.
3223 silly tarball no local data for enhanced-resolve@https://registry.npmjs.org/enhanced-resolve/-/enhanced-resolve-5.22.0.tgz. Extracting by manifest.
3224 silly tarball no local data for @jridgewell/resolve-uri@https://registry.npmjs.org/@jridgewell/resolve-uri/-/resolve-uri-3.1.2.tgz. Extracting by manifest.
3225 silly tarball no local data for lightningcss@https://registry.npmjs.org/lightningcss/-/lightningcss-1.32.0.tgz. Extracting by manifest.
3226 silly tarball no local data for @jridgewell/remapping@https://registry.npmjs.org/@jridgewell/remapping/-/remapping-2.3.5.tgz. Extracting by manifest.
3227 silly tarball no local data for postcss@https://registry.npmjs.org/postcss/-/postcss-8.5.15.tgz. Extracting by manifest.
3228 silly tarball no local data for jiti@https://registry.npmjs.org/jiti/-/jiti-2.7.0.tgz. Extracting by manifest.
3229 silly tarball no local data for @tailwindcss/oxide@https://registry.npmjs.org/@tailwindcss/oxide/-/oxide-4.3.0.tgz. Extracting by manifest.
3230 silly tarball no local data for @alloc/quick-lru@https://registry.npmjs.org/@alloc/quick-lru/-/quick-lru-5.2.0.tgz. Extracting by manifest.
3231 silly tarball no local data for @tailwindcss/node@https://registry.npmjs.org/@tailwindcss/node/-/node-4.3.0.tgz. Extracting by manifest.
3232 silly tarball no local data for typescript@https://registry.npmjs.org/typescript/-/typescript-5.9.3.tgz. Extracting by manifest.
3233 silly tarball no local data for tailwindcss@https://registry.npmjs.org/tailwindcss/-/tailwindcss-4.3.0.tgz. Extracting by manifest.
3234 silly tarball no local data for react@https://registry.npmjs.org/react/-/react-19.2.4.tgz. Extracting by manifest.
3235 silly tarball no local data for next@https://registry.npmjs.org/next/-/next-16.2.6.tgz. Extracting by manifest.
3236 silly tarball no local data for react-dom@https://registry.npmjs.org/react-dom/-/react-dom-19.2.4.tgz. Extracting by manifest.
3237 silly tarball no local data for eslint@https://registry.npmjs.org/eslint/-/eslint-9.39.4.tgz. Extracting by manifest.
3238 silly tarball no local data for eslint-config-next@https://registry.npmjs.org/eslint-config-next/-/eslint-config-next-16.2.6.tgz. Extracting by manifest.
3239 silly tarball no local data for @types/react@https://registry.npmjs.org/@types/react/-/react-19.2.15.tgz. Extracting by manifest.
3240 silly tarball no local data for @types/node@https://registry.npmjs.org/@types/node/-/node-20.19.41.tgz. Extracting by manifest.
3241 silly tarball no local data for @tailwindcss/postcss@https://registry.npmjs.org/@tailwindcss/postcss/-/postcss-4.3.0.tgz. Extracting by manifest.
3242 silly tarball no local data for @types/react-dom@https://registry.npmjs.org/@types/react-dom/-/react-dom-19.2.3.tgz. Extracting by manifest.
3243 silly tarball no local data for brace-expansion@https://registry.npmjs.org/brace-expansion/-/brace-expansion-5.0.6.tgz. Extracting by manifest.
3244 silly tarball no local data for semver@https://registry.npmjs.org/semver/-/semver-7.8.1.tgz. Extracting by manifest.
3245 silly tarball no local data for eslint-visitor-keys@https://registry.npmjs.org/eslint-visitor-keys/-/eslint-visitor-keys-5.0.1.tgz. Extracting by manifest.
3246 silly tarball no local data for minimatch@https://registry.npmjs.org/minimatch/-/minimatch-10.2.5.tgz. Extracting by manifest.
3247 silly tarball no local data for debug@https://registry.npmjs.org/debug/-/debug-3.2.7.tgz. Extracting by manifest.
3248 silly tarball no local data for semver@https://registry.npmjs.org/semver/-/semver-7.8.1.tgz. Extracting by manifest.
3249 silly tarball no local data for balanced-match@https://registry.npmjs.org/balanced-match/-/balanced-match-4.0.4.tgz. Extracting by manifest.
3250 silly tarball no local data for json5@https://registry.npmjs.org/json5/-/json5-1.0.2.tgz. Extracting by manifest.
3251 silly tarball no local data for semver@https://registry.npmjs.org/semver/-/semver-7.8.1.tgz. Extracting by manifest.
3252 silly tarball no local data for debug@https://registry.npmjs.org/debug/-/debug-3.2.7.tgz. Extracting by manifest.
3253 silly tarball no local data for picomatch@https://registry.npmjs.org/picomatch/-/picomatch-4.0.4.tgz. Extracting by manifest.
3254 silly tarball no local data for glob-parent@https://registry.npmjs.org/glob-parent/-/glob-parent-5.1.2.tgz. Extracting by manifest.
3255 silly tarball no local data for ignore@https://registry.npmjs.org/ignore/-/ignore-7.0.5.tgz. Extracting by manifest.
3256 silly tarball no local data for globals@https://registry.npmjs.org/globals/-/globals-16.4.0.tgz. Extracting by manifest.
3257 silly tarball no local data for debug@https://registry.npmjs.org/debug/-/debug-3.2.7.tgz. Extracting by manifest.
3258 silly tarball no local data for eslint-visitor-keys@https://registry.npmjs.org/eslint-visitor-keys/-/eslint-visitor-keys-3.4.3.tgz. Extracting by manifest.
3259 silly tarball no local data for postcss@https://registry.npmjs.org/postcss/-/postcss-8.4.31.tgz. Extracting by manifest.
3260 http fetch GET 200 https://registry.npmjs.org/is-map/-/is-map-2.0.3.tgz 110ms (cache miss)
3261 http fetch GET 200 https://registry.npmjs.org/async-function/-/async-function-1.0.0.tgz 113ms (cache miss)
3262 http fetch GET 200 https://registry.npmjs.org/which-collection/-/which-collection-1.0.2.tgz 113ms (cache miss)
3263 http fetch GET 200 https://registry.npmjs.org/generator-function/-/generator-function-2.0.1.tgz 115ms (cache miss)
3264 http fetch GET 200 https://registry.npmjs.org/is-generator-function/-/is-generator-function-1.1.2.tgz 118ms (cache miss)
3265 http fetch GET 200 https://registry.npmjs.org/is-weakmap/-/is-weakmap-2.0.2.tgz 118ms (cache miss)
3266 http fetch GET 200 https://registry.npmjs.org/is-finalizationregistry/-/is-finalizationregistry-1.1.1.tgz 121ms (cache miss)
3267 http fetch GET 200 https://registry.npmjs.org/is-weakset/-/is-weakset-2.0.4.tgz 122ms (cache miss)
3268 http fetch GET 200 https://registry.npmjs.org/escalade/-/escalade-3.2.0.tgz 186ms (cache miss)
3269 http fetch GET 200 https://registry.npmjs.org/has-bigints/-/has-bigints-1.1.0.tgz 188ms (cache miss)
3270 http fetch GET 200 https://registry.npmjs.org/napi-postinstall/-/napi-postinstall-0.3.4.tgz 188ms (cache miss)
3271 http fetch GET 200 https://registry.npmjs.org/@emnapi/wasi-threads/-/wasi-threads-1.2.1.tgz 191ms (cache miss)
3272 http fetch POST 200 https://registry.npmjs.org/-/npm/v1/security/advisories/bulk 236ms
3273 silly audit report {
3273 silly audit report   postcss: [
3273 silly audit report     {
3273 silly audit report       id: 1117015,
3273 silly audit report       url: 'https://github.com/advisories/GHSA-qx2v-qp2m-jg93',
3273 silly audit report       title: 'PostCSS has XSS via Unescaped </style> in its CSS Stringify Output',
3273 silly audit report       severity: 'moderate',
3273 silly audit report       vulnerable_versions: '<8.5.10',
3273 silly audit report       cwe: [Array],
3273 silly audit report       cvss: [Object]
3273 silly audit report     }
3273 silly audit report   ]
3273 silly audit report }
3274 silly packumentCache corgi:https://registry.npmjs.org/postcss cache-miss
3275 http fetch GET 200 https://registry.npmjs.org/punycode/-/punycode-2.3.1.tgz 209ms (cache miss)
3276 http fetch GET 200 https://registry.npmjs.org/@tybys/wasm-util/-/wasm-util-0.10.2.tgz 213ms (cache miss)
3277 http fetch GET 200 https://registry.npmjs.org/@emnapi/core/-/core-1.10.0.tgz 217ms (cache miss)
3278 http fetch GET 200 https://registry.npmjs.org/@typescript-eslint/tsconfig-utils/-/tsconfig-utils-8.60.0.tgz 223ms (cache miss)
3279 http fetch GET 200 https://registry.npmjs.org/which-boxed-primitive/-/which-boxed-primitive-1.1.1.tgz 224ms (cache miss)
3280 http fetch GET 200 https://registry.npmjs.org/is-boolean-object/-/is-boolean-object-1.2.2.tgz 227ms (cache miss)
3281 http fetch GET 200 https://registry.npmjs.org/is-async-function/-/is-async-function-2.1.1.tgz 234ms (cache miss)
3282 http fetch GET 200 https://registry.npmjs.org/is-bigint/-/is-bigint-1.1.0.tgz 234ms (cache miss)
3283 http fetch GET 200 https://registry.npmjs.org/@napi-rs/wasm-runtime/-/wasm-runtime-1.1.4.tgz 238ms (cache miss)
3284 http fetch GET 200 https://registry.npmjs.org/isexe/-/isexe-2.0.0.tgz 242ms (cache miss)
3285 http fetch GET 200 https://registry.npmjs.org/@typescript-eslint/types/-/types-8.60.0.tgz 248ms (cache miss)
3286 http fetch GET 200 https://registry.npmjs.org/is-number-object/-/is-number-object-1.1.1.tgz 258ms (cache miss)
3287 http fetch GET 200 https://registry.npmjs.org/ts-api-utils/-/ts-api-utils-2.5.0.tgz 263ms (cache miss)
3288 http fetch GET 200 https://registry.npmjs.org/@typescript-eslint/visitor-keys/-/visitor-keys-8.60.0.tgz 274ms (cache miss)
3289 http fetch GET 200 https://registry.npmjs.org/@typescript-eslint/project-service/-/project-service-8.60.0.tgz 285ms (cache miss)
3290 http fetch GET 200 https://registry.npmjs.org/which-builtin-type/-/which-builtin-type-1.2.1.tgz 284ms (cache miss)
3291 http fetch GET 200 https://registry.npmjs.org/@typescript-eslint/parser/-/parser-8.60.0.tgz 302ms (cache miss)
3292 http fetch GET 200 https://registry.npmjs.org/is-number/-/is-number-7.0.0.tgz 307ms (cache miss)
3293 http fetch GET 200 https://registry.npmjs.org/reflect.getprototypeof/-/reflect.getprototypeof-1.0.10.tgz 309ms (cache miss)
3294 http fetch GET 200 https://registry.npmjs.org/minimist/-/minimist-1.2.8.tgz 318ms (cache miss)
3295 http fetch GET 200 https://registry.npmjs.org/@typescript-eslint/type-utils/-/type-utils-8.60.0.tgz 321ms (cache miss)
3296 http fetch GET 200 https://registry.npmjs.org/strip-bom/-/strip-bom-3.0.0.tgz 332ms (cache miss)
3297 http fetch GET 200 https://registry.npmjs.org/fdir/-/fdir-6.5.0.tgz 336ms (cache miss)
3298 http fetch GET 200 https://registry.npmjs.org/for-each/-/for-each-0.3.5.tgz 339ms (cache miss)
3299 http fetch GET 200 https://registry.npmjs.org/has-flag/-/has-flag-4.0.0.tgz 340ms (cache miss)
3300 http fetch GET 200 https://registry.npmjs.org/@typescript-eslint/utils/-/utils-8.60.0.tgz 353ms (cache miss)
3301 http fetch GET 200 https://registry.npmjs.org/side-channel-list/-/side-channel-list-1.0.1.tgz 353ms (cache miss)
3302 http fetch GET 200 https://registry.npmjs.org/shebang-regex/-/shebang-regex-3.0.0.tgz 358ms (cache miss)
3303 http fetch GET 200 https://registry.npmjs.org/@types/json5/-/json5-0.0.29.tgz 359ms (cache miss)
3304 http fetch GET 200 https://registry.npmjs.org/@typescript-eslint/typescript-estree/-/typescript-estree-8.60.0.tgz 364ms (cache miss)
3305 http fetch GET 200 https://registry.npmjs.org/client-only/-/client-only-0.0.1.tgz 376ms (cache miss)
3306 http fetch GET 200 https://registry.npmjs.org/side-channel-map/-/side-channel-map-1.0.1.tgz 378ms (cache miss)
3307 http fetch GET 200 https://registry.npmjs.org/side-channel-weakmap/-/side-channel-weakmap-1.0.2.tgz 380ms (cache miss)
3308 http fetch GET 200 https://registry.npmjs.org/isarray/-/isarray-2.0.5.tgz 386ms (cache miss)
3309 http fetch GET 200 https://registry.npmjs.org/@emnapi/runtime/-/runtime-1.10.0.tgz 389ms (cache miss)
3310 http fetch GET 200 https://registry.npmjs.org/supports-preserve-symlinks-flag/-/supports-preserve-symlinks-flag-1.0.0.tgz 425ms (cache miss)
3311 http fetch GET 200 https://registry.npmjs.org/path-parse/-/path-parse-1.0.7.tgz 424ms (cache miss)
3312 http fetch GET 200 https://registry.npmjs.org/@typescript-eslint/scope-manager/-/scope-manager-8.60.0.tgz 430ms (cache miss)
3313 http fetch GET 200 https://registry.npmjs.org/scheduler/-/scheduler-0.27.0.tgz 428ms (cache miss)
3314 http fetch GET 200 https://registry.npmjs.org/@img/colour/-/colour-1.1.0.tgz 430ms (cache miss)
3315 http fetch GET 200 https://registry.npmjs.org/queue-microtask/-/queue-microtask-1.2.3.tgz 430ms (cache miss)
3316 http fetch GET 200 https://registry.npmjs.org/p-limit/-/p-limit-3.1.0.tgz 435ms (cache miss)
3317 http fetch GET 200 https://registry.npmjs.org/react-is/-/react-is-16.13.1.tgz 436ms (cache miss)
3318 http fetch GET 200 https://registry.npmjs.org/node-exports-info/-/node-exports-info-1.6.0.tgz 440ms (cache miss)
3319 http fetch GET 200 https://registry.npmjs.org/@unrs/resolver-binding-darwin-arm64/-/resolver-binding-darwin-arm64-1.12.2.tgz 445ms (cache miss)
3320 http fetch GET 200 https://registry.npmjs.org/callsites/-/callsites-3.1.0.tgz 445ms (cache miss)
3321 http fetch GET 200 https://registry.npmjs.org/word-wrap/-/word-wrap-1.2.5.tgz 445ms (cache miss)
3322 http fetch GET 200 https://registry.npmjs.org/object-assign/-/object-assign-4.1.1.tgz 445ms (cache miss)
3323 http fetch GET 200 https://registry.npmjs.org/@img/sharp-darwin-arm64/-/sharp-darwin-arm64-0.34.5.tgz 455ms (cache miss)
3324 http fetch GET 200 https://registry.npmjs.org/deep-is/-/deep-is-0.1.4.tgz 454ms (cache miss)
3325 http fetch GET 200 https://registry.npmjs.org/nanoid/-/nanoid-3.3.12.tgz 460ms (cache miss)
3326 http fetch GET 200 https://registry.npmjs.org/fast-levenshtein/-/fast-levenshtein-2.0.6.tgz 464ms (cache miss)
3327 http fetch GET 200 https://registry.npmjs.org/loose-envify/-/loose-envify-1.4.0.tgz 465ms (cache miss)
3328 http fetch GET 200 https://registry.npmjs.org/yocto-queue/-/yocto-queue-0.1.0.tgz 474ms (cache miss)
3329 http fetch GET 200 https://registry.npmjs.org/tslib/-/tslib-2.8.1.tgz 483ms (cache miss)
3330 http fetch GET 200 https://registry.npmjs.org/styled-jsx/-/styled-jsx-5.1.6.tgz 495ms (cache miss)
3331 http fetch GET 200 https://registry.npmjs.org/balanced-match/-/balanced-match-1.0.2.tgz 496ms (cache miss)
3332 http fetch GET 200 https://registry.npmjs.org/concat-map/-/concat-map-0.0.1.tgz 508ms (cache miss)
3333 http fetch GET 200 https://registry.npmjs.org/@next/env/-/env-16.2.6.tgz 509ms (cache miss)
3334 http fetch GET 200 https://registry.npmjs.org/picomatch/-/picomatch-2.3.2.tgz 511ms (cache miss)
3335 http fetch GET 200 https://registry.npmjs.org/to-regex-range/-/to-regex-range-5.0.1.tgz 516ms (cache miss)
3336 http fetch GET 200 https://registry.npmjs.org/sharp/-/sharp-0.34.5.tgz 523ms (cache miss)
3337 http fetch GET 200 https://registry.npmjs.org/yallist/-/yallist-3.1.1.tgz 533ms (cache miss)
3338 http fetch GET 200 https://registry.npmjs.org/detect-libc/-/detect-libc-2.1.2.tgz 534ms (cache miss)
3339 http fetch GET 200 https://registry.npmjs.org/fill-range/-/fill-range-7.1.1.tgz 535ms (cache miss)
3340 http fetch GET 200 https://registry.npmjs.org/brace-expansion/-/brace-expansion-1.1.15.tgz 541ms (cache miss)
3341 http fetch GET 200 https://registry.npmjs.org/braces/-/braces-3.0.3.tgz 554ms (cache miss)
3342 http fetch GET 200 https://registry.npmjs.org/json-buffer/-/json-buffer-3.0.1.tgz 559ms (cache miss)
3343 http fetch GET 200 https://registry.npmjs.org/is-extglob/-/is-extglob-2.1.1.tgz 559ms (cache miss)
3344 http fetch GET 200 https://registry.npmjs.org/type-check/-/type-check-0.4.0.tgz 561ms (cache miss)
3345 http fetch GET 200 https://registry.npmjs.org/p-locate/-/p-locate-5.0.0.tgz 574ms (cache miss)
3346 http fetch GET 200 https://registry.npmjs.org/prelude-ls/-/prelude-ls-1.2.1.tgz 582ms (cache miss)
3347 http fetch GET 200 https://registry.npmjs.org/@typescript-eslint/eslint-plugin/-/eslint-plugin-8.60.0.tgz 587ms (cache miss)
3348 http fetch GET 200 https://registry.npmjs.org/argparse/-/argparse-2.0.1.tgz 586ms (cache miss)
3349 http fetch GET 200 https://registry.npmjs.org/set-function-name/-/set-function-name-2.0.2.tgz 587ms (cache miss)
3350 http fetch GET 200 https://registry.npmjs.org/side-channel/-/side-channel-1.1.0.tgz 602ms (cache miss)
3351 http fetch GET 200 https://registry.npmjs.org/language-subtag-registry/-/language-subtag-registry-0.3.23.tgz 603ms (cache miss)
3352 http fetch GET 200 https://registry.npmjs.org/dunder-proto/-/dunder-proto-1.0.1.tgz 608ms (cache miss)
3353 http fetch GET 200 https://registry.npmjs.org/resolve-pkg-maps/-/resolve-pkg-maps-1.0.0.tgz 609ms (cache miss)
3354 http fetch GET 200 https://registry.npmjs.org/parent-module/-/parent-module-1.0.1.tgz 613ms (cache miss)
3355 http fetch GET 200 https://registry.npmjs.org/resolve-from/-/resolve-from-4.0.0.tgz 621ms (cache miss)
3356 http fetch GET 200 https://registry.npmjs.org/functions-have-names/-/functions-have-names-1.2.3.tgz 620ms (cache miss)
3357 http fetch GET 200 https://registry.npmjs.org/hermes-estree/-/hermes-estree-0.25.1.tgz 621ms (cache miss)
3358 http fetch GET 200 https://registry.npmjs.org/locate-path/-/locate-path-6.0.0.tgz 635ms (cache miss)
3359 http fetch GET 200 https://registry.npmjs.org/run-parallel/-/run-parallel-1.2.0.tgz 638ms (cache miss)
3360 http fetch GET 200 https://registry.npmjs.org/keyv/-/keyv-4.5.4.tgz 638ms (cache miss)
3361 http fetch GET 200 https://registry.npmjs.org/flatted/-/flatted-3.4.2.tgz 639ms (cache miss)
3362 http fetch GET 200 https://registry.npmjs.org/reusify/-/reusify-1.1.0.tgz 661ms (cache miss)
3363 http fetch GET 200 https://registry.npmjs.org/path-exists/-/path-exists-4.0.0.tgz 661ms (cache miss)
3364 http fetch GET 200 https://registry.npmjs.org/merge2/-/merge2-1.4.1.tgz 668ms (cache miss)
3365 http fetch GET 200 https://registry.npmjs.org/flat-cache/-/flat-cache-4.0.1.tgz 673ms (cache miss)
3366 http fetch GET 200 https://registry.npmjs.org/fastq/-/fastq-1.20.1.tgz 677ms (cache miss)
3367 http fetch GET 200 https://registry.npmjs.org/update-browserslist-db/-/update-browserslist-db-1.2.3.tgz 718ms (cache miss)
3368 http fetch GET 200 https://registry.npmjs.org/@swc/helpers/-/helpers-0.5.15.tgz 722ms (cache miss)
3369 http fetch GET 200 https://registry.npmjs.org/@nodelib/fs.scandir/-/fs.scandir-2.1.5.tgz 719ms (cache miss)
3370 http fetch GET 200 https://registry.npmjs.org/micromatch/-/micromatch-4.0.8.tgz 726ms (cache miss)
3371 http fetch GET 200 https://registry.npmjs.org/esrecurse/-/esrecurse-4.3.0.tgz 731ms (cache miss)
3372 http fetch GET 200 https://registry.npmjs.org/acorn/-/acorn-8.16.0.tgz 735ms (cache miss)
3373 http fetch GET 200 https://registry.npmjs.org/@nodelib/fs.walk/-/fs.walk-1.2.8.tgz 735ms (cache miss)
3374 http fetch GET 200 https://registry.npmjs.org/acorn-jsx/-/acorn-jsx-5.3.2.tgz 752ms (cache miss)
3375 http fetch GET 200 https://registry.npmjs.org/@nodelib/fs.stat/-/fs.stat-2.0.5.tgz 760ms (cache miss)
3376 http fetch GET 200 https://registry.npmjs.org/electron-to-chromium/-/electron-to-chromium-1.5.361.tgz 790ms (cache miss)
3377 http fetch GET 200 https://registry.npmjs.org/baseline-browser-mapping/-/baseline-browser-mapping-2.10.32.tgz 801ms (cache miss)
3378 http fetch GET 200 https://registry.npmjs.org/@babel/helper-string-parser/-/helper-string-parser-7.29.7.tgz 805ms (cache miss)
3379 http fetch GET 200 https://registry.npmjs.org/lru-cache/-/lru-cache-5.1.1.tgz 837ms (cache miss)
3380 http fetch GET 200 https://registry.npmjs.org/@babel/helper-module-imports/-/helper-module-imports-7.29.7.tgz 857ms (cache miss)
3381 http fetch GET 200 https://registry.npmjs.org/@babel/helper-globals/-/helper-globals-7.29.7.tgz 868ms (cache miss)
3382 http fetch GET 200 https://registry.npmjs.org/browserslist/-/browserslist-4.28.2.tgz 869ms (cache miss)
3383 http fetch GET 200 https://registry.npmjs.org/jsesc/-/jsesc-3.1.0.tgz 870ms (cache miss)
3384 http fetch GET 200 https://registry.npmjs.org/@babel/helper-validator-option/-/helper-validator-option-7.29.7.tgz 877ms (cache miss)
3385 http fetch GET 200 https://registry.npmjs.org/node-releases/-/node-releases-2.0.46.tgz 878ms (cache miss)
3386 http fetch GET 200 https://registry.npmjs.org/@babel/compat-data/-/compat-data-7.29.7.tgz 896ms (cache miss)
3387 http fetch GET 200 https://registry.npmjs.org/@babel/helper-validator-identifier/-/helper-validator-identifier-7.29.7.tgz 900ms (cache miss)
3388 http fetch GET 200 https://registry.npmjs.org/picocolors/-/picocolors-1.1.1.tgz 911ms (cache miss)
3389 http fetch GET 200 https://registry.npmjs.org/js-tokens/-/js-tokens-4.0.0.tgz 918ms (cache miss)
3390 http fetch GET 200 https://registry.npmjs.org/@img/sharp-libvips-darwin-arm64/-/sharp-libvips-darwin-arm64-1.2.4.tgz 934ms (cache miss)
3391 http fetch GET 200 https://registry.npmjs.org/gensync/-/gensync-1.0.0-beta.2.tgz 928ms (cache miss)
3392 http fetch GET 200 https://registry.npmjs.org/lightningcss-darwin-arm64/-/lightningcss-darwin-arm64-1.32.0.tgz 941ms (cache miss)
3393 http fetch GET 200 https://registry.npmjs.org/convert-source-map/-/convert-source-map-2.0.0.tgz 933ms (cache miss)
3394 http fetch GET 200 https://registry.npmjs.org/json5/-/json5-2.2.3.tgz 935ms (cache miss)
3395 http fetch GET 200 https://registry.npmjs.org/@babel/helper-module-transforms/-/helper-module-transforms-7.29.7.tgz 961ms (cache miss)
3396 http fetch GET 200 https://registry.npmjs.org/@babel/helper-compilation-targets/-/helper-compilation-targets-7.29.7.tgz 966ms (cache miss)
3397 http fetch GET 200 https://registry.npmjs.org/@babel/code-frame/-/code-frame-7.29.7.tgz 997ms (cache miss)
3398 http fetch GET 200 https://registry.npmjs.org/@babel/traverse/-/traverse-7.29.7.tgz 1002ms (cache miss)
3399 http fetch GET 200 https://registry.npmjs.org/string.prototype.matchall/-/string.prototype.matchall-4.0.12.tgz 1016ms (cache miss)
3400 http fetch GET 200 https://registry.npmjs.org/@babel/generator/-/generator-7.29.7.tgz 1017ms (cache miss)
3401 http fetch GET 200 https://registry.npmjs.org/zod-validation-error/-/zod-validation-error-4.0.2.tgz 1033ms (cache miss)
3402 http fetch GET 200 https://registry.npmjs.org/string.prototype.repeat/-/string.prototype.repeat-1.0.0.tgz 1051ms (cache miss)
3403 http fetch GET 200 https://registry.npmjs.org/@babel/template/-/template-7.29.7.tgz 1053ms (cache miss)
3404 http fetch GET 200 https://registry.npmjs.org/iterator.prototype/-/iterator.prototype-1.1.5.tgz 1066ms (cache miss)
3405 http fetch GET 200 https://registry.npmjs.org/caniuse-lite/-/caniuse-lite-1.0.30001793.tgz 1076ms (cache miss)
3406 http fetch GET 200 https://registry.npmjs.org/prop-types/-/prop-types-15.8.1.tgz 1078ms (cache miss)
3407 http fetch GET 200 https://registry.npmjs.org/@babel/parser/-/parser-7.29.7.tgz 1094ms (cache miss)
3408 http fetch GET 200 https://registry.npmjs.org/array.prototype.findlast/-/array.prototype.findlast-1.2.5.tgz 1093ms (cache miss)
3409 http fetch GET 200 https://registry.npmjs.org/array.prototype.tosorted/-/array.prototype.tosorted-1.1.4.tgz 1098ms (cache miss)
3410 http fetch GET 200 https://registry.npmjs.org/object.entries/-/object.entries-1.1.9.tgz 1104ms (cache miss)
3411 http fetch GET 200 https://registry.npmjs.org/string.prototype.includes/-/string.prototype.includes-2.0.1.tgz 1108ms (cache miss)
3412 http fetch GET 200 https://registry.npmjs.org/estraverse/-/estraverse-5.3.0.tgz 1115ms (cache miss)
3413 http fetch GET 200 https://registry.npmjs.org/emoji-regex/-/emoji-regex-9.2.2.tgz 1118ms (cache miss)
3414 http fetch GET 200 https://registry.npmjs.org/language-tags/-/language-tags-1.0.9.tgz 1129ms (cache miss)
3415 http fetch GET 200 https://registry.npmjs.org/@babel/core/-/core-7.29.7.tgz 1142ms (cache miss)
3416 http fetch GET 200 https://registry.npmjs.org/@babel/helpers/-/helpers-7.29.7.tgz 1154ms (cache miss)
3417 http fetch GET 200 https://registry.npmjs.org/@babel/types/-/types-7.29.7.tgz 1166ms (cache miss)
3418 http fetch GET 200 https://registry.npmjs.org/jsx-ast-utils/-/jsx-ast-utils-3.3.5.tgz 1181ms (cache miss)
3419 http fetch GET 200 https://registry.npmjs.org/axobject-query/-/axobject-query-4.1.0.tgz 1182ms (cache miss)
3420 http fetch GET 200 https://registry.npmjs.org/es-iterator-helpers/-/es-iterator-helpers-1.3.2.tgz 1186ms (cache miss)
3421 http fetch GET 200 https://registry.npmjs.org/ast-types-flow/-/ast-types-flow-0.0.8.tgz 1199ms (cache miss)
3422 http fetch GET 200 https://registry.npmjs.org/which-typed-array/-/which-typed-array-1.1.20.tgz 1208ms (cache miss)
3423 http fetch GET 200 https://registry.npmjs.org/damerau-levenshtein/-/damerau-levenshtein-1.0.8.tgz 1223ms (cache miss)
3424 http fetch GET 200 https://registry.npmjs.org/string.prototype.trimstart/-/string.prototype.trimstart-1.0.8.tgz 1229ms (cache miss)
3425 http fetch GET 200 https://registry.npmjs.org/is-date-object/-/is-date-object-1.1.0.tgz 1235ms (cache miss)
3426 http fetch GET 200 https://registry.npmjs.org/has-tostringtag/-/has-tostringtag-1.0.2.tgz 1235ms (cache miss)
3427 http fetch GET 200 https://registry.npmjs.org/typed-array-byte-offset/-/typed-array-byte-offset-1.0.4.tgz 1235ms (cache miss)
3428 http fetch GET 200 https://registry.npmjs.org/possible-typed-array-names/-/possible-typed-array-names-1.1.0.tgz 1235ms (cache miss)
3429 http fetch GET 200 https://registry.npmjs.org/unbox-primitive/-/unbox-primitive-1.1.0.tgz 1235ms (cache miss)
3430 http fetch GET 200 https://registry.npmjs.org/typed-array-byte-length/-/typed-array-byte-length-1.0.3.tgz 1238ms (cache miss)
3431 http fetch GET 200 https://registry.npmjs.org/aria-query/-/aria-query-5.3.2.tgz 1240ms (cache miss)
3432 http fetch GET 200 https://registry.npmjs.org/hermes-parser/-/hermes-parser-0.25.1.tgz 1245ms (cache miss)
3433 http fetch GET 200 https://registry.npmjs.org/is-symbol/-/is-symbol-1.1.1.tgz 1275ms (cache miss)
3434 http fetch GET 200 https://registry.npmjs.org/set-proto/-/set-proto-1.0.0.tgz 1306ms (cache miss)
3435 http fetch GET 200 https://registry.npmjs.org/safe-regex-test/-/safe-regex-test-1.1.0.tgz 1307ms (cache miss)
3436 http fetch GET 200 https://registry.npmjs.org/typed-array-buffer/-/typed-array-buffer-1.0.3.tgz 1307ms (cache miss)
3437 http fetch GET 200 https://registry.npmjs.org/stop-iteration-iterator/-/stop-iteration-iterator-1.1.0.tgz 1308ms (cache miss)
3438 http fetch GET 200 https://registry.npmjs.org/typed-array-length/-/typed-array-length-1.0.7.tgz 1309ms (cache miss)
3439 http fetch GET 200 https://registry.npmjs.org/safe-push-apply/-/safe-push-apply-1.0.0.tgz 1312ms (cache miss)
3440 http fetch GET 200 https://registry.npmjs.org/own-keys/-/own-keys-1.0.1.tgz 1312ms (cache miss)
3441 http fetch GET 200 https://registry.npmjs.org/safe-array-concat/-/safe-array-concat-1.1.4.tgz 1314ms (cache miss)
3442 http fetch GET 200 https://registry.npmjs.org/string.prototype.trim/-/string.prototype.trim-1.2.10.tgz 1315ms (cache miss)
3443 http fetch GET 200 https://registry.npmjs.org/regexp.prototype.flags/-/regexp.prototype.flags-1.5.4.tgz 1315ms (cache miss)
3444 http fetch GET 200 https://registry.npmjs.org/object.assign/-/object.assign-4.1.7.tgz 1322ms (cache miss)
3445 http fetch GET 200 https://registry.npmjs.org/object-inspect/-/object-inspect-1.13.4.tgz 1324ms (cache miss)
3446 http fetch GET 200 https://registry.npmjs.org/axe-core/-/axe-core-4.11.4.tgz 1333ms (cache miss)
3447 http fetch GET 200 https://registry.npmjs.org/zod/-/zod-4.4.3.tgz 1355ms (cache miss)
3448 http fetch GET 200 https://registry.npmjs.org/is-shared-array-buffer/-/is-shared-array-buffer-1.0.4.tgz 1359ms (cache miss)
3449 http fetch GET 200 https://registry.npmjs.org/is-set/-/is-set-2.0.3.tgz 1385ms (cache miss)
3450 http fetch GET 200 https://registry.npmjs.org/is-weakref/-/is-weakref-1.1.1.tgz 1394ms (cache miss)
3451 http fetch GET 200 https://registry.npmjs.org/is-data-view/-/is-data-view-1.0.2.tgz 1404ms (cache miss)
3452 http fetch GET 200 https://registry.npmjs.org/is-negative-zero/-/is-negative-zero-2.0.3.tgz 1405ms (cache miss)
3453 http fetch GET 200 https://registry.npmjs.org/is-regex/-/is-regex-1.2.1.tgz 1406ms (cache miss)
3454 http fetch GET 200 https://registry.npmjs.org/is-typed-array/-/is-typed-array-1.1.15.tgz 1418ms (cache miss)
3455 http fetch GET 200 https://registry.npmjs.org/is-array-buffer/-/is-array-buffer-3.0.5.tgz 1418ms (cache miss)
3456 http fetch GET 200 https://registry.npmjs.org/is-callable/-/is-callable-1.2.7.tgz 1418ms (cache miss)
3457 http fetch GET 200 https://registry.npmjs.org/has-proto/-/has-proto-1.2.0.tgz 1418ms (cache miss)
3458 http fetch GET 200 https://registry.npmjs.org/internal-slot/-/internal-slot-1.1.0.tgz 1419ms (cache miss)
3459 http fetch GET 200 https://registry.npmjs.org/globalthis/-/globalthis-1.0.4.tgz 1420ms (cache miss)
3460 http fetch GET 200 https://registry.npmjs.org/get-proto/-/get-proto-1.0.1.tgz 1422ms (cache miss)
3461 http fetch GET 200 https://registry.npmjs.org/get-symbol-description/-/get-symbol-description-1.1.0.tgz 1424ms (cache miss)
3462 http fetch GET 200 https://registry.npmjs.org/function.prototype.name/-/function.prototype.name-1.1.8.tgz 1442ms (cache miss)
3463 http fetch GET 200 https://registry.npmjs.org/es-set-tostringtag/-/es-set-tostringtag-2.1.0.tgz 1465ms (cache miss)
3464 http fetch GET 200 https://registry.npmjs.org/data-view-byte-offset/-/data-view-byte-offset-1.0.1.tgz 1476ms (cache miss)
3465 http fetch GET 200 https://registry.npmjs.org/data-view-buffer/-/data-view-buffer-1.0.2.tgz 1476ms (cache miss)
3466 http fetch GET 200 https://registry.npmjs.org/object-keys/-/object-keys-1.1.1.tgz 1477ms (cache miss)
3467 http fetch GET 200 https://registry.npmjs.org/has-symbols/-/has-symbols-1.1.0.tgz 1479ms (cache miss)
3468 http fetch GET 200 https://registry.npmjs.org/data-view-byte-length/-/data-view-byte-length-1.0.2.tgz 1486ms (cache miss)
3469 http fetch GET 200 https://registry.npmjs.org/available-typed-arrays/-/available-typed-arrays-1.0.7.tgz 1485ms (cache miss)
3470 http fetch GET 200 https://registry.npmjs.org/gopd/-/gopd-1.2.0.tgz 1486ms (cache miss)
3471 http fetch GET 200 https://registry.npmjs.org/es-to-primitive/-/es-to-primitive-1.3.0.tgz 1487ms (cache miss)
3472 http fetch GET 200 https://registry.npmjs.org/arraybuffer.prototype.slice/-/arraybuffer.prototype.slice-1.0.4.tgz 1487ms (cache miss)
3473 http fetch GET 200 https://registry.npmjs.org/define-data-property/-/define-data-property-1.1.4.tgz 1503ms (cache miss)
3474 http fetch GET 200 https://registry.npmjs.org/set-function-length/-/set-function-length-1.2.2.tgz 1504ms (cache miss)
3475 http fetch GET 200 https://registry.npmjs.org/function-bind/-/function-bind-1.1.2.tgz 1511ms (cache miss)
3476 http fetch GET 200 https://registry.npmjs.org/array-buffer-byte-length/-/array-buffer-byte-length-1.0.2.tgz 1511ms (cache miss)
3477 http fetch GET 200 https://registry.npmjs.org/es-shim-unscopables/-/es-shim-unscopables-1.1.0.tgz 1548ms (cache miss)
3478 http fetch GET 200 https://registry.npmjs.org/es-errors/-/es-errors-1.3.0.tgz 1550ms (cache miss)
3479 http fetch GET 200 https://registry.npmjs.org/es-define-property/-/es-define-property-1.0.1.tgz 1550ms (cache miss)
3480 http fetch GET 200 https://registry.npmjs.org/call-bind-apply-helpers/-/call-bind-apply-helpers-1.0.2.tgz 1552ms (cache miss)
3481 http fetch GET 200 https://registry.npmjs.org/es-object-atoms/-/es-object-atoms-1.1.2.tgz 1573ms (cache miss)
3482 http fetch GET 200 https://registry.npmjs.org/has-property-descriptors/-/has-property-descriptors-1.0.2.tgz 1573ms (cache miss)
3483 http fetch GET 200 https://registry.npmjs.org/is-string/-/is-string-1.1.1.tgz 1573ms (cache miss)
3484 http fetch GET 200 https://registry.npmjs.org/get-intrinsic/-/get-intrinsic-1.3.0.tgz 1574ms (cache miss)
3485 http fetch GET 200 https://registry.npmjs.org/call-bind/-/call-bind-1.0.9.tgz 1587ms (cache miss)
3486 http fetch GET 200 https://registry.npmjs.org/math-intrinsics/-/math-intrinsics-1.1.0.tgz 1609ms (cache miss)
3487 http fetch GET 200 https://registry.npmjs.org/define-properties/-/define-properties-1.2.1.tgz 1670ms (cache miss)
3488 http fetch GET 200 https://registry.npmjs.org/object.groupby/-/object.groupby-1.0.3.tgz 1688ms (cache miss)
3489 http fetch GET 200 https://registry.npmjs.org/object.values/-/object.values-1.2.1.tgz 1691ms (cache miss)
3490 http fetch GET 200 https://registry.npmjs.org/call-bound/-/call-bound-1.0.4.tgz 1692ms (cache miss)
3491 http fetch GET 200 https://registry.npmjs.org/semver/-/semver-6.3.1.tgz 1692ms (cache miss)
3492 http fetch GET 200 https://registry.npmjs.org/string.prototype.trimend/-/string.prototype.trimend-1.0.9.tgz 1693ms (cache miss)
3493 http fetch GET 200 https://registry.npmjs.org/tsconfig-paths/-/tsconfig-paths-3.15.0.tgz 1726ms (cache miss)
3494 http fetch GET 200 https://registry.npmjs.org/hasown/-/hasown-2.0.3.tgz 1735ms (cache miss)
3495 http fetch GET 200 https://registry.npmjs.org/array.prototype.flat/-/array.prototype.flat-1.3.3.tgz 1735ms (cache miss)
3496 http fetch GET 200 https://registry.npmjs.org/object.fromentries/-/object.fromentries-2.0.8.tgz 1735ms (cache miss)
3497 http fetch GET 200 https://registry.npmjs.org/array.prototype.flatmap/-/array.prototype.flatmap-1.3.3.tgz 1736ms (cache miss)
3498 http fetch GET 200 https://registry.npmjs.org/array.prototype.findlastindex/-/array.prototype.findlastindex-1.2.6.tgz 1736ms (cache miss)
3499 http fetch GET 200 https://registry.npmjs.org/doctrine/-/doctrine-2.1.0.tgz 1737ms (cache miss)
3500 http fetch GET 200 https://registry.npmjs.org/eslint-module-utils/-/eslint-module-utils-2.12.1.tgz 1750ms (cache miss)
3501 http fetch GET 200 https://registry.npmjs.org/stable-hash/-/stable-hash-0.0.5.tgz 1750ms (cache miss)
3502 http fetch GET 200 https://registry.npmjs.org/get-tsconfig/-/get-tsconfig-4.14.0.tgz 1751ms (cache miss)
3503 http fetch GET 200 https://registry.npmjs.org/array-includes/-/array-includes-3.1.9.tgz 1752ms (cache miss)
3504 http fetch GET 200 https://registry.npmjs.org/tinyglobby/-/tinyglobby-0.2.16.tgz 1760ms (cache miss)
3505 http fetch GET 200 https://registry.npmjs.org/unrs-resolver/-/unrs-resolver-1.12.2.tgz 1760ms (cache miss)
3506 http fetch GET 200 https://registry.npmjs.org/is-bun-module/-/is-bun-module-2.0.0.tgz 1771ms (cache miss)
3507 http fetch GET 200 https://registry.npmjs.org/@rtsao/scc/-/scc-1.1.0.tgz 1790ms (cache miss)
3508 http fetch GET 200 https://registry.npmjs.org/is-core-module/-/is-core-module-2.16.2.tgz 1807ms (cache miss)
3509 http fetch GET 200 https://registry.npmjs.org/typescript-eslint/-/typescript-eslint-8.60.0.tgz 1807ms (cache miss)
3510 http fetch GET 200 https://registry.npmjs.org/eslint-import-resolver-node/-/eslint-import-resolver-node-0.3.10.tgz 1808ms (cache miss)
3511 http fetch GET 200 https://registry.npmjs.org/which/-/which-2.0.2.tgz 1828ms (cache miss)
3512 http fetch GET 200 https://registry.npmjs.org/@nolyfill/is-core-module/-/is-core-module-1.0.39.tgz 1828ms (cache miss)
3513 http fetch GET 200 https://registry.npmjs.org/fast-glob/-/fast-glob-3.3.1.tgz 1829ms (cache miss)
3514 http fetch GET 200 https://registry.npmjs.org/shebang-command/-/shebang-command-2.0.0.tgz 1849ms (cache miss)
3515 http fetch GET 200 https://registry.npmjs.org/color-name/-/color-name-1.1.4.tgz 1848ms (cache miss)
3516 http fetch GET 200 https://registry.npmjs.org/color-convert/-/color-convert-2.0.1.tgz 1849ms (cache miss)
3517 http fetch GET 200 https://registry.npmjs.org/eslint-import-resolver-typescript/-/eslint-import-resolver-typescript-3.10.1.tgz 1874ms (cache miss)
3518 http fetch GET 200 https://registry.npmjs.org/ms/-/ms-2.1.3.tgz 1879ms (cache miss)
3519 http fetch GET 200 https://registry.npmjs.org/path-key/-/path-key-3.1.1.tgz 1879ms (cache miss)
3520 http fetch GET 200 https://registry.npmjs.org/fast-json-stable-stringify/-/fast-json-stable-stringify-2.1.0.tgz 1883ms (cache miss)
3521 http fetch GET 200 https://registry.npmjs.org/ansi-styles/-/ansi-styles-4.3.0.tgz 1884ms (cache miss)
3522 http fetch GET 200 https://registry.npmjs.org/json-schema-traverse/-/json-schema-traverse-0.4.1.tgz 1885ms (cache miss)
3523 http fetch GET 200 https://registry.npmjs.org/levn/-/levn-0.4.1.tgz 1885ms (cache miss)
3524 http fetch GET 200 https://registry.npmjs.org/supports-color/-/supports-color-7.2.0.tgz 1892ms (cache miss)
3525 http fetch GET 200 https://registry.npmjs.org/strip-json-comments/-/strip-json-comments-3.1.1.tgz 1901ms (cache miss)
3526 http fetch GET 200 https://registry.npmjs.org/@next/eslint-plugin-next/-/eslint-plugin-next-16.2.6.tgz 1906ms (cache miss)
3527 http fetch GET 200 https://registry.npmjs.org/globals/-/globals-14.0.0.tgz 1908ms (cache miss)
3528 http fetch GET 200 https://registry.npmjs.org/import-fresh/-/import-fresh-3.3.1.tgz 1918ms (cache miss)
3529 http fetch GET 200 https://registry.npmjs.org/@humanfs/types/-/types-0.15.0.tgz 1934ms (cache miss)
3530 http fetch GET 200 https://registry.npmjs.org/uri-js/-/uri-js-4.4.1.tgz 1934ms (cache miss)
3531 http fetch GET 200 https://registry.npmjs.org/optionator/-/optionator-0.9.4.tgz 1936ms (cache miss)
3532 http fetch GET 200 https://registry.npmjs.org/is-glob/-/is-glob-4.0.3.tgz 1939ms (cache miss)
3533 http fetch GET 200 https://registry.npmjs.org/@types/json-schema/-/json-schema-7.0.15.tgz 1939ms (cache miss)
3534 http fetch GET 200 https://registry.npmjs.org/minimatch/-/minimatch-3.1.5.tgz 1940ms (cache miss)
3535 http fetch GET 200 https://registry.npmjs.org/natural-compare/-/natural-compare-1.4.0.tgz 1941ms (cache miss)
3536 http fetch GET 200 https://registry.npmjs.org/@humanfs/core/-/core-0.19.2.tgz 1942ms (cache miss)
3537 http fetch GET 200 https://registry.npmjs.org/json-stable-stringify-without-jsonify/-/json-stable-stringify-without-jsonify-1.0.1.tgz 1944ms (cache miss)
3538 http fetch GET 200 https://registry.npmjs.org/resolve/-/resolve-2.0.0-next.7.tgz 1947ms (cache miss)
3539 http fetch GET 200 https://registry.npmjs.org/@eslint/object-schema/-/object-schema-2.1.7.tgz 1960ms (cache miss)
3540 http fetch GET 200 https://registry.npmjs.org/lodash.merge/-/lodash.merge-4.6.2.tgz 1962ms (cache miss)
3541 http fetch GET 200 https://registry.npmjs.org/fast-deep-equal/-/fast-deep-equal-3.1.3.tgz 1961ms (cache miss)
3542 http fetch GET 200 https://registry.npmjs.org/imurmurhash/-/imurmurhash-0.1.4.tgz 1967ms (cache miss)
3543 http fetch GET 200 https://registry.npmjs.org/ignore/-/ignore-5.3.2.tgz 1968ms (cache miss)
3544 http fetch GET 200 https://registry.npmjs.org/eslint-plugin-react-hooks/-/eslint-plugin-react-hooks-7.1.1.tgz 1973ms (cache miss)
3545 http fetch GET 200 https://registry.npmjs.org/js-yaml/-/js-yaml-4.1.1.tgz 1972ms (cache miss)
3546 http fetch GET 200 https://registry.npmjs.org/eslint-plugin-import/-/eslint-plugin-import-2.32.0.tgz 1979ms (cache miss)
3547 http fetch GET 200 https://registry.npmjs.org/glob-parent/-/glob-parent-6.0.2.tgz 1980ms (cache miss)
3548 http fetch GET 200 https://registry.npmjs.org/find-up/-/find-up-5.0.0.tgz 1981ms (cache miss)
3549 http fetch GET 200 https://registry.npmjs.org/espree/-/espree-10.4.0.tgz 1983ms (cache miss)
3550 http fetch GET 200 https://registry.npmjs.org/file-entry-cache/-/file-entry-cache-8.0.0.tgz 1991ms (cache miss)
3551 http fetch GET 200 https://registry.npmjs.org/escape-string-regexp/-/escape-string-regexp-4.0.0.tgz 1994ms (cache miss)
3552 http fetch GET 200 https://registry.npmjs.org/eslint-visitor-keys/-/eslint-visitor-keys-4.2.1.tgz 1996ms (cache miss)
3553 http fetch GET 200 https://registry.npmjs.org/esutils/-/esutils-2.0.3.tgz 2001ms (cache miss)
3554 http fetch GET 200 https://registry.npmjs.org/eslint-scope/-/eslint-scope-8.4.0.tgz 2002ms (cache miss)
3555 http fetch GET 200 https://registry.npmjs.org/chalk/-/chalk-4.1.2.tgz 2009ms (cache miss)
3556 http fetch GET 200 https://registry.npmjs.org/eslint-plugin-jsx-a11y/-/eslint-plugin-jsx-a11y-6.10.2.tgz 2017ms (cache miss)
3557 http fetch GET 200 https://registry.npmjs.org/cross-spawn/-/cross-spawn-7.0.6.tgz 2016ms (cache miss)
3558 http fetch GET 200 https://registry.npmjs.org/esquery/-/esquery-1.7.0.tgz 2020ms (cache miss)
3559 http fetch GET 200 https://registry.npmjs.org/debug/-/debug-4.4.3.tgz 2027ms (cache miss)
3560 http fetch GET 200 https://registry.npmjs.org/@humanfs/node/-/node-0.16.8.tgz 2047ms (cache miss)
3561 http fetch GET 200 https://registry.npmjs.org/@eslint/plugin-kit/-/plugin-kit-0.4.1.tgz 2051ms (cache miss)
3562 http fetch GET 200 https://registry.npmjs.org/eslint-plugin-react/-/eslint-plugin-react-7.37.5.tgz 2059ms (cache miss)
3563 http fetch GET 200 https://registry.npmjs.org/@humanwhocodes/retry/-/retry-0.4.3.tgz 2053ms (cache miss)
3564 http fetch GET 200 https://registry.npmjs.org/@types/estree/-/estree-1.0.9.tgz 2055ms (cache miss)
3565 http fetch GET 200 https://registry.npmjs.org/@humanwhocodes/module-importer/-/module-importer-1.0.1.tgz 2063ms (cache miss)
3566 http fetch GET 200 https://registry.npmjs.org/@eslint/core/-/core-0.17.0.tgz 2071ms (cache miss)
3567 http fetch GET 200 https://registry.npmjs.org/@eslint/js/-/js-9.39.4.tgz 2073ms (cache miss)
3568 http fetch GET 200 https://registry.npmjs.org/graceful-fs/-/graceful-fs-4.2.11.tgz 2073ms (cache miss)
3569 http fetch GET 200 https://registry.npmjs.org/@eslint/config-helpers/-/config-helpers-0.4.2.tgz 2075ms (cache miss)
3570 http fetch GET 200 https://registry.npmjs.org/ajv/-/ajv-6.15.0.tgz 2079ms (cache miss)
3571 http fetch GET 200 https://registry.npmjs.org/@eslint-community/regexpp/-/regexpp-4.12.2.tgz 2081ms (cache miss)
3572 http fetch GET 200 https://registry.npmjs.org/@eslint/eslintrc/-/eslintrc-3.3.5.tgz 2084ms (cache miss)
3573 http fetch GET 200 https://registry.npmjs.org/tapable/-/tapable-2.3.3.tgz 2110ms (cache miss)
3574 http fetch GET 200 https://registry.npmjs.org/@eslint/config-array/-/config-array-0.21.2.tgz 2111ms (cache miss)
3575 http fetch GET 200 https://registry.npmjs.org/@eslint-community/eslint-utils/-/eslint-utils-4.9.1.tgz 2119ms (cache miss)
3576 http fetch GET 200 https://registry.npmjs.org/undici-types/-/undici-types-6.21.0.tgz 2131ms (cache miss)
3577 http fetch GET 200 https://registry.npmjs.org/source-map-js/-/source-map-js-1.2.1.tgz 2142ms (cache miss)
3578 http fetch GET 200 https://registry.npmjs.org/magic-string/-/magic-string-0.30.21.tgz 2147ms (cache miss)
3579 http fetch GET 200 https://registry.npmjs.org/@jridgewell/resolve-uri/-/resolve-uri-3.1.2.tgz 2148ms (cache miss)
3580 http fetch GET 200 https://registry.npmjs.org/@jridgewell/remapping/-/remapping-2.3.5.tgz 2151ms (cache miss)
3581 http fetch GET 200 https://registry.npmjs.org/csstype/-/csstype-3.2.3.tgz 2154ms (cache miss)
3582 http fetch GET 200 https://registry.npmjs.org/lightningcss/-/lightningcss-1.32.0.tgz 2154ms (cache miss)
3583 http fetch GET 200 https://registry.npmjs.org/@jridgewell/sourcemap-codec/-/sourcemap-codec-1.5.5.tgz 2159ms (cache miss)
3584 http fetch GET 200 https://registry.npmjs.org/@jridgewell/trace-mapping/-/trace-mapping-0.3.31.tgz 2161ms (cache miss)
3585 http fetch GET 200 https://registry.npmjs.org/@jridgewell/gen-mapping/-/gen-mapping-0.3.13.tgz 2163ms (cache miss)
3586 http fetch GET 200 https://registry.npmjs.org/@alloc/quick-lru/-/quick-lru-5.2.0.tgz 2171ms (cache miss)
3587 http fetch GET 200 https://registry.npmjs.org/enhanced-resolve/-/enhanced-resolve-5.22.0.tgz 2173ms (cache miss)
3588 http fetch GET 200 https://registry.npmjs.org/postcss/-/postcss-8.5.15.tgz 2192ms (cache miss)
3589 http fetch GET 200 https://registry.npmjs.org/@tailwindcss/oxide/-/oxide-4.3.0.tgz 2197ms (cache miss)
3590 http fetch GET 200 https://registry.npmjs.org/@tailwindcss/node/-/node-4.3.0.tgz 2198ms (cache miss)
3591 http fetch GET 200 https://registry.npmjs.org/@tailwindcss/oxide-darwin-arm64/-/oxide-darwin-arm64-4.3.0.tgz 2226ms (cache miss)
3592 http fetch GET 200 https://registry.npmjs.org/brace-expansion/-/brace-expansion-5.0.6.tgz 2236ms (cache miss)
3593 http fetch GET 200 https://registry.npmjs.org/@types/react/-/react-19.2.15.tgz 2270ms (cache miss)
3594 http fetch GET 200 https://registry.npmjs.org/eslint-config-next/-/eslint-config-next-16.2.6.tgz 2289ms (cache miss)
3595 http fetch GET 200 https://registry.npmjs.org/tailwindcss/-/tailwindcss-4.3.0.tgz 2313ms (cache miss)
3596 http fetch GET 200 https://registry.npmjs.org/@types/react-dom/-/react-dom-19.2.3.tgz 2332ms (cache miss)
3597 http fetch GET 200 https://registry.npmjs.org/eslint-visitor-keys/-/eslint-visitor-keys-5.0.1.tgz 2336ms (cache miss)
3598 http fetch GET 200 https://registry.npmjs.org/@next/swc-darwin-arm64/-/swc-darwin-arm64-16.2.6.tgz 2371ms (cache miss)
3599 http fetch GET 200 https://registry.npmjs.org/react/-/react-19.2.4.tgz 2345ms (cache miss)
3600 http fetch GET 200 https://registry.npmjs.org/balanced-match/-/balanced-match-4.0.4.tgz 2397ms (cache miss)
3601 http fetch GET 200 https://registry.npmjs.org/debug/-/debug-3.2.7.tgz 2400ms (cache miss)
3602 http fetch GET 200 https://registry.npmjs.org/minimatch/-/minimatch-10.2.5.tgz 2406ms (cache miss)
3603 http fetch GET 200 https://registry.npmjs.org/json5/-/json5-1.0.2.tgz 2408ms (cache miss)
3604 http fetch GET 200 https://registry.npmjs.org/semver/-/semver-7.8.1.tgz 2429ms (cache miss)
3605 http fetch GET 200 https://registry.npmjs.org/react-dom/-/react-dom-19.2.4.tgz 2461ms (cache miss)
3606 http fetch GET 200 https://registry.npmjs.org/ignore/-/ignore-7.0.5.tgz 2464ms (cache miss)
3607 http fetch GET 200 https://registry.npmjs.org/debug/-/debug-3.2.7.tgz 2468ms (cache miss)
3608 http fetch GET 200 https://registry.npmjs.org/glob-parent/-/glob-parent-5.1.2.tgz 2468ms (cache miss)
3609 http fetch GET 200 https://registry.npmjs.org/globals/-/globals-16.4.0.tgz 2511ms (cache miss)
3610 http fetch GET 200 https://registry.npmjs.org/semver/-/semver-7.8.1.tgz 2521ms (cache miss)
3611 http fetch GET 200 https://registry.npmjs.org/eslint-visitor-keys/-/eslint-visitor-keys-3.4.3.tgz 2523ms (cache miss)
3612 http fetch GET 200 https://registry.npmjs.org/debug/-/debug-3.2.7.tgz 2523ms (cache miss)
3613 http fetch GET 200 https://registry.npmjs.org/picomatch/-/picomatch-4.0.4.tgz 2525ms (cache miss)
3614 http fetch GET 200 https://registry.npmjs.org/postcss 2378ms (cache miss)
3615 silly packumentCache corgi:https://registry.npmjs.org/postcss set size:undefined disposed:false
3616 http fetch GET 200 https://registry.npmjs.org/semver/-/semver-7.8.1.tgz 2551ms (cache miss)
3617 silly packumentCache corgi:https://registry.npmjs.org/next cache-miss
3618 http fetch GET 200 https://registry.npmjs.org/jiti/-/jiti-2.7.0.tgz 2556ms (cache miss)
3619 http fetch GET 200 https://registry.npmjs.org/@types/node/-/node-20.19.41.tgz 2555ms (cache miss)
3620 http fetch GET 200 https://registry.npmjs.org/postcss/-/postcss-8.4.31.tgz 2559ms (cache miss)
3621 http fetch GET 200 https://registry.npmjs.org/es-abstract/-/es-abstract-1.24.2.tgz 2585ms (cache miss)
3622 http fetch GET 200 https://registry.npmjs.org/eslint/-/eslint-9.39.4.tgz 2600ms (cache miss)
3623 http fetch GET 200 https://registry.npmjs.org/@tailwindcss/postcss/-/postcss-4.3.0.tgz 2666ms (cache miss)
3624 http fetch GET 200 https://registry.npmjs.org/typescript/-/typescript-5.9.3.tgz 2696ms (cache miss)
3625 http fetch GET 200 https://registry.npmjs.org/next 486ms (cache miss)
3626 silly packumentCache corgi:https://registry.npmjs.org/next set size:undefined disposed:false
3627 http fetch GET 200 https://registry.npmjs.org/next/-/next-16.2.6.tgz 5086ms (cache miss)
3628 info run sharp@0.34.5 install node_modules/sharp node install/check.js || npm run build
3629 info run sharp@0.34.5 install { code: 0, signal: null }
3630 info run unrs-resolver@1.12.2 postinstall node_modules/unrs-resolver node postinstall.js
3631 info run unrs-resolver@1.12.2 postinstall { code: 0, signal: null }
3632 silly ADD node_modules/is-weakset
3633 silly ADD node_modules/is-weakmap
3634 silly ADD node_modules/is-map
3635 silly ADD node_modules/generator-function
3636 silly ADD node_modules/async-function
3637 silly ADD node_modules/which-collection
3638 silly ADD node_modules/is-generator-function
3639 silly ADD node_modules/is-finalizationregistry
3640 silly ADD node_modules/is-async-function
3641 silly ADD node_modules/is-number-object
3642 silly ADD node_modules/is-boolean-object
3643 silly ADD node_modules/is-bigint
3644 silly ADD node_modules/isexe
3645 silly ADD node_modules/punycode
3646 silly ADD node_modules/escalade
3647 silly ADD node_modules/@tybys/wasm-util
3648 silly ADD node_modules/@emnapi/wasi-threads
3649 silly ADD node_modules/@napi-rs/wasm-runtime
3650 silly ADD node_modules/@emnapi/core
3651 silly ADD node_modules/napi-postinstall
3652 silly ADD
3653 silly ADD
3654 silly ADD
3655 silly ADD
3656 silly ADD
3657 silly ADD
3658 silly ADD
3659 silly ADD
3660 silly ADD
3661 silly ADD
3662 silly ADD
3663 silly ADD
3664 silly ADD
3665 silly ADD
3666 silly ADD
3667 silly ADD
3668 silly ADD
3669 silly ADD
3670 silly ADD
3671 silly ADD node_modules/@unrs/resolver-binding-darwin-arm64
3672 silly ADD
3673 silly ADD
3674 silly ADD node_modules/which-boxed-primitive
3675 silly ADD node_modules/has-bigints
3676 silly ADD node_modules/@typescript-eslint/tsconfig-utils
3677 silly ADD node_modules/@typescript-eslint/project-service
3678 silly ADD node_modules/@typescript-eslint/types
3679 silly ADD node_modules/ts-api-utils
3680 silly ADD node_modules/@typescript-eslint/visitor-keys
3681 silly ADD node_modules/@typescript-eslint/visitor-keys/node_modules/eslint-visitor-keys
3682 silly ADD node_modules/@typescript-eslint/type-utils
3683 silly ADD node_modules/@typescript-eslint/scope-manager
3684 silly ADD node_modules/@typescript-eslint/utils
3685 silly ADD node_modules/@typescript-eslint/typescript-estree
3686 silly ADD node_modules/@typescript-eslint/typescript-estree/node_modules/balanced-match
3687 silly ADD node_modules/@typescript-eslint/typescript-estree/node_modules/brace-expansion
3688 silly ADD node_modules/@typescript-eslint/typescript-estree/node_modules/semver
3689 silly ADD node_modules/@typescript-eslint/typescript-estree/node_modules/minimatch
3690 silly ADD node_modules/@typescript-eslint/parser
3691 silly ADD node_modules/@typescript-eslint/eslint-plugin
3692 silly ADD node_modules/@typescript-eslint/eslint-plugin/node_modules/ignore
3693 silly ADD node_modules/which-builtin-type
3694 silly ADD node_modules/reflect.getprototypeof
3695 silly ADD node_modules/for-each
3696 silly ADD node_modules/strip-bom
3697 silly ADD node_modules/minimist
3698 silly ADD node_modules/@types/json5
3699 silly ADD node_modules/is-number
3700 silly ADD node_modules/fdir
3701 silly ADD node_modules/has-flag
3702 silly ADD node_modules/client-only
3703 silly ADD node_modules/side-channel-weakmap
3704 silly ADD node_modules/side-channel-map
3705 silly ADD node_modules/side-channel-list
3706 silly ADD node_modules/shebang-regex
3707 silly ADD node_modules/@emnapi/runtime
3708 silly ADD
3709 silly ADD
3710 silly ADD
3711 silly ADD
3712 silly ADD
3713 silly ADD
3714 silly ADD
3715 silly ADD
3716 silly ADD
3717 silly ADD
3718 silly ADD
3719 silly ADD
3720 silly ADD
3721 silly ADD
3722 silly ADD
3723 silly ADD
3724 silly ADD
3725 silly ADD
3726 silly ADD
3727 silly ADD
3728 silly ADD
3729 silly ADD node_modules/@img/sharp-libvips-darwin-arm64
3730 silly ADD
3731 silly ADD node_modules/@img/sharp-darwin-arm64
3732 silly ADD node_modules/@img/colour
3733 silly ADD node_modules/isarray
3734 silly ADD node_modules/queue-microtask
3735 silly ADD node_modules/supports-preserve-symlinks-flag
3736 silly ADD node_modules/path-parse
3737 silly ADD node_modules/node-exports-info
3738 silly ADD node_modules/scheduler
3739 silly ADD node_modules/react-is
3740 silly ADD node_modules/object-assign
3741 silly ADD node_modules/loose-envify
3742 silly ADD node_modules/nanoid
3743 silly ADD node_modules/callsites
3744 silly ADD node_modules/yocto-queue
3745 silly ADD node_modules/p-limit
3746 silly ADD node_modules/word-wrap
3747 silly ADD node_modules/fast-levenshtein
3748 silly ADD node_modules/deep-is
3749 silly ADD node_modules/tslib
3750 silly ADD node_modules/styled-jsx
3751 silly ADD node_modules/sharp
3752 silly ADD node_modules/sharp/node_modules/semver
3753 silly ADD node_modules/@swc/helpers
3754 silly ADD
3755 silly ADD
3756 silly ADD
3757 silly ADD
3758 silly ADD
3759 silly ADD
3760 silly ADD
3761 silly ADD node_modules/@next/swc-darwin-arm64
3762 silly ADD node_modules/@next/env
3763 silly ADD node_modules/concat-map
3764 silly ADD node_modules/balanced-match
3765 silly ADD node_modules/brace-expansion
3766 silly ADD node_modules/to-regex-range
3767 silly ADD node_modules/fill-range
3768 silly ADD node_modules/picomatch
3769 silly ADD node_modules/braces
3770 silly ADD node_modules/yallist
3771 silly ADD node_modules/p-locate
3772 silly ADD
3773 silly ADD
3774 silly ADD
3775 silly ADD
3776 silly ADD
3777 silly ADD
3778 silly ADD
3779 silly ADD
3780 silly ADD
3781 silly ADD node_modules/lightningcss-darwin-arm64
3782 silly ADD
3783 silly ADD node_modules/detect-libc
3784 silly ADD node_modules/type-check
3785 silly ADD node_modules/prelude-ls
3786 silly ADD node_modules/language-subtag-registry
3787 silly ADD node_modules/json-buffer
3788 silly ADD node_modules/argparse
3789 silly ADD node_modules/set-function-name
3790 silly ADD node_modules/is-extglob
3791 silly ADD node_modules/side-channel
3792 silly ADD node_modules/resolve-from
3793 silly ADD node_modules/parent-module
3794 silly ADD node_modules/hermes-estree
3795 silly ADD node_modules/resolve-pkg-maps
3796 silly ADD node_modules/dunder-proto
3797 silly ADD node_modules/functions-have-names
3798 silly ADD node_modules/keyv
3799 silly ADD node_modules/flatted
3800 silly ADD node_modules/path-exists
3801 silly ADD node_modules/locate-path
3802 silly ADD node_modules/flat-cache
3803 silly ADD node_modules/reusify
3804 silly ADD node_modules/run-parallel
3805 silly ADD node_modules/fastq
3806 silly ADD node_modules/@nodelib/fs.scandir
3807 silly ADD node_modules/micromatch
3808 silly ADD node_modules/merge2
3809 silly ADD node_modules/@nodelib/fs.walk
3810 silly ADD node_modules/@nodelib/fs.stat
3811 silly ADD node_modules/acorn-jsx
3812 silly ADD node_modules/acorn
3813 silly ADD node_modules/esrecurse
3814 silly ADD node_modules/update-browserslist-db
3815 silly ADD node_modules/node-releases
3816 silly ADD node_modules/electron-to-chromium
3817 silly ADD node_modules/caniuse-lite
3818 silly ADD node_modules/baseline-browser-mapping
3819 silly ADD node_modules/@babel/helper-string-parser
3820 silly ADD node_modules/@babel/helper-globals
3821 silly ADD node_modules/@babel/helper-module-imports
3822 silly ADD node_modules/lru-cache
3823 silly ADD node_modules/browserslist
3824 silly ADD node_modules/@babel/helper-validator-option
3825 silly ADD node_modules/@babel/compat-data
3826 silly ADD node_modules/jsesc
3827 silly ADD node_modules/picocolors
3828 silly ADD node_modules/js-tokens
3829 silly ADD node_modules/@babel/helper-validator-identifier
3830 silly ADD node_modules/json5
3831 silly ADD node_modules/gensync
3832 silly ADD node_modules/convert-source-map
3833 silly ADD node_modules/@babel/types
3834 silly ADD node_modules/@babel/traverse
3835 silly ADD node_modules/@babel/template
3836 silly ADD node_modules/@babel/helpers
3837 silly ADD node_modules/@babel/helper-module-transforms
3838 silly ADD node_modules/@babel/helper-compilation-targets
3839 silly ADD node_modules/@babel/generator
3840 silly ADD node_modules/@babel/code-frame
3841 silly ADD node_modules/zod-validation-error
3842 silly ADD node_modules/zod
3843 silly ADD node_modules/hermes-parser
3844 silly ADD node_modules/@babel/parser
3845 silly ADD node_modules/@babel/core
3846 silly ADD node_modules/iterator.prototype
3847 silly ADD node_modules/string.prototype.repeat
3848 silly ADD node_modules/string.prototype.matchall
3849 silly ADD node_modules/prop-types
3850 silly ADD node_modules/object.entries
3851 silly ADD node_modules/estraverse
3852 silly ADD node_modules/es-iterator-helpers
3853 silly ADD node_modules/array.prototype.tosorted
3854 silly ADD node_modules/array.prototype.findlast
3855 silly ADD node_modules/string.prototype.includes
3856 silly ADD node_modules/language-tags
3857 silly ADD node_modules/jsx-ast-utils
3858 silly ADD node_modules/emoji-regex
3859 silly ADD node_modules/damerau-levenshtein
3860 silly ADD node_modules/axobject-query
3861 silly ADD node_modules/axe-core
3862 silly ADD node_modules/ast-types-flow
3863 silly ADD node_modules/aria-query
3864 silly ADD node_modules/is-symbol
3865 silly ADD node_modules/is-date-object
3866 silly ADD node_modules/has-tostringtag
3867 silly ADD node_modules/possible-typed-array-names
3868 silly ADD node_modules/which-typed-array
3869 silly ADD node_modules/unbox-primitive
3870 silly ADD node_modules/typed-array-length
3871 silly ADD node_modules/typed-array-byte-offset
3872 silly ADD node_modules/typed-array-byte-length
3873 silly ADD node_modules/typed-array-buffer
3874 silly ADD node_modules/string.prototype.trimstart
3875 silly ADD node_modules/string.prototype.trim
3876 silly ADD node_modules/stop-iteration-iterator
3877 silly ADD node_modules/set-proto
3878 silly ADD node_modules/safe-regex-test
3879 silly ADD node_modules/safe-push-apply
3880 silly ADD node_modules/safe-array-concat
3881 silly ADD node_modules/regexp.prototype.flags
3882 silly ADD node_modules/own-keys
3883 silly ADD node_modules/object.assign
3884 silly ADD node_modules/object-inspect
3885 silly ADD node_modules/is-weakref
3886 silly ADD node_modules/is-typed-array
3887 silly ADD node_modules/is-shared-array-buffer
3888 silly ADD node_modules/is-set
3889 silly ADD node_modules/is-regex
3890 silly ADD node_modules/is-negative-zero
3891 silly ADD node_modules/is-data-view
3892 silly ADD node_modules/is-callable
3893 silly ADD node_modules/is-array-buffer
3894 silly ADD node_modules/internal-slot
3895 silly ADD node_modules/has-symbols
3896 silly ADD node_modules/has-proto
3897 silly ADD node_modules/globalthis
3898 silly ADD node_modules/get-symbol-description
3899 silly ADD node_modules/get-proto
3900 silly ADD node_modules/function.prototype.name
3901 silly ADD node_modules/es-to-primitive
3902 silly ADD node_modules/es-set-tostringtag
3903 silly ADD node_modules/data-view-byte-offset
3904 silly ADD node_modules/data-view-byte-length
3905 silly ADD node_modules/data-view-buffer
3906 silly ADD node_modules/available-typed-arrays
3907 silly ADD node_modules/arraybuffer.prototype.slice
3908 silly ADD node_modules/array-buffer-byte-length
3909 silly ADD node_modules/gopd
3910 silly ADD node_modules/object-keys
3911 silly ADD node_modules/has-property-descriptors
3912 silly ADD node_modules/define-data-property
3913 silly ADD node_modules/function-bind
3914 silly ADD node_modules/set-function-length
3915 silly ADD node_modules/es-define-property
3916 silly ADD node_modules/call-bind-apply-helpers
3917 silly ADD node_modules/es-shim-unscopables
3918 silly ADD node_modules/es-errors
3919 silly ADD node_modules/math-intrinsics
3920 silly ADD node_modules/is-string
3921 silly ADD node_modules/get-intrinsic
3922 silly ADD node_modules/es-object-atoms
3923 silly ADD node_modules/es-abstract
3924 silly ADD node_modules/define-properties
3925 silly ADD node_modules/call-bound
3926 silly ADD node_modules/call-bind
3927 silly ADD node_modules/tsconfig-paths
3928 silly ADD node_modules/tsconfig-paths/node_modules/json5
3929 silly ADD node_modules/string.prototype.trimend
3930 silly ADD node_modules/semver
3931 silly ADD node_modules/object.values
3932 silly ADD node_modules/object.groupby
3933 silly ADD node_modules/object.fromentries
3934 silly ADD node_modules/hasown
3935 silly ADD node_modules/eslint-module-utils
3936 silly ADD node_modules/eslint-module-utils/node_modules/debug
3937 silly ADD node_modules/doctrine
3938 silly ADD node_modules/array.prototype.flatmap
3939 silly ADD node_modules/array.prototype.flat
3940 silly ADD node_modules/array.prototype.findlastindex
3941 silly ADD node_modules/array-includes
3942 silly ADD node_modules/@rtsao/scc
3943 silly ADD node_modules/unrs-resolver
3944 silly ADD node_modules/tinyglobby
3945 silly ADD node_modules/tinyglobby/node_modules/picomatch
3946 silly ADD node_modules/stable-hash
3947 silly ADD node_modules/is-bun-module
3948 silly ADD node_modules/is-bun-module/node_modules/semver
3949 silly ADD node_modules/get-tsconfig
3950 silly ADD node_modules/@nolyfill/is-core-module
3951 silly ADD node_modules/resolve
3952 silly ADD node_modules/is-core-module
3953 silly ADD node_modules/fast-glob
3954 silly ADD node_modules/fast-glob/node_modules/glob-parent
3955 silly ADD node_modules/typescript-eslint
3956 silly ADD node_modules/eslint-plugin-react-hooks
3957 silly ADD node_modules/eslint-plugin-react
3958 silly ADD node_modules/eslint-plugin-jsx-a11y
3959 silly ADD node_modules/eslint-plugin-import
3960 silly ADD node_modules/eslint-plugin-import/node_modules/debug
3961 silly ADD node_modules/eslint-import-resolver-typescript
3962 silly ADD node_modules/eslint-import-resolver-node
3963 silly ADD node_modules/eslint-import-resolver-node/node_modules/debug
3964 silly ADD node_modules/@next/eslint-plugin-next
3965 silly ADD node_modules/ms
3966 silly ADD node_modules/which
3967 silly ADD node_modules/shebang-command
3968 silly ADD node_modules/path-key
3969 silly ADD node_modules/color-name
3970 silly ADD node_modules/color-convert
3971 silly ADD node_modules/supports-color
3972 silly ADD node_modules/ansi-styles
3973 silly ADD node_modules/uri-js
3974 silly ADD node_modules/json-schema-traverse
3975 silly ADD node_modules/fast-json-stable-stringify
3976 silly ADD node_modules/@humanfs/types
3977 silly ADD node_modules/@humanfs/core
3978 silly ADD node_modules/levn
3979 silly ADD node_modules/strip-json-comments
3980 silly ADD node_modules/js-yaml
3981 silly ADD node_modules/import-fresh
3982 silly ADD node_modules/globals
3983 silly ADD node_modules/@types/json-schema
3984 silly ADD node_modules/@eslint/object-schema
3985 silly ADD node_modules/optionator
3986 silly ADD node_modules/natural-compare
3987 silly ADD node_modules/minimatch
3988 silly ADD node_modules/lodash.merge
3989 silly ADD node_modules/json-stable-stringify-without-jsonify
3990 silly ADD node_modules/is-glob
3991 silly ADD node_modules/imurmurhash
3992 silly ADD node_modules/ignore
3993 silly ADD node_modules/glob-parent
3994 silly ADD node_modules/find-up
3995 silly ADD node_modules/file-entry-cache
3996 silly ADD node_modules/fast-deep-equal
3997 silly ADD node_modules/esutils
3998 silly ADD node_modules/esquery
3999 silly ADD node_modules/espree
4000 silly ADD node_modules/eslint-visitor-keys
4001 silly ADD node_modules/eslint-scope
4002 silly ADD node_modules/escape-string-regexp
4003 silly ADD node_modules/debug
4004 silly ADD node_modules/cross-spawn
4005 silly ADD node_modules/chalk
4006 silly ADD node_modules/ajv
4007 silly ADD node_modules/@types/estree
4008 silly ADD node_modules/@humanwhocodes/retry
4009 silly ADD node_modules/@humanwhocodes/module-importer
4010 silly ADD node_modules/@humanfs/node
4011 silly ADD node_modules/@eslint/plugin-kit
4012 silly ADD node_modules/@eslint/js
4013 silly ADD node_modules/@eslint/eslintrc
4014 silly ADD node_modules/@eslint/core
4015 silly ADD node_modules/@eslint/config-helpers
4016 silly ADD node_modules/@eslint/config-array
4017 silly ADD node_modules/@eslint-community/regexpp
4018 silly ADD node_modules/@eslint-community/eslint-utils
4019 silly ADD node_modules/@eslint-community/eslint-utils/node_modules/eslint-visitor-keys
4020 silly ADD node_modules/tapable
4021 silly ADD node_modules/graceful-fs
4022 silly ADD node_modules/csstype
4023 silly ADD node_modules/undici-types
4024 silly ADD
4025 silly ADD
4026 silly ADD
4027 silly ADD
4028 silly ADD
4029 silly ADD
4030 silly ADD
4031 silly ADD
4032 silly ADD
4033 silly ADD
4034 silly ADD node_modules/@tailwindcss/oxide-darwin-arm64
4035 silly ADD
4036 silly ADD node_modules/@jridgewell/resolve-uri
4037 silly ADD node_modules/@jridgewell/sourcemap-codec
4038 silly ADD node_modules/@jridgewell/trace-mapping
4039 silly ADD node_modules/@jridgewell/gen-mapping
4040 silly ADD node_modules/source-map-js
4041 silly ADD node_modules/magic-string
4042 silly ADD node_modules/lightningcss
4043 silly ADD node_modules/jiti
4044 silly ADD node_modules/enhanced-resolve
4045 silly ADD node_modules/@jridgewell/remapping
4046 silly ADD node_modules/postcss
4047 silly ADD node_modules/@tailwindcss/oxide
4048 silly ADD node_modules/@tailwindcss/node
4049 silly ADD node_modules/@alloc/quick-lru
4050 silly ADD node_modules/typescript
4051 silly ADD node_modules/tailwindcss
4052 silly ADD node_modules/react-dom
4053 silly ADD node_modules/react
4054 silly ADD node_modules/next
4055 silly ADD node_modules/next/node_modules/postcss
4056 silly ADD node_modules/eslint-config-next
4057 silly ADD node_modules/eslint-config-next/node_modules/globals
4058 silly ADD node_modules/eslint
4059 silly ADD node_modules/@types/react-dom
4060 silly ADD node_modules/@types/react
4061 silly ADD node_modules/@types/node
4062 silly ADD node_modules/@tailwindcss/postcss
4063 verbose cwd /Users/mac/Documents/work/saas
4064 verbose os Darwin 24.1.0
4065 verbose node v22.22.1
4066 verbose npm  v10.9.4
4067 notice
4067 notice New major version of npm available! 10.9.4 -> 11.15.0
4067 notice Changelog: https://github.com/npm/cli/releases/tag/v11.15.0
4067 notice To update run: npm install -g npm@11.15.0
4067 notice  { force: true, [Symbol(proc-log.meta)]: true }
4068 verbose exit 0
4069 info ok
